-0.04395266,0.2035526
-0.18794283,-0.8517553
-0.09029148,0.9008097
-0.19184285,-0.8393985
-0.102936395,0.901366
-0.089706466,-0.82393336
-0.065686904,0.879078
-0.16384646,0.35747966
0.0203991,0.59695417
-0.09026045,0.9054424
-0.11175643,0.885269
0.14647798,-0.57331145
-0.09346657,-0.85735714
-0.008607525,-0.8380012
-0.089864366,0.9027827
0.029858988,0.13940631
-0.06501371,0.89173573
-0.09731813,0.8986857
-0.10779558,0.90453017
0.040286735,-0.046109855
-0.020867601,0.7446545
0.12404367,-0.30179304
0.027065435,0.14478824
-0.17436604,-0.09606584
-0.13918683,-0.8521897
-0.19562982,-0.8430496
-0.097137675,0.89681894
0.034906037,-0.17117654
-0.075543106,-0.47112423
-0.08840451,0.8985344
-0.090404466,0.8957026
-0.062450755,0.8619032
-0.084728755,0.8056575
-0.059647996,0.8990204
-0.050408866,-0.8116006
-0.12637022,0.90220296
-0.10124292,0.9059157
-0.09678139,0.7470047
-0.24443367,-0.8192474
-0.06976563,0.85324645
-0.09484493,0.901886
-0.112406574,-0.86280745
-0.29706004,0.17192508
0.12420302,-0.63658696
-0.10574638,0.8988497
-0.11189634,-0.8669952
-0.08614784,0.85221523
-0.08009008,0.90181243
-0.18597949,0.10427427
-0.10604589,0.89578307
0.02580016,-0.45924458
-0.17902432,-0.833669
-0.09086882,0.7440041
0.18749179,-0.20953208
-0.08061375,0.9044926
-0.07141032,0.8899593
-0.062429164,0.88285863
-0.104793645,-0.8680236
-0.10155927,0.90323603
-0.083153896,-0.8711667
-0.10911139,0.8991297
-0.07948085,-0.87697446
-0.081335954,-0.8662416
-0.109690286,-0.8644285
-0.009721368,0.109484926
-0.07631187,0.43497005
0.00951232,0.05729769
-0.06885317,-0.6884674
0.11528854,-0.5257192
-0.05416079,0.28460434
-0.030212613,0.6850432
-0.04908619,0.81705487
-0.22304463,-0.80930704
-0.07107665,0.89193636
-0.25563896,-0.81920743
-0.2685169,-0.809515
-0.09515585,0.89055413
-0.07500478,0.8599762
-0.09483919,0.8885364
-0.08921906,-0.8697799
-0.03719877,-0.8248537
-0.029358154,-0.75843453
-0.16718386,-0.82070696
-0.06827462,0.8773951
0.026447069,0.1939364
-0.043584716,0.12376081
-0.079730034,0.89973354
-0.04910402,0.60822487
-0.10153091,0.9031063
-0.0069207163,0.15442885
0.06030028,-0.27285138
-0.100016326,0.8988015
0.11919209,0.022383975
-0.0035364528,0.33682278
-0.04598418,0.22089113
-0.116718255,-0.86378473
-0.17650881,-0.84208953
-0.026254678,-0.734812
-0.06874502,0.88015264
-0.09060788,0.9026859
-0.13348119,-0.86787623
-0.12366662,0.8991197
-0.17897494,-0.84733963
-0.14127113,-0.8521631
-0.0736805,0.88664824
-0.117054015,0.49370223
-0.10242946,0.9017713
-0.028797122,0.6320118
-0.074974045,0.8967716
-0.13572949,-0.85464054
0.089875504,-0.68196595
-0.11179962,0.9064615
0.008546836,0.1261596
-0.089373566,0.90209436
0.043569513,-0.25688735
-0.07110496,0.22749506
-0.07445849,0.8967448
-0.2923932,-0.78658354
0.029585466,-0.37807068
0.1779452,-0.59287685
-0.086528555,0.7780044
-0.08185548,0.73630923
-0.09379777,0.9030547
-0.09699738,0.88957864
-0.0707235,0.8788811
-0.098351665,0.8964325
-0.08607392,0.8724767
-0.06789932,-0.87672687
-0.07696151,0.88573205
-0.12223451,-0.8623434
-0.044007573,0.817713
-0.08072772,0.90207255
-0.27050874,-0.7936815
-0.1119511,0.90223193
-0.14816293,-0.31912094
-0.2386929,-0.8103788
-0.11275567,0.90316314
-0.09872388,0.8997169
-0.07504685,0.8820352
-0.19072773,-0.8431028
-0.06881876,0.8960758
-0.2506837,-0.8232717
-0.07720798,-0.8647399
-0.12325684,-0.8314735
-0.08124428,-0.87450457
-0.08165775,0.89656436
-0.13847858,-0.8484106
-0.016812513,0.089306355
-0.022111181,-0.8078226
-0.15816359,-0.7180199
-0.08611489,0.6712865
0.049350284,-0.46191564
-0.1770624,-0.80309266
-0.09272639,-0.8721413
-0.2568859,-0.81865174
0.022104993,-0.15950654
-0.03811111,0.13452764
-0.09342236,0.41291103
-0.22653782,-0.8255648
-0.09985305,0.90075505
-0.19888438,-0.7819459
-0.20747699,-0.82487124
0.10951651,-0.67912215
-0.28408635,-0.79958594
-0.008954973,-0.025447946
0.013967278,0.11680841
-0.11903764,-0.8556341
-0.08905851,0.15912423
-0.088345006,0.8589782
-0.096204,-0.868469
-0.104091376,-0.8430955
-0.06779847,0.8886639
-0.0637778,0.80766493
-0.12823102,-0.83707505
-0.24498203,-0.80240244
-0.023090493,0.036528606
-0.04613011,0.19731945
-0.117808,0.86393726
-0.13114771,-0.8558106
-0.08656348,0.9004573
-0.046954315,0.79864424
-0.12596455,-0.85427535
-0.07260971,0.8840158
-0.16029818,-0.8519721
-0.17801753,-0.84385467
0.039803978,0.04312281
-0.0969496,0.904311
-0.16888718,-0.84704393
0.039366476,0.07336637
0.011230423,-0.8042785
-0.100955725,0.9038477
-0.07935913,0.2635812
-0.23574659,-0.76985705
-0.19917053,-0.80548465
-0.083625495,-0.8737442
-0.053091075,0.86540574
-0.07472936,0.89036363
-0.04477301,-0.85100186
0.19531737,-0.026960982
-0.038417112,0.17531724
0.033625446,0.048010405
-0.081945166,0.62187684
-0.10841439,0.9037761
-0.08801624,0.9016621
-0.10091588,0.9023404
-0.103818506,-0.8540862
0.04216362,0.33714443
-0.07785079,0.8987695
-0.06928716,0.8927378
-0.012545619,0.35675663
-0.09981751,0.8965195
-0.07956262,0.90409887
-0.10448428,-0.86303973
-0.08832711,0.8989345
-0.105721384,-0.8645862
-0.13906838,-0.8524195
-0.057147425,0.2856604
-0.17141369,-0.84244186
-0.072599135,0.8575065
-0.07182749,0.87877387
-0.101130515,-0.6226565
-0.15225649,-0.862429
-0.09143613,0.908403
-0.17507668,-0.84553593
-0.03672996,-0.869001
-0.100152194,0.88116664
-0.20829974,-0.7753605
-0.22532588,-0.8266594
-0.040178142,-0.87786055
-0.15616377,-0.055566728
-0.065282516,0.8876552
-0.06652794,0.8783795
-0.11281717,-0.8572782
-0.087220356,0.89444506
-0.026637763,0.15703058
-0.26683936,-0.8078868
-0.10427316,-0.87118787
-0.07202853,0.8980888
-0.013141126,-0.6388116
-0.18646003,-0.8449193
-0.079620935,0.8221589
-0.08826465,0.8973148
-0.06960725,0.33883697
-0.074463196,-0.8711777
-0.062217332,0.86587274
-0.1717048,-0.845183
-0.08894453,-0.87170315
-0.17786331,-0.84349227
-0.010533474,0.10086607
-0.011494512,-0.82533765
-0.21912318,-0.8178656
-0.084959745,-0.8712071
-0.06737038,0.8954991
-0.11460468,0.89577764
-0.087797605,0.8911119
-0.14037955,-0.8503499
-0.106940635,0.90045637
0.12049763,-0.7375384
-0.08619508,0.9053689
-0.05497077,0.8617734
-0.030287614,-0.7263209
0.063988544,-0.048341773
-0.086625166,0.89798856
0.12356574,-0.25385466
-0.088183545,0.8734134
-0.035823394,-0.8597167
-0.096495196,0.905003
0.05798248,-0.55396837
-0.20544681,-0.8398143
-0.09340171,0.8985241
0.02664897,-0.2693979
-0.06258156,0.8618752
-0.08037242,0.86568016
-0.10962384,0.89613754
-0.092961386,-0.81030244
-0.043646533,-0.8501701
-0.1076497,0.8902681
-0.10911554,-0.84765893
-0.26874295,-0.809532
0.028669061,-0.087421514
-0.13520862,-0.85600585
-0.114163734,-0.8683515
-0.064819574,0.8905107
-0.059687052,-0.870089
0.012825656,-0.79867846
-0.07216718,-0.8016903
-0.04727359,0.82270527
0.025432503,-0.06832328
-0.071848944,-0.8651243
-0.09781475,0.8675432
-0.12983562,-0.8545923
0.07542084,-0.63772345
-0.06668825,0.89385444
-0.09383425,0.8987313
-0.047222503,0.8567499
-0.0853277,0.89629215
-0.10278789,0.90615135
-0.099931255,0.8186589
-0.10018267,0.9054707
-0.26707664,-0.81417733
-0.13920306,-0.86283094
-0.089727655,0.8967693
-0.08467006,0.8824552
-0.19327454,-0.8326365
-0.062488064,0.8446037
-0.08191772,0.89454323
-0.06044395,0.8709742
-0.10109979,0.8904904
0.0051213857,0.0729295
-0.0926372,0.8817822
-0.14853418,-0.8521719
0.026273698,0.06947028
-0.08930155,0.87046176
-0.17196862,-0.8543539
-0.09662286,0.28410134
0.052809995,0.11786843
-0.09089716,0.89701223
-0.0879122,0.8706098
-0.0700414,0.89401466
0.07741772,0.05501567
-0.10255802,0.8939178
0.105369434,-0.55970556
-0.058514174,0.87207496
-0.08418529,0.87538666
-0.13946572,-0.85626405
-0.07235371,-0.8258482
-0.09796467,0.9028617
0.0017445919,0.34939864
-0.24284197,-0.8099496
-0.124085866,0.90076655
-0.050163325,0.8132791
-0.20687917,-0.55485946
0.0057902876,0.12423371
0.1785462,-0.5891059
-0.16331898,-0.8471453
-0.1051891,0.89508146
-0.071010895,0.80201524
-0.09562259,0.90459776
-0.09426102,-0.85850304
-0.11648082,-0.86538756
-0.13878083,-0.85625273
-0.08796322,0.8974315
-0.02744209,-0.84174514
-0.26354462,-0.81553316
-0.07803237,0.8885283
-0.05185661,-0.8790181
-0.2777844,-0.7963471
-0.19298756,-0.83300275
-0.27104148,-0.8054812
-0.10393142,-0.8671311
-0.0054327548,0.099551715
0.023730105,-0.4552987
-0.13943069,-0.85217947
-0.070729524,0.8526177
-0.019433858,0.2545813
-0.095732145,0.89935076
-0.18226102,-0.7701138
-0.09297489,-0.8700872
-0.06577373,0.8881025
-0.07911328,0.89664257
-0.11743952,-0.86392707
-0.12494956,-0.8619758
0.116280206,-0.63591355
-0.08588365,0.9027716
0.029311098,-0.5526022
-0.16208918,-0.85698843
-0.006452727,-0.18667783
0.035883624,0.08775706
0.018288484,-0.50957036
-0.06331773,0.7737971
-0.065465614,0.89157087
-0.12080495,-0.8629441
0.09346282,-0.20148213
-0.2080188,-0.8441427
-0.078071296,-0.8565348
-0.09078779,0.16481604
-0.008027606,0.12308533
-0.012599047,0.21126427
-0.06748758,0.67755604
-0.15566273,-0.85284346
-0.109660245,-0.8708645
0.1532283,-0.6141221
-0.046331305,0.22088161
-0.07735867,0.8964384
0.014440369,0.14864631
-0.017287731,-0.8585352
-0.09600172,0.89546406
-0.15968618,-0.84061277
-0.073874034,-0.88066185
0.00090301625,-0.25982577
0.1369759,-0.29960325
-0.0777212,0.8858001
-0.026488688,-0.85938406
-0.09448392,0.90287685
-0.06806208,-0.86885166
-0.092552,0.8999462
-0.07059931,0.25766852
-0.08486209,0.30586863
-0.07464402,-0.8643538
-0.06379114,0.8147755
-0.09117406,-0.8582393
-0.092928454,-0.15836266
-0.24290714,-0.8264346
0.09303505,-0.13730522
-0.012078723,0.03227858
0.16725029,-0.28502744
-0.085396916,0.8891576
-0.16452408,-0.7559998
-0.10905554,-0.86664706
-0.1875811,-0.72122973
-0.119950995,-0.8606937
-0.06708639,0.89450306
-0.08647378,-0.85442936
-0.087782,0.7298597
-0.11250712,-0.8574705
0.12446081,-0.5066838
-0.24111378,-0.7727345
-0.20481873,-0.56021345
-0.1767653,-0.62187845
-0.0722807,-0.87335795
-0.11679215,0.90147513
-0.07010801,0.88193667
-0.14437129,-0.81069064
-0.045663036,0.2766353
-0.05205507,0.84397286
-0.07016633,0.6870323
-0.09098284,-0.8531646
-0.17379564,-0.839025
-0.11794503,-0.8685373
-0.0052447743,0.16590023
0.008446789,0.08320303
-0.04745907,0.83271813
-0.08124194,-0.84523547
-0.09498905,0.8911304
-0.23971142,-0.78002495
-0.13967738,-0.8526944
-0.19233237,-0.8336465
0.014314394,0.11483527
0.011942484,-0.02031963
-0.19210267,-0.8167346
-0.10655206,0.84489715
-0.087792225,0.7629003
-0.16930929,0.24644044
-0.047476612,0.87523943
-0.25381258,-0.81575024
-0.109092265,0.90381664
-0.020835701,-0.8439713
-0.0026289748,-0.7866317
-0.010847958,0.11323089
-0.10004565,0.9015683
0.12573908,-0.09366934
-0.29584622,-0.79064643
-0.29268435,0.057942126
-0.10994958,-0.8710949
-0.15080722,-0.8575047
-0.07379092,0.8971128
-0.07586778,0.89656776
-0.23160733,-0.8204583
-0.2885138,-0.79504126
-0.12800503,-0.8666898
-0.091191776,0.90459675
-0.27203405,-0.80946094
-0.037066538,-0.09408515
-0.18849374,-0.79632807
-0.019039044,-0.79547477
-0.25364327,-0.7907551
-0.119348235,0.326507
-0.033362404,0.7856811
-0.15198915,-0.85547745
0.08501334,-0.076005496
-0.07930573,-0.87168366
-0.20096739,-0.81382096
-0.024534674,-0.8660476
0.02857043,0.26740623
0.05694278,0.034646973
-0.012675967,-0.061008055
-0.21432045,-0.8289025
-0.097661205,0.90427387
-0.06830346,-0.6735918
-0.15397033,0.40358672
-0.24908824,-0.8032498
-0.12684682,-0.8633715
-0.2798733,-0.78020966
-0.25598443,-0.8244325
-0.09169951,0.7480896
-0.26352492,-0.8095019
-0.08656295,0.6899765
-0.1471247,-0.85030884
-0.15767363,-0.8588735
-0.28986558,-0.80770004
-0.11123423,0.9004439
-0.1082944,0.89754754
-0.06217726,0.8816003
-0.09114143,-0.8516579
-0.03849115,-0.873557
-0.053174272,0.75467473
-0.13081075,0.66433614
0.0,0.0
-0.15838829,-0.85733217
-0.00090164255,0.10099758
-0.1896457,-0.8294173
-0.016520675,-0.827768
-0.27998328,-0.7970125
-0.10457795,0.90106845
-0.09011566,0.84588856
0.06937825,0.08284663
0.004672871,0.10792411
-0.0930606,0.8999551
-0.07789748,0.8392951
-0.062097326,-0.87609774
-0.10340951,-0.8698828
-0.00085583003,-0.80480444
-0.045648288,0.27545083
-0.082003206,0.17025027
-0.073631525,-0.87321454
-0.02695048,0.112874456
-0.07591909,0.8811394
-0.29473594,-0.7978247
-0.14930166,-0.8643812
-0.09021376,-0.86578965
-0.09370892,0.8999194
-0.17821983,-0.8429606
-0.08806186,0.86163044
-0.075859986,0.21470767
0.010279493,-0.84981114
-0.15648466,-0.03636912
-0.07766864,-0.377417
-0.090318106,0.90137213
-0.17709827,-0.82966447
0.08303683,-0.4456764
0.085899636,-0.0006072822
-0.23429157,-0.79686344
0.061153058,-0.6881122
-0.046215992,0.09659521
-0.2472217,-0.8117071
-0.09745504,-0.87206715
-0.067912124,0.89552486
-0.23710889,-0.83089215
-0.09247005,0.90037465
-0.012638607,0.31500512
-0.008795515,0.11823387
-0.27652588,-0.060603928
-0.10251684,0.8678804
-0.092690066,-0.8748807
0.06734828,-0.31550768
-0.073012054,0.88906807
-0.07554808,0.88416034
-0.10863987,0.9051863
-0.25394252,-0.79802424
-0.12636535,-0.8668704
-0.29148266,-0.78964883
0.016045615,0.28366947
-0.13542143,-0.85959333
-0.05832791,0.51657283
-0.16228192,-0.85230356
-0.17003089,-0.8567482
-0.25269392,-0.012563644
-0.24912097,-0.8015077
0.066873185,-0.54021114
-0.12351473,-0.82326233
-0.07474239,-0.83257085
-0.0063095144,-0.8435675
-0.104922704,-0.84904164
-0.0946046,0.89757115
-0.07533863,0.8845532
-0.05683386,0.80759794
-0.14939848,0.26020092
-0.1501056,-0.85931545
0.11644438,-0.4910762
-0.03160685,0.18978724
0.0015208434,-0.64346045
-0.08542232,0.26156464
-0.15355599,-0.8557661
-0.016223768,-0.86106133
-0.0772019,0.89870393
-0.1663748,-0.85215336
-0.22849703,-0.82791775
-0.13234091,0.34209612
0.08601614,-0.3288862
-0.13937555,-0.85660255
-0.16432625,-0.84479046
-0.08497455,0.8912834
-0.040205795,0.20014888
0.020371744,-0.82071793
-0.033439677,-0.52630854
-0.2072709,-0.8373105
-0.26712164,-0.8148801
0.10570553,-0.3169892
-0.11204484,0.9010031
-0.20747472,-0.839975
0.059683286,-0.08662821
0.10672685,-0.4459024
-0.08056814,0.053200282
-0.2929741,-0.80142516
0.16818959,-0.11331305
-0.049393546,-0.87489665
-0.26948166,-0.80709547
-0.11106003,0.35699105
-0.035381068,0.63164806
-0.07313056,-0.2993199
-0.032092933,-0.8563763
-0.007987125,0.016480017
-0.14409351,-0.85068005
-0.054201525,0.79617494
-0.010749373,-0.83386415
-0.10791123,-0.87347215
-0.10061738,-0.87299734
-0.2793993,0.0050299997
-0.17107551,-0.8157488
-0.07628282,0.8964353
0.01929768,-0.09488274
-0.13316227,-0.19951378
0.10239352,-0.62146115
-0.11761143,0.90124947
-0.2327958,0.08132728
-0.08451927,0.8931952
0.035352226,0.31645122
-0.035394643,0.30016553
-0.08505605,0.8967306
-0.10902101,0.9046537
-0.14378576,-0.86286986
-0.07900702,0.570478
-0.29864115,-0.7895836
-0.09321276,0.89822656
0.037680216,-0.35947612
-0.036332257,0.34663308
-0.018353842,-0.81731325
-0.052718177,-0.5316985
0.058424406,-0.290241
0.0956273,-0.503906
0.014624723,-0.14450984
-0.05200098,0.24341737
-0.120199464,0.2126984
-0.048617855,0.4901792
-0.13407917,-0.8556037
-0.14250751,-0.8348897
-0.1841253,0.12075736
-0.084001355,-0.8718255
-0.0245181,-0.8709286
-0.07556003,0.89200246
-0.17049798,-0.20942967
0.060481787,0.04026864
-0.06476746,0.8651611
0.047721922,-0.6138183
-0.25229853,-0.8105821
-0.0025132862,-0.8302113
-0.08730788,-0.36795163
0.118989795,-0.714955
-0.105945066,-0.8332331
-0.17116788,-0.8580116
-0.08487829,0.8952971
-0.029600803,-0.8071153
-0.014604744,-0.7479242
-0.10445771,-0.8719023
-0.10783631,0.902078
-0.10739299,0.8993945
-0.28831086,-0.7990105
-0.1448944,-0.8539249
-0.035377298,-0.61524135
-0.24920572,-0.821025
-0.08723537,-0.87413555
-0.007824679,-0.8494744
-0.23458903,-0.81879747
-0.105699316,0.82405025
-0.12716758,-0.85684514
-0.104459435,-0.36470252
0.055918228,-0.09898153
-0.0838988,0.8983384
-0.10522289,0.89919156
-0.0889795,0.8925607
-0.09521487,0.559617
-0.048398174,-0.86917067
-0.1999385,-0.80298233
-0.07654306,0.88475025
-0.054266643,0.8763703
-0.27829766,-0.7920499
-0.07248418,0.2366326
-0.19872114,-0.8105046
-0.08106219,-0.8795685
-0.069909856,0.7220673
-0.06380198,0.80314165
-0.10173665,0.8962745
-0.06646804,0.87512904
-0.11106446,0.87886095
-0.054773107,-0.37134674
-0.08770701,0.89437443
-0.23471585,-0.76689065
-0.1365447,-0.8622677
-0.083689384,0.88303673
0.0016650062,-0.039441172
0.09191178,-0.78340584
-0.20121615,-0.83017176
-0.172664,-0.8532221
-0.076420374,-0.8787357
-0.07896928,-0.8742059
-0.08215865,-0.8507565
0.06359875,-0.5835066
-0.25178662,-0.8179523
-0.08670028,-0.8684883
0.0110957,0.049378335
-0.11043441,-0.8370973
-0.020783436,-0.04898714
-0.104853936,-0.87232536
-0.11250392,0.90170515
-0.08324261,0.894008
-0.07536961,-0.8750614
-0.07967655,-0.8714206
-0.254299,-0.8083259
-0.07440216,0.88416463
0.04900129,-0.72980255
-0.07477386,0.8939456
-0.13749284,-0.85188293
-0.083345614,0.9023213
-0.078368515,0.38549176
-0.08162954,0.90132135
-0.28962037,0.027203629
-0.21864721,-0.8249387
0.09867935,-0.14840065
-0.023009082,0.12757039
-0.10069289,0.9037349
0.09061756,-0.009659727
-0.10533477,-0.87385744
-0.094003245,-0.87270254
-0.02429746,-0.07359633
-0.062641546,0.8566216
-0.18012716,-0.7809433
-0.09098428,0.9012485
-0.051561374,0.86849326
0.14100379,-0.29810786
-0.050307408,0.86281806
-0.091539785,0.90253437
-0.07423325,0.8854121
-0.12312332,-0.86581296
-0.08165532,0.8957386
-0.09680642,0.90449685
-0.24688926,-0.7981786
-0.24627681,-0.8140449
-0.057099514,0.02445348
-0.31705374,-0.7799113
-0.2234104,-0.83548135
0.038374078,-0.8296742
-0.094305776,0.8956281
-0.12363762,-0.8614257
0.019173589,0.19572622
-0.1168456,-0.84477407
-0.18930057,-0.839564
-0.27267748,-0.7346369
-0.06988045,0.8953329
-0.08948459,-0.849866
-0.2552883,-0.81333196
-0.090093955,0.6655936
-0.09364419,0.9030775
-0.037530888,-0.8725029
-0.10653341,-0.86993414
-0.06559955,-0.83253485
-0.05224972,0.723642
0.061667062,-0.6633748
0.0086617125,0.15729772
-0.24886252,-0.8037428
-0.10960308,0.38506812
-0.29126173,-0.79608095
-0.23351844,-0.82086766
0.03387221,-0.48159173
-0.007815751,0.22672392
-0.07765329,-0.8687376
-0.20741759,-0.8297119
-0.30730122,-0.7860363
-0.112024784,-0.86168015
-0.15996079,-0.85467696
-0.11550413,0.8984793
-0.08357513,0.3462961
0.014172511,0.15895885
0.004696286,-0.8335304
-0.15160869,-0.8571056
-0.25662547,-0.81375074
-0.091166206,0.90041435
-0.10233294,0.90107673
-0.059331898,0.8795325
-0.09208901,0.89833504
-0.07529862,0.81626296
-0.10216084,0.90225387
-0.021769179,-0.8772989
-0.15469854,-0.8506017
-0.113583714,-0.865024
-0.2768509,-0.8061485
-0.10731389,0.9046108
-0.06500464,0.8754668
-0.16199304,-0.8418422
-0.11019814,-0.85019976
-0.15762362,-0.8519318
-0.08009632,-0.878275
-0.18732174,-0.8260895
-0.11092355,0.9055033
-0.08887774,0.22877039
-0.29802406,-0.7879255
-0.10503293,-0.8689448
0.15900016,-0.39545017
0.13005991,-0.5343331
-0.045305014,0.86361253
-0.1756722,-0.85167676
-0.20223638,0.23199768
-0.1508186,-0.14796288
-0.0962416,0.89606816
-0.10505128,-0.8560102
-0.08172056,-0.8042919
0.024235627,0.05202332
0.0054431553,-0.75191516
-0.036490053,0.7461379
-0.00575702,-0.8397997
-0.07561697,0.87188774
0.014857379,-0.79437673
-0.1311435,-0.8591264
0.0108158775,-0.8459041
-0.08714338,0.8883767
-0.10617839,0.89880884
-0.3383174,-0.7746015
-0.08438979,0.895265
-0.061862335,0.7507608
-0.10195871,0.89942443
-0.057611946,0.6020316
0.025705615,-0.797269
-0.014351964,-0.8512672
-0.11096349,-0.8491276
-0.011981468,0.028888956
-0.25809616,-0.81465936
-0.087059624,-0.8602023
-0.041950688,0.17386007
-0.07359505,0.8948091
-0.051786594,-0.87236917
-0.06320069,0.3150855
-0.09390219,0.9016084
-0.17260629,-0.8232805
-0.27875254,-0.8078387
-0.10156948,0.89885473
-0.13827313,-0.77485585
-0.20607951,-0.81186223
-0.08784316,0.6971307
-0.11557191,0.89820933
-0.074201606,0.89051294
-0.10470462,0.8995585
0.035748255,-0.026852781
-0.088019386,0.89607483
-0.08773816,0.89496756
-0.1635291,-0.8550892
0.041541502,-0.106106095
-0.10684565,0.7462388
-0.093520194,-0.8612828
-0.009742391,0.14909843
-0.060935467,0.88004565
-0.06464696,0.87133133
-0.07840834,-0.87436485
0.0020782473,0.11063817
-0.03389848,0.29731074
-0.069840625,0.90311855
-0.044193733,0.7670649
0.026119536,-0.8118239
-0.101118214,0.89706093
-0.21418267,-0.7946973
-0.09528051,0.89247143
-0.08572225,0.90086097
-0.2429499,-0.8239631
-0.21445772,-0.8304263
-0.054845616,-0.8400725
-0.12256253,-0.86589164
-0.11529919,-0.8542511
-0.096260056,-0.8651737
-0.066442445,0.85162824
-0.067222096,0.15099892
-0.043458115,0.7631973
-0.064202584,0.883928
-0.044386316,0.15282181
-0.11439224,0.8995973
-0.14561875,-0.85990715
-0.09375969,0.90054613
-0.16680358,-0.809239
-0.114086665,-0.8611558
-0.059127867,0.83603805
-0.11497035,-0.87403107
-0.023897322,0.27454117
0.17726868,-0.41157457
-0.082863644,0.8958809
-0.018006934,0.66434073
-0.12094955,0.9007133
-0.073206246,0.8907244
-0.10875886,-0.86927265
0.0992375,-0.2982254
-0.015031401,0.24894956
-0.16668364,-0.8540467
-0.1499247,-0.83082765
-0.08303201,-0.8725048
-0.24227814,-0.089265324
0.10152547,-0.36722818
-0.01696114,0.29083884
-0.09645602,0.7099172
-0.2090165,-0.84009194
-0.19106846,-0.8390242
-0.21042415,-0.8240838
-0.08968039,0.8898365
-0.08758242,0.89639384
-0.16337614,-0.8301757
-0.06602067,0.6409875
-0.073101416,0.86931145
-0.09662763,0.89575136
-0.2547017,-0.8204445
0.14673394,-0.03804239
0.027467681,-0.32783163
0.106756374,0.049606174
0.0740638,-0.0019467613
-0.28415516,-0.77462
-0.03478986,0.25600216
-0.082091965,-0.8223687
-0.00905176,-0.7390738
-0.09006956,-0.8497289
-0.08936903,0.9027229
-0.27886468,-0.80939204
-0.09864739,-0.8574715
-0.106810175,-0.8664315
-0.10937292,0.90036803
-0.1468285,-0.8488543
-0.3384851,-0.7798925
-0.10639196,0.9017679
0.092291035,-0.54337317
-0.010451503,0.12092302
-0.0451262,0.23170778
-0.08322501,0.89323646
-0.19355433,-0.8494198
-0.092889495,0.90194464
-0.07223873,0.89278156
-0.12824126,-0.8654132
-0.06234518,0.3481592
-0.1180935,-0.8646028
-0.016259039,-0.7685343
-0.03128911,-0.8493
-0.06856695,0.8866626
-0.06952022,0.896879
-0.084505074,0.89834434
-0.058057573,-0.8735502
-0.26424164,-0.8002766
-0.068487085,-0.8183009
-0.103488505,0.9020922
0.072026074,-0.55598116
-0.10488297,0.9062127
-0.09040337,-0.84040165
-0.08507538,0.8971548
-0.07910648,0.9021445
-0.27377462,-0.8161021
-0.26315412,-0.80522364
-0.087891124,0.29761937
-0.107330516,0.90266347
-0.06997687,-0.86018884
-0.22806622,-0.82438356
-0.09196139,0.899586
-0.026506523,0.10926411
-0.089518264,0.8726662
-0.10085086,-0.86809886
-0.09612543,0.89997494
-0.038421072,0.5629521
-0.08005265,0.88551986
-0.110849485,0.9019522
-0.054187182,0.2382132
-0.2883934,-0.7907036
-0.1398544,-0.04412323
0.07444805,-0.09436136
-0.100198545,0.9005664
-0.061488613,0.880229
-0.061034024,0.17583856
-0.07679472,0.8296035
-0.019236939,-0.71669143
-0.08324563,0.90330774
-0.1061624,-0.86933124
-0.09374631,0.9034708
-0.10444076,0.9033617
-0.07810758,0.25684735
-0.088879004,0.9023595
-0.04458702,0.13072598
-0.066755034,0.80796325
-0.08028419,0.8994825
-0.08217734,0.8976702
-0.085353486,-0.83304334
-0.061897807,0.88504213
-0.2515536,-0.81774944
-0.120445326,-0.86048645
-0.088140644,0.88719046
-0.09775277,-0.8704865
-0.10615706,0.8905151
-0.08707833,0.90169936
-0.2278202,-0.807726
-0.06448044,-0.8766794
-0.052789327,-0.85408133
-0.06534679,0.6787379
-0.25075614,-0.79377335
-0.12047498,-0.8729802
-0.24020794,-0.8265303
0.02503312,0.09277982
-0.0340938,0.25453103
-0.046702616,0.042964943
-0.09904588,-0.86835635
0.09185086,-0.7838038
-0.078192756,0.88808507
-0.041462533,0.12644953
-0.07778762,0.8972832
-0.08772929,-0.8478258
-0.09044043,-0.8668221
-0.08438468,0.90336025
-0.06636451,0.87344295
-0.10020447,0.8991212
-0.15552641,-0.85146415
-0.081670135,0.89343053
-0.06711127,0.20395346
-0.088796504,0.9053082
-0.2423361,-0.8240873
-0.067854635,-0.85990345
-0.0756437,0.7468334
0.05664104,-0.76588476
-0.30912375,-0.7712185
-0.110781536,-0.86729974
-0.18580872,-0.8372778
-0.020862507,-0.87506056
-0.08300213,0.9008172
-0.09726302,-0.8454635
-0.13799264,-0.8469296
-0.023103647,0.049044725
-0.09181493,-0.27291155
0.041463967,0.09076201
-0.07656868,0.89722615
-0.091859065,0.8582506
-0.08921601,0.9046717
-0.22660139,-0.82957464
-0.07600843,0.8881083
-0.095717795,0.8979784
-0.06451166,0.8680184
-0.08385495,0.8805326
-0.13168335,-0.8528029
-0.109156996,-0.85877365
0.029621433,0.00315515
-0.07278541,0.8924588
-0.0014844277,0.17940016
0.13509396,-0.17418835
-0.2575583,-0.81811017
-0.07524438,0.89948976
0.0021630938,-0.8466481
-0.07727032,0.89537656
-0.09422981,0.85313624
-0.15717925,-0.8532448
-0.022036145,0.3851362
-0.15875554,-0.85193056
-0.047521353,-0.027110746
-0.1142056,0.89203113
0.008291688,-0.81259835
-0.099571474,0.90696687
-0.12842001,-0.8428112
-0.09478329,0.8994593
-0.25884873,-0.8086774
-0.0393858,0.8480113
-0.051362816,0.8660403
-0.07990086,0.057776853
-0.07270454,0.6178667
-0.175192,-0.8437496
-0.108750194,0.9050076
-0.06545018,0.8572985
0.08154598,-0.04313072
-0.06817575,0.8688578
-0.0744083,-0.87481433
-0.07252857,0.8765227
-0.074286096,0.78677136
0.044225384,0.48428488
-0.03192441,0.82268906
-0.101013035,0.88423294
-0.069322295,0.8944979
-0.07589471,0.89838105
-0.24407801,-0.8223984
-0.04467685,0.182817
-0.099847004,0.9032456
-0.2636165,-0.8038235
0.080464385,-0.7171993
0.10012195,-0.59901124
-0.09182455,0.9001248
-0.08954215,0.9005107
-0.068597585,-0.87418604
0.16972978,-0.5690888
0.086319864,-0.4851108
-0.24425204,-0.81541663
-0.23383471,-0.8254399
-0.10827771,0.8985187
-0.12899873,-0.8704376
-0.09275411,0.9025857
-0.084767826,0.90250707
-0.028272968,-0.86605906
-0.09953191,-0.8638445
-0.032282177,0.027984805
-0.2832971,-0.7993102
0.09837169,-0.010329905
-0.09834943,0.89757824
-0.08604492,0.8920436
-0.06732496,0.8928955
0.025700904,0.16584216
-0.24444911,-0.8188448
-0.07104033,-0.86783403
-0.08738329,0.89568484
-0.11235211,-0.849805
-0.07858999,0.90311366
-0.05770224,-0.8485715
-0.087329246,-0.8681047
-0.0789031,-0.87105143
-0.12996472,-0.7905928
-0.08607107,0.89730155
-0.09488899,0.9024036
-0.07165677,-0.8755412
-0.11062553,0.40474835
0.011869634,0.1482247
0.013855425,0.08759777
-0.074732274,-0.8501292
-0.073351815,0.8920974
-0.07480342,0.8267802
-0.05171999,-0.85641456
-0.09219848,0.69007796
-0.092789665,0.8946247
0.06285963,0.042252343
-0.0053929593,0.14188476
-0.27083007,-0.8131328
-0.094073035,0.8667884
-0.11683184,-0.86177564
-0.08513524,0.83875346
-0.17112188,-0.83805114
0.030825052,0.17473763
0.051298328,-0.024032734
-0.19361143,-0.12369712
-0.1493959,-0.8527124
0.035341494,-0.0148725575
-0.03827305,-0.8804677
0.042591114,0.028552324
-0.050218586,-0.8759748
-0.06867217,0.8979861
-0.15035231,-0.8616257
-0.09396835,0.9023228
-0.08400712,0.84687304
-0.058761142,-0.33174932
-0.2689588,-0.8172391
-0.07109096,0.89770275
0.00941038,-0.5806243
-0.07521664,0.8941393
-0.100754574,0.8967133
-0.0944883,0.8984294
-0.087701544,0.32636747
-0.18354972,-0.8390668
0.014935407,-0.74679726
-0.10222637,-0.87408113
-0.10982936,0.900062
0.08562918,-0.7643258
-0.03566604,0.22724271
-0.052965034,0.21005483
-0.18850146,-0.841569
-0.12376537,-0.8615325
-0.061709397,0.8678914
-0.061757743,-0.8259136
-0.07532775,-0.8748453
-0.07941834,0.8937795
-0.09574269,0.8967283
-0.08230337,0.89390874
-0.1349493,-0.8661862
-0.04121305,0.7750231
-0.12072617,0.89868456
-0.012444653,-0.8616112
-0.047196053,-0.8654379
-0.08081761,0.7659368
-0.13895781,0.33483487
-0.04933642,-0.86109734
-0.10594637,0.900579
-0.09644162,0.89262176
-0.12376576,-0.8655685
-0.08434128,0.8990146
-0.10185195,0.9055993
-0.018877441,0.2048721
-0.032161176,-0.87137455
-0.10237837,-0.86702645
-0.089653276,0.8978902
-0.092231564,0.7721022
-0.11005069,-0.82473403
-0.06449741,0.8610463
-0.22805844,-0.8288511
-0.09103297,0.89340425
0.028844414,-0.7522137
-0.040040642,0.8793428
0.16272259,-0.2912348
-0.064913,0.65368676
-0.07824493,0.8992344
-0.004902105,0.08835282
-0.076994255,0.3702427
-0.26190794,-0.8194086
-0.24323714,-0.82312435
-0.13915369,-0.8348675
-0.057076626,0.86163336
-0.21572152,-0.8223644
-0.10267085,0.89764607
-0.084060594,0.89380157
-0.06865082,0.83524096
-0.077897064,0.8978179
-0.08640107,0.8951772
-0.10031029,-0.8512677
-0.08840391,0.89429665
-0.067177065,0.8469655
-0.04154048,0.85206723
-0.240793,-0.82510877
0.11610082,-0.7423139
-0.10816498,-0.85730606
-0.12022368,0.90220666
-0.0928098,0.90200216
-0.07271827,0.89412445
-0.23339438,-0.8311723
0.070765965,-0.01619799
-0.06387893,0.8746078
0.013938466,0.1254459
-0.0660561,0.84558463
-0.08520585,0.89530253
0.008389951,-0.84779435
-0.12657115,-0.8632835
-0.18260059,-0.8440254
-0.095441066,0.90557474
-0.19649573,-0.823207
-0.0154642835,0.56270164
0.1032026,-0.44640744
-0.07815995,0.8952033
-0.19319116,0.08309089
-0.049552847,0.37933338
-0.11608307,-0.85718834
-0.04388662,0.31165037
0.054361112,-0.67570275
-0.021292947,0.79471856
-0.03553792,0.18605417
0.004937144,-0.017439963
-0.07462537,0.8892932
-0.116852954,-0.8634305
-0.03224245,0.7200391
-0.096617624,-0.84432745
-0.1702089,-0.8452523
-0.04950469,-0.86766404
-0.07427811,0.8919625
-0.2725345,-0.7986924
-0.0651892,0.12601866
-0.08212028,0.904776
-0.113447994,-0.8686259
-0.09638498,0.9025615
-0.12546995,-0.854376
-0.057270303,-0.8753349
0.03886453,0.123328045
-0.23672938,-0.8254424
-0.034658022,-0.8082969
0.084673285,-0.17746256
-0.1132514,0.9004382
-0.11915444,0.64921224
0.08186245,-0.6591537
-0.24634805,-0.818847
-0.09054007,0.8994342
-0.12861447,-0.8258897
-0.0109632155,0.43507338
-0.09501994,-0.8691486
-0.05800571,-0.87361825
-0.06532324,0.75051063
-0.011253284,0.030342171
0.011097874,0.108689055
-0.072535895,0.8812481
-0.10113197,0.8908096
-0.08721119,0.90437007
-0.14464316,-0.8539447
0.013578379,0.21957375
0.029821044,0.031478677
-0.12301241,-0.8623702
-0.07809532,0.8960725
-0.07901008,0.89489275
-0.13690452,-0.839385
-0.01864498,-0.82043755
0.00964599,0.19487503
-0.09150216,0.89913255
-0.10110533,-0.8677092
-0.088483796,-0.8686551
-0.08286708,0.66120565
-0.09879286,0.8939482
0.04006707,-0.1385561
-0.23467812,-0.8156931
-0.06161463,0.8686621
-0.041300856,0.14527375
-0.095604025,0.8971084
-0.059614137,-0.8786698
-0.107250094,-0.86906886
-0.048774183,0.38643697
-0.06495014,0.844754
-0.0587073,0.8779828
-0.043454327,-0.8713695
0.003708915,0.21676373
-0.048320968,0.356513
-0.07572012,0.8699571
0.049030602,0.13067533
-0.28616974,-0.7974673
-0.09306637,0.90222317
-0.15205981,-0.8513945
-0.08910716,0.8980153
-0.07379823,0.8719359
0.050875805,-0.66012466
-0.21073484,-0.8109834
-0.0026030636,0.095189095
-0.0322154,0.34507036
-0.15466583,-0.8553686
-0.064213246,0.82998496
-0.1458055,-0.75928724
-0.018059026,0.14297113
-0.103232026,-0.8682885
-0.08763977,-0.08666197
-0.08354981,0.8995527
-0.19713734,-0.8426123
-0.08829378,0.89652044
-0.04559249,0.705798
-0.110163525,0.90490997
-0.07765909,0.89541537
-0.093919665,0.90398747
-0.08550375,0.89739585
-0.088762164,0.6453558
-0.076388955,-0.8728904
-0.056653034,0.8689749
-0.06463688,0.8185189
-0.15772125,-0.7529093
-0.122858025,-0.8697481
-0.009312551,-0.8393897
-0.07891189,0.89256215
-0.05511557,0.86233306
-0.053981345,0.21308535
-0.07572572,-0.4196734
-0.017685503,-0.59879667
-0.07948203,0.8955744
-0.13123433,-0.7577987
-0.08106901,0.87766284
-0.038057797,-0.868918
-0.084732786,0.9011392
-0.0768972,0.8896872
0.018429246,-0.26381
-0.27398473,-0.79810107
-0.17124192,-0.83181304
-0.24165031,-0.81982636
0.100969344,-0.13304088
-0.08599716,0.8845443
-0.0848807,0.8965843
-0.025180485,0.23324275
-0.09692987,0.8995568
-0.14396569,-0.862603
-0.10559924,-0.85152406
-0.2507847,-0.8204576
0.04815807,-0.76569164
-0.14004618,-0.862949
-0.06914851,0.81844443
-0.026918907,0.111322835
-0.094120085,-0.86815447
-0.10741727,0.9002662
-0.061861403,-0.8702533
-0.10254544,-0.86903596
-0.17018981,-0.8506353
-0.07398792,0.8968074
-0.24994715,-0.8238371
-0.11998776,-0.86871207
0.100821696,-0.3098294
-0.022697512,-0.8493922
-0.21002734,-0.8400439
0.07399338,-0.024672749
-0.05675938,-0.87978715
-0.05485274,0.815729
0.011204408,0.32465267
-0.08385819,-0.86593306
-0.085942484,0.9042543
-0.022430604,0.5781515
-0.06410563,0.881945
-0.1858764,-0.8213743
-0.041352063,0.35765395
0.0021012684,0.07359752
-0.09059759,-0.87256986
-0.1167463,0.66365224
-0.045116227,-0.87277216
-0.09268268,0.8969016
-0.22459063,-0.80927145
-0.034036078,0.18064775
-0.17476666,-0.84474283
-0.0031322555,0.029042713
-0.077204466,0.8885388
-0.094024844,0.8983645
-0.08550218,0.8854577
-0.08360631,-0.87427956
-0.06697417,0.17230847
-0.24198939,-0.3593905
0.0029090773,0.08334123
0.09767008,-0.09790607
-0.114177264,-0.8678268
-0.10000236,0.9020924
-0.10373138,0.8958667
-0.070730984,0.8997922
-0.081243664,0.89806044
-0.10504651,0.615788
0.040178947,0.05232399
-0.026718395,-0.043841835
-0.054566834,0.6237038
-0.08340968,0.8887544
0.10081773,-0.21194273
-0.08916949,-0.87369525
-0.1236967,-0.83594954
-0.09016866,0.3267819
-0.06260655,-0.875415
-0.08512457,0.90301406
-0.2724134,-0.81246316
-0.15856974,-0.85395336
-0.06507529,0.88447154
-1.5415853e-05,0.19072452
-0.09229252,-0.8685713
-0.059222303,0.86278594
-0.09345451,-0.87779254
-0.093320526,0.90336037
-0.18253694,-0.804911
0.12282276,-0.02297917
-0.058794294,0.8915332
-0.043427993,-0.53222895
-0.07382793,-0.86976814
-0.09497913,0.9007554
-0.099241205,0.90052086
0.005906501,-0.731796
-0.058534425,-0.7892755
-0.013764502,0.21408492
-0.19733956,-0.8393609
-0.0973555,-0.8534488
-0.10248373,0.89534384
-0.09729782,0.8949034
-0.100578785,0.9054626
-0.072073825,-0.8763441
-0.22291046,-0.83225673
-0.00228742,0.14023723
-0.10580728,0.89986825
-0.07616575,-0.8752961
-0.14913239,-0.8653782
-0.12488693,-0.84573776
0.077270515,-0.50669724
-0.039735302,-0.8696926
-0.082046896,-0.5530302
-0.098602705,0.9003261
-0.029325578,0.34711456
-0.09708951,0.9009928
-0.25186494,-0.817218
0.056517128,-0.80202293
0.053523425,0.38926467
-0.08636213,0.90647405
-0.10579951,-0.8287753
-0.21076864,-0.8152978
-0.23174334,-0.82117105
-0.07055423,0.8929502
0.07285436,-0.6773615
-0.09001522,0.8997959
-0.030904232,-0.8573465
-0.057365615,-0.84348285
-0.002036128,0.17600098
-0.08133742,0.76544297
-0.058013894,0.86463726
-0.10209345,0.8121213
-0.14360929,0.0056230524
-0.16394594,-0.85082483
-0.021038026,0.118126005
-0.09866925,0.90293944
-0.17485018,-0.8466218
-0.061802894,0.8769573
-0.044721227,0.63956046
-0.008768948,-0.82091385
-0.06645184,0.896236
-0.10195507,0.9053365
-0.09945642,0.89818835
-0.1973777,-0.79725593
-0.11466316,0.9031322
-0.25336134,-0.82207096
-0.08809291,-0.8714353
-0.17862484,-0.8260321
-0.07142601,0.8495584
-0.073354915,0.60558635
0.03321342,-0.15165426
0.03486302,-0.26736307
-0.015133113,-0.74773926
-0.03199112,0.82575107
-0.3095845,-0.7724064
-0.05083064,0.74307233
-0.0604886,-0.86999255
-0.083977655,0.8984376
-0.11712219,-0.8629972
-0.14629935,0.47772336
-0.13226925,-0.86540353
-0.02616734,0.119826585
-0.086909786,0.901442
0.03949437,-0.3670017
-0.05044932,0.81106246
-0.06490384,0.88446593
-0.09844672,0.8889568
-0.076443724,-0.870187
-0.084235504,0.88068503
-0.020983554,-0.81025
-0.28536472,-0.8143939
-0.0037293655,0.6429291
-0.065927915,-0.8679415
-0.22711132,-0.821706
-0.057372034,0.8872035
-0.14348905,-0.84566295
-0.13778064,-0.8463921
0.009145463,-0.03429664
0.05861602,-0.7684435
-0.20490989,-0.8399917
-0.074505016,0.8851115
-0.09122162,-0.873167
0.038111974,0.060275216
-0.03256564,-0.86354506
-0.08615781,-0.8751178
-0.079692215,0.89151996
-0.053215258,0.69418406
-0.11787956,-0.86722517
-0.061424397,0.8830532
-0.27416977,-0.80594915
-0.09132937,0.72778434
-0.083793946,0.5889743
0.043222554,-0.5367725
-0.1500219,-0.8552778
-0.1012003,-0.8633775
-0.1024095,-0.8725775
-0.20215242,-0.8368825
-0.11487555,0.8352316
-0.08692375,0.9042208
0.018004619,-0.8404039
0.028818881,0.3143408
-0.09306718,0.9077293
-0.13349332,-0.8611462
0.13020024,-0.08653514
0.044290993,0.072374664
-0.07208366,0.577859
-0.113232724,0.079159215
-0.20343389,-0.84310216
-0.12761497,-0.86861724
-0.06774041,0.8772892
-0.104424655,0.88675165
-0.058088623,-0.8486924
0.06455869,-0.019827431
0.13357517,-0.5063651
-0.08739036,0.9004569
-0.0650291,0.84156805
0.004039815,-0.042284306
-0.26442653,-0.8171717
-0.24813405,-0.8003388
-0.09059295,0.8997549
-0.083032034,0.90100557
-0.22642596,-0.8285267
-0.024800567,0.20579158
-0.15880497,-0.8253132
-0.17803337,-0.785451
0.051451128,-0.6870506
-0.06647716,0.83468676
-0.07757955,0.88068736
-0.08295074,0.8950728
-0.08279455,0.8994915
-0.11614138,0.8987448
0.04680437,-0.6885177
-0.10909284,-0.86860573
-0.08272095,0.8997714
-0.15865953,-0.857439
-0.24417207,-0.80585593
-0.049115904,0.12061303
-0.13939837,-0.8615687
-0.074438065,0.89465106
-0.094771594,0.9010966
-0.06471701,-0.8703829
-0.0021116212,0.15227804
-0.048607912,0.35308644
0.149728,-0.14801873
-0.06900965,0.89252466
-0.12519912,-0.8587646
-0.19710961,-0.80932474
-0.08517199,0.8956344
-0.14441149,-0.8642999
-0.110667974,0.89842606
-0.08851171,0.9003756
-0.10179957,0.9004293
-0.2628546,-0.8147211
-0.0021940914,0.22133128
-0.08566677,0.89947796
0.101517126,-0.10332206
0.06494548,-0.084530145
-0.15944198,0.4973908
-0.028589617,0.32438192
0.07410233,-0.64938277
-0.082369186,0.33819792
0.016904712,0.19335334
-0.07672454,0.8980072
0.01377923,0.11479815
-0.07167889,0.89228797
-0.059662927,0.876254
-0.072558165,0.89131004
-0.056266204,-0.88130313
-0.1844421,-0.8497366
-0.07241114,0.84773964
-0.035654552,0.56781447
-0.13197817,-0.85379684
0.075888924,-0.7722778
-0.090671696,0.902542
-0.05743375,0.86989367
-0.08672384,0.89695543
-0.27618343,-0.79907054
-0.06612767,0.84812087
0.09193468,-0.77392316
-0.15041775,-0.8540785
0.043954983,-0.07373825
0.036975328,0.0036599075
-0.11934681,-0.862036
-0.14594029,-0.86083364
0.025601361,0.045243595
-0.09685312,0.6835749
-0.18244687,-0.8376091
-0.123545706,-0.8654939
-0.112359144,0.90306085
-0.21686757,-0.83833504
-0.19136499,-0.83083284
-0.098758474,0.8888626
-0.04220625,0.8465933
0.06286747,0.022782197
-0.192758,-0.84098613
-0.23861405,-0.82964164
-0.017936487,0.81795186
-0.032293532,0.8398692
-0.06382197,0.7604075
-0.08034669,0.89980656
0.083399676,-0.088513754
-0.019067563,0.13276102
0.08511108,-0.820875
-0.10969133,-0.8022002
-0.10331982,-0.86855805
-0.10241573,-0.83406764
-0.09366747,0.9020951
-0.037134074,0.12649415
-0.09629167,0.9037803
-0.085836,-0.8725713
-0.09234856,0.6785207
0.1126659,-0.7595822
-0.10637889,0.9038818
-0.0825071,0.9017544
-0.083586,0.9031266
0.1276596,-0.2614358
-0.12087835,-0.8542492
-0.10421755,0.9051049
-0.104407236,-0.8460123
-0.17159732,-0.8181687
-0.09223255,0.90526515
-0.17324314,-0.8496012
-0.25832903,-0.82492435
-0.11756765,-0.8672378
0.013648317,0.059962727
-0.16707487,-0.85299575
-0.2588512,-0.75453573
-0.09009055,0.90081894
0.08675511,0.15356961
-0.07216256,0.8903164
-0.059112277,0.6978401
-0.2286221,0.15063994
-0.17651084,-0.8383985
-0.050422188,-0.6192446
-0.085944794,0.79534835
-0.108119085,-0.86030453
-0.070027374,0.8858344
-0.08759944,0.7482079
-0.281623,-0.80435914
-0.10591855,0.90127444
-0.20768173,-0.83692336
0.008986433,0.05725759
-0.0383097,0.26954454
0.019686436,-0.8388153
-0.10330451,-0.8670203
-0.08538952,0.9007581
-0.05662846,0.8581177
-0.07290167,-0.87689614
-0.1890304,-0.85031205
0.119893126,-0.73334897
0.082950845,-0.121162854
-0.052776475,0.8658614
-0.035453867,0.8187283
-0.09814042,0.8995378
-0.10069891,0.90420735
0.018622078,0.10276844
0.00321838,0.03668811
-0.06641885,0.38120806
-0.004215196,0.17680268
-0.2723049,-0.8109213
-0.07814501,0.9015515
-0.07531333,-0.86507946
-0.06590769,0.8856472
-0.0850965,0.90429294
0.04264171,-0.6632614
-0.03830151,0.43776518
-0.097325794,-0.8749418
-0.1304647,-0.8611019
-0.09619109,0.9033
-0.017648127,-0.8495642
-0.069080696,0.3922675
-0.08825551,0.9015766
-0.26103827,-0.8112561
-0.2272646,-0.82870996
0.06333333,0.042396992
-0.0839095,0.9007853
0.1536967,-0.6339832
-0.07474461,0.8984134
-0.089722835,-0.8632883
-0.023022538,0.24012086
-0.075525105,0.8491316
0.12041249,-0.7459552
0.08301895,-0.7455135
-0.07937087,0.889014
-0.009563121,0.16822793
-0.09974171,0.89979506
-0.05586073,0.8829104
0.00033333842,0.03092688
-0.040129747,-0.839373
-0.039200924,0.6371661
-0.1924054,-0.8385252
0.12471595,-0.089718275
0.11360927,-0.6219512
-0.08107396,0.8919838
-0.08830396,0.9000328
-0.05824302,0.890488
-0.0015226804,0.13033432
-0.09500232,0.9016406
-0.20474602,-0.8404474
-0.073083594,0.8819266
-0.07637162,0.8948963
-0.07966315,0.65501297
-0.06536604,0.2557513
0.06769767,0.060400203
-0.06698592,0.87490493
-0.25261,-0.81854784
-0.08473145,0.89938945
-0.04020847,-0.8465142
0.15579957,-0.4757942
-0.07354192,0.8914711
-0.07648983,0.9034018
0.07770659,-0.72750175
-0.071334176,0.37054178
-0.024222258,-0.8130437
-0.1883524,-0.8416406
-0.06418143,0.19530442
0.046265498,-0.69732654
-0.13628633,-0.85890245
-0.1345604,-0.8671412
-0.107215725,-0.8645441
-0.08887818,0.8960344
-0.2314595,-0.8250387
0.024969665,-0.030603148
-0.14476855,-0.85458374
-0.058885384,-0.8701182
-0.11312915,-0.86941767
0.012227266,0.40699157
-0.10854844,-0.8687205
-0.29226577,-0.80253744
-0.09222734,0.9033672
0.06679941,-0.7574374
-0.21110737,-0.8207686
-0.23586483,-0.7973104
-0.094524905,-0.87225205
-0.028258882,0.80006164
0.15747786,-0.4306501
-0.067544006,0.88351136
-0.09813931,0.89878076
0.15447126,-0.69324017
-0.078746,0.90335006
-0.07897407,0.8950653
-0.08460421,0.8451516
-0.07919717,0.892871
-0.06298252,0.8734777
0.008912962,-0.8297973
0.046447806,-0.29447582
-0.11916388,-0.8502618
-0.2619307,-0.8179661
-0.06022658,0.86917746
-0.034906596,0.85189766
-0.036127534,0.20781079
0.05455384,-0.0028697173
-0.07083469,0.8993797
-0.055829223,0.89419115
-0.05606698,0.87630963
-0.15279621,-0.86020464
-0.059144832,-0.8543948
-0.0870172,0.88770634
0.037405524,0.0338444
-0.096211836,0.90215987
-0.06785392,0.8821291
-0.09843682,0.90088624
-0.09173046,0.90338707
-0.27175257,-0.80201805
0.011522659,0.1359173
-0.06587029,0.86441565
-0.099951714,0.89067966
-0.025364462,0.14363672
-0.07117364,0.7106497
-0.072985575,0.86472255
-0.080697924,0.90026075
-0.06899373,0.8584474
0.0653531,-0.5507153
-0.100354515,0.9032965
0.07628998,-0.008745371
-0.0054275016,-0.4059872
-0.12804244,-0.8643936
-0.10786028,0.9011042
-0.10596239,0.89723533
-0.104662575,0.90513784
-0.11694452,0.6815184
-0.06980269,0.86182773
-0.108566314,-0.8685475
-0.12979406,-0.8645933
-0.23705481,-0.8256726
0.06567405,-0.23684523
-0.1078063,-0.8662802
-0.16633502,-0.8514283
-0.08340764,0.89469415
-0.09958292,0.90294003
-0.043022376,0.77857405
-0.0786164,0.8974972
-0.25573337,0.0383619
-0.23163243,-0.8253415
-0.0864713,0.90018827
0.068501435,-0.7560667
-0.08858466,0.8925306
-0.15247712,-0.86087734
-0.08140863,0.8965661
-0.064927265,0.8966737
-0.09271196,0.895911
-0.09546997,0.89983714
-0.28623116,-0.80002874
-0.0747893,0.8949267
0.05775959,-0.68988764
-0.07712285,0.8984909
0.014689909,-0.010411704
-0.14646272,-0.8518324
-0.22279431,-0.83303064
-0.13393618,-0.86062205
0.02536698,-0.79228395
-0.082206756,0.6049371
0.15112239,-0.3973303
-0.1011146,0.90118563
-0.0899437,0.90532315
-0.07375047,0.88801265
0.006711456,0.022213772
-0.07253241,0.89885294
-0.19018652,-0.84145486
-0.09138436,0.90407395
0.069378175,-0.08058171
-0.22051387,-0.8351942
-0.061282724,0.8882992
-0.1412262,-0.8596534
-0.11004095,0.8995398
-0.22516279,-0.8095267
-0.22216864,-0.8337366
-0.02291893,-0.87871385
-0.064999744,-0.86166596
-0.10798173,0.9036061
-0.10033937,-0.8697017
-0.060662284,0.20801677
-0.08567997,0.89475054
-0.08961857,-0.87548757
-0.011456181,0.21389866
0.015112454,-0.084671944
-0.035991315,0.06819806
-0.23969513,-0.82490283
-0.27541846,-0.8098162
-0.013144857,-0.850828
-0.26216248,-0.8177052
-0.019419841,0.27232504
-0.09823216,0.90130633
-0.0974082,0.90489995
0.114354685,-0.7981173
-0.092255995,0.9035121
-0.08384385,0.89409685
-0.06560426,-0.8754718
0.060993522,-0.7473939
0.020419465,-0.7658955
-0.057076324,0.87779707
-0.10406507,0.89159244
0.024540812,0.2479565
0.039053146,0.108522825
-0.11761012,0.46848032
-0.067853,0.8951593
-0.23052597,-0.8100498
0.016461093,0.10516703
-0.079823785,-0.84808743
-0.035059765,0.7565716
-0.062954746,0.8854404
0.06963814,-0.5298976
0.12692623,-0.16825119
-0.07681155,0.89736
-0.09860998,-0.871811
-0.04959734,-0.8356052
-0.06462253,0.874612
0.032686453,0.1806338
-0.12262224,0.53723997
-0.07103876,-0.85393
-0.06798735,-0.8708014
-0.09256177,0.89412385
-0.085934535,0.9000562
-0.07840661,0.8946456
-0.09086423,0.9036797
-0.24613579,-0.82518613
-0.09876986,0.9035062
-0.010693036,0.092309706
0.048660666,-0.7953043
-0.092509046,0.7187006
-0.027179584,-0.88027376
-0.069514066,0.877672
0.08260707,-0.3396939
-0.05459568,0.59185195
-0.071203284,0.89280504
0.079624735,0.009994137
-0.09853214,0.90359193
-0.07282727,0.5535593
-0.0890728,-0.8660212
-0.117299505,-0.8652013
-0.23433019,-0.8245957
0.047583878,-0.76149166
-0.0452531,0.8613669
-0.087355256,0.8933792
-0.31864488,-0.7758115
-0.21342225,-0.8358011
-0.007578278,-0.8192361
-0.054314096,0.8766592
-0.045853272,0.7501787
-0.07203166,0.88834304
0.022778148,-0.8426347
-0.17680214,-0.82613796
-0.06277725,0.80818325
-0.08703812,0.8922651
-0.21601374,-0.838431
-0.10541651,-0.86994034
-0.13347138,-0.8519184
-0.104017876,-0.8683614
-0.08075744,-0.86975896
0.037804093,-0.22265343
-0.2977017,-0.7782065
-0.050440393,-0.18722777
-0.121688,0.56618994
-0.26558462,-0.7978192
-0.07732151,0.89424795
-0.173415,-0.8211848
-0.05128051,-0.7449723
-0.19451043,-0.8327865
-0.056341756,0.8848906
-0.0069751726,-0.03304519
-0.02779067,-0.8440951
-0.0900931,0.9047537
-0.032898612,-0.010742445
-0.07797757,0.90101564
-0.08567155,-0.8625381
-0.16129921,-0.8462907
-0.22887678,-0.8297799
-0.19666564,-0.8301524
0.09313168,-0.69874775
-0.2892629,-0.7750852
0.017824594,-0.4579763
-0.18897972,-0.23715186
-0.14416604,-0.84154546
-0.17876913,-0.8476285
-0.12969786,-0.85393
-0.06453208,0.36006317
-0.17146175,-0.85566616
0.028995408,-0.3261515
-0.09776082,0.89803106
-0.18220139,-0.8479749
-0.14661106,-0.85310805
-0.08115149,0.89212924
-0.11081892,0.5558816
-0.23061514,-0.83199185
-0.08593027,0.8991897
-0.068392195,0.8849536
-0.06847616,0.36818737
-0.082346916,0.8853045
-0.08037032,0.89574695
-0.16812512,-0.8545697
-0.08952907,0.9017336
-0.07968228,-0.8541427
-0.13127775,-0.85975516
-0.08652171,0.90004015
-0.053855967,0.5177174
-0.08316279,-0.83594173
-0.012563703,0.24870792
-0.100567415,-0.8717806
-0.06736633,0.7054517
-0.10782728,-0.87361634
-0.105104916,0.89466745
0.09409236,-0.24669959
-0.084401034,0.89933294
-0.10254541,-0.870944
-0.067484036,0.87109256
-0.007890615,-0.77500105
-0.072893776,0.89898866
-0.0907251,0.90441966
-0.11014404,0.8978165
-0.06945527,0.8887177
-0.16731814,-0.8494714
-0.102232836,0.90048784
-0.070386134,0.89164567
-0.073504,0.89792585
-0.09077061,0.9020204
0.14182593,-0.5923877
-0.08306625,0.8972863
-0.07413178,0.8307522
-0.10217105,0.1642926
-0.08780816,0.8969069
0.028930875,0.08512653
-0.11752698,0.8993172
0.0043345834,0.009439126
0.07368026,-0.21300569
-0.08320335,0.8987482
0.03823534,-0.16043115
-0.014697451,-0.85473186
-0.13310134,-0.86126506
-0.07778339,-0.8725412
-0.058133848,0.07070739
-0.28979346,-0.79928094
-0.06952244,0.8922553
-0.106885545,0.90408677
0.01915003,0.120469026
-0.022096556,0.23047587
-0.113530174,-0.8635666
-0.075524025,0.8995997
-0.09460049,0.28253266
-0.091410816,0.90429556
-0.0730983,0.8946203
-0.09956167,0.9013683
-0.07035954,0.8425515
-0.3036381,-0.09291525
-0.045393832,0.159625
-0.074943766,0.89918786
-0.12134608,0.40919998
-0.09410404,-0.87283176
-0.11154721,0.6378715
-0.10577608,-0.8757224
0.113708965,-0.11261767
-0.08407212,0.8948839
-0.09145701,0.90393376
-0.0813092,-0.8724415
-0.011564213,0.65377325
-0.14943437,-0.858691
-0.14878698,-0.8597008
-0.08511932,0.75592464
0.1010375,-0.69876313
-0.2533654,-0.82708025
-0.085557565,0.8853755
-0.08884485,-0.8740108
-0.09609182,-0.87889403
-0.14357752,0.018360758
-0.08439115,0.9017726
0.020942234,-0.8555676
-0.097597234,-0.79843366
-0.057819605,0.892821
-0.0792143,0.8939783
-0.18753587,-0.40127605
-0.12577246,-0.83361876
-0.09975878,0.90087396
-0.16229324,-0.85045063
-0.2320047,-0.8189046
0.0036429178,-0.82537305
-0.14995082,-0.86244684
-0.2883447,-0.80456525
-0.093361646,-0.8738415
-0.08091365,-0.859567
-0.2948438,-0.78432655
-0.21424808,-0.78919095
-0.0763296,0.86829174
-0.19899158,-0.8269696
0.014350334,0.11939445
-0.08635068,0.90174395
-0.10932432,-0.8683895
-0.06918052,0.89611906
0.16687505,-0.65151286
-0.24045739,-0.8202144
-0.27798763,-0.80286855
-0.060775567,-0.8709575
-0.10989201,0.90117586
0.018813994,0.15710059
-0.0692023,0.88293666
-0.19461963,-0.7506535
-0.081016414,0.892905
-0.2150539,-0.81271034
-0.059344828,0.85337955
-0.085145034,0.8902626
0.078689754,-0.73543406
-0.079970576,-0.8664533
-0.071955025,0.90459406
-0.07925319,0.8681363
-0.2459326,-0.81507707
-0.19404021,-0.81778413
-0.14727908,-0.8587142
-0.07747259,0.8913846
-0.06974732,0.89611775
-0.018919442,0.31564894
-0.12933743,0.29640707
-0.08098212,-0.47063085
-0.07459155,0.8818087
-0.084987774,0.8818625
-0.25249392,-0.799618
-0.06388727,-0.77394056
-0.31129867,-0.26342043
-0.033968214,0.23280467
-0.084611945,-0.87032676
-0.078131065,0.8959871
-0.09701925,0.1916721
-0.09026347,0.8980232
-0.15380706,-0.74231434
-0.09082996,0.5369527
-0.08741762,0.8837027
-0.09759848,0.9041197
-0.20870501,-0.46281222
-0.10955167,0.9055735
-0.00045968604,-0.7068454
-0.09124388,0.89578503
-0.117510155,-0.86339307
-0.1905337,-0.837411
-0.10421438,0.9024354
-0.06777472,0.8894663
-0.19712235,-0.84589165
-0.18848541,-0.8464524
0.19521585,-0.53458506
-0.035794947,-0.08382229
-0.14966285,-0.8567852
-0.084301755,0.8962946
-0.08670088,0.8939179
-0.078458026,0.8615829
-0.077571146,0.88908553
-0.079547025,0.9001011
-0.2396198,-0.8249529
-0.08011112,0.89956677
-0.26138327,-0.7983164
-0.10773187,0.8998806
0.005536121,-0.8219131
-0.09980054,0.88588333
-0.10416009,0.73507357
-0.08352847,0.6195046
-0.1725758,-0.84070927
-0.073308535,0.89287126
-0.119812794,0.89564353
-0.030378556,0.026400177
0.040236432,-0.039955962
-0.1491751,-0.84543717
-0.11486436,-0.8552863
-0.097966105,0.8887261
-0.08321668,0.9033139
0.0026400674,0.10725921
-0.24867868,-0.81848323
-0.26178208,-0.80776894
-0.15968116,-0.78495306
-0.06874711,0.8863043
-0.09475688,0.90137106
-0.20663592,-0.83315355
0.14560294,-0.68172324
-0.015935969,0.79268056
-0.07847587,0.8892922
-0.11225463,-0.8137259
-0.22599107,-0.83062327
0.08513969,-0.14353889
-0.08593448,0.8977347
-0.08173375,0.9015967
-0.06486705,0.89412814
-0.1603532,0.37092602
-0.08330658,0.2613531
-0.04470618,0.27243415
-0.06059461,-0.28965592
0.08447309,-0.18695593
0.06324871,-0.049195167
-0.0579701,0.8844527
-0.09960209,0.8931467
-0.07632995,0.6926781
-0.106316224,0.880114
-0.13617611,-0.8626222
-0.080210164,0.8947194
-0.04456687,0.20641099
-0.096035585,0.90399235
0.064908534,-0.2366548
-0.07352581,0.8934343
-0.14626053,-0.8579993
-0.2515129,-0.8117734
-0.1019336,-0.78377163
-0.051771555,-0.86763203
-0.07794604,0.6134151
-0.17159818,-0.85227853
-0.1329231,-0.8102255
-0.06355098,0.8761501
-0.08942073,0.895117
-0.10920071,0.45848596
0.10946799,-0.7351835
-0.06270373,0.8837579
-0.14796254,-0.84256536
-0.012860955,-0.825221
-0.10774063,-0.8656372
-0.21063147,-0.8314736
-0.09275185,0.9009807
0.006578527,0.01209746
-0.088097684,0.8933909
-0.27559492,-0.8059851
-0.09675562,0.30786327
-0.14642414,-0.8514194
-0.056887556,-0.86299264
0.05725196,-0.15074138
0.021923883,0.08665071
0.09610692,-0.60452926
-0.15698221,-0.85496104
-0.101157576,0.9017827
-0.27013317,-0.8126454
-0.095276885,0.8982263
0.03469165,-0.46318653
-0.09259899,0.89882517
0.06508057,0.027779391
-0.081984736,0.9052697
-0.10529937,-0.86708564
-0.26339003,-0.81214595
-0.09222975,-0.85568935
-0.10811623,0.9001525
-0.187465,-0.8487751
-0.030829813,0.08038548
-0.05889917,0.37509948
-0.06379627,0.846988
-0.10854353,-0.8623455
0.035502683,-0.7174159
-0.15299739,-0.32376358
-0.021749128,-0.8776452
-0.072281994,-0.8691106
-0.08985329,0.04897589
-0.073162176,0.87439144
-0.11610689,-0.81370336
-0.21631946,-0.8299619
-0.16485216,-0.85787714
0.048590265,-0.67349625
-0.19189182,-0.83892107
-0.06887749,0.84794176
-0.08419934,0.79007506
0.041079294,0.02142657
-0.070089385,-0.87341714
-0.0549564,0.2773072
-0.16941655,-0.85375965
-0.07440556,-0.8675239
-0.06824008,0.8891254
-0.0507649,0.33635575
-0.07854027,0.89776224
-0.025893303,-0.82369876
-0.047690533,0.13915353
-0.24596092,-0.8005461
-0.16973731,-0.8490352
-0.0927744,0.6450379
-0.23409554,-0.81498486
-0.066008896,-0.059697963
-0.0039542755,-0.34430885
0.00931675,-0.12783718
0.09453474,-0.20137137
-0.050077885,-0.86464614
-0.09093195,0.90379435
-0.24298075,-0.8091791
-0.14985114,-0.21388721
-0.15583764,-0.8506973
-0.08321621,0.8892398
-0.12076983,-0.83928484
0.04179107,-0.1883535
0.0046899347,-0.79479825
-0.2261722,-0.80540276
-0.044533398,0.116252944
-0.008729149,0.48492035
-0.104475744,0.89994127
-0.23397677,-0.8208888
-0.084081836,0.90115774
-0.0053610234,0.010965931
0.110215366,-0.20037468
-0.10735259,0.90484506
-0.047025498,0.8820434
-0.07223252,0.84780693
-0.09339799,0.8975889
0.020102272,-0.03541741
-0.10542794,0.9008692
-0.24094902,-0.82274467
-0.07157278,0.86634827
0.11583411,-0.43203706
-0.059674338,-0.86675537
-0.27702826,-0.80498123
-0.15155792,-0.85461
-0.095925875,0.89636165
-0.10465037,0.815536
-0.15762955,-0.8547199
-0.13632473,0.15729068
-0.24315901,-0.810791
-0.091365226,0.903437
-0.046913743,0.36528668
-0.06034773,0.587399
-0.08622898,0.89568424
-0.07675609,0.89511365
-0.31165045,-0.777574
0.025961148,0.09735518
-0.08409773,0.90240544
-0.13521332,-0.85830134
-0.2911014,-0.79642844
-0.010345123,0.36961013
-0.068652235,0.28385645
-0.03286353,0.22910865
-0.10640225,0.33512464
0.11570583,-0.27290416
-0.083064206,0.8916429
-0.09005948,-0.8728636
-0.18839972,-0.8255551
-0.113899656,-0.86390066
-0.089719184,0.9005352
-0.095420085,0.67807007
-0.0552107,0.072020516
-0.10118345,-0.8556132
-0.08721981,0.890843
0.06682343,-0.114473745
-0.061401248,0.62366474
-0.2596683,-0.74123627
-0.103733994,-0.8414256
-0.049884498,0.80742943
-0.23206484,-0.81608474
-0.110336065,0.90382135
0.07406542,-0.37850636
-0.20049988,-0.8267739
-0.06672587,0.8884935
-0.20940201,-0.83758503
-0.17472447,-0.8542229
-0.1344247,-0.86000425
-0.13601021,-0.86077905
0.08057226,-0.11105178
-0.07590723,0.90020883
-0.0541302,-0.88018686
-0.06339766,0.16972703
-0.18825205,-0.8208676
-0.05661056,0.6893885
-0.03412469,0.6140588
-0.12341057,-0.8621177
-0.070478775,0.8835866
-0.08675247,0.9011117
-0.089751795,0.88228416
-0.07691827,0.9007486
-0.15215719,-0.84376806
-0.0754108,0.89199585
-0.11968546,0.49125394
0.1107738,-0.62066925
0.06987943,-0.23146057
-0.16307847,-0.8394439
-0.050084632,-0.16322926
-0.25284904,-0.8127595
-0.044792764,-0.8549279
-0.017536988,-0.8265121
-0.096490696,-0.8710893
-0.29626933,-0.77509034
-0.084331594,0.87044346
-0.21701343,-0.8362166
-0.08882428,0.9023973
-0.12274507,-0.8589942
-0.007624248,-0.59909785
-0.14891566,-0.84579253
-0.016172057,-0.82777035
-0.22641113,-0.79680145
-0.06828023,-0.86453694
-0.09292203,0.8917447
-0.10253186,0.9058
-0.24594189,-0.8134532
-0.08564749,0.8886185
-0.096713856,0.89817905
-0.14058366,-0.865674
-0.07127041,0.860077
-0.0720481,0.87962556
-0.020488236,0.089290194
0.03024982,-0.11433594
-0.09804627,0.89916354
0.009045572,-0.014097365
0.03178984,0.06151198
-0.054480784,0.48531127
-0.14467461,-0.8520039
-0.07006525,0.8593593
-0.08548059,0.89390546
-0.21654,-0.8275441
-0.10737986,-0.8569996
-0.004089031,0.16173498
-0.09584062,-0.87517595
-0.2513427,-0.81665736
-0.08194335,0.6199444
-0.13228405,-0.8611111
-0.028035188,-0.758289
0.025180135,0.2978496
-0.06937649,0.87764007
-0.07897742,-0.8713642
-0.07350962,0.894307
0.084392145,-0.7893003
-0.08260337,0.90187204
0.0338199,0.08494133
0.06094265,0.003924493
-0.2205958,-0.83662546
-0.10760408,0.8956296
0.07030923,-0.43118817
-0.013505972,0.6300211
-0.24570926,-0.81242144
-0.23645021,-0.82863873
-0.017260814,0.13333802
-0.09943474,0.8928078
-0.07740859,-0.7351416
-0.241099,-0.8186265
-0.19348446,-0.8274804
-0.0653193,0.8772501
-0.082487464,0.76517147
-0.11432507,-0.8672219
-0.06824594,0.88943464
-0.26889512,-0.80723697
-0.064932875,0.3080365
-0.051404536,0.7695772
0.022136476,-0.82568467
-0.08175196,-0.8655793
0.0019784395,-0.7313953
-0.061221153,-0.8783777
-0.004771632,0.0027695156
-0.10988547,0.81462246
-0.12414309,-0.8658938
-0.12895471,-0.8602599
0.03631693,0.10347817
0.07119876,0.052300487
-0.21296716,-0.8348471
-0.16460681,-0.8532791
-0.30269045,-0.769056
-0.25059515,-0.14614907
-0.05326639,0.16435327
-0.06386674,0.76327455
-0.23177987,-0.7941509
0.021835314,0.16189523
-0.18865433,-0.83673763
-0.22944857,-0.829736
-0.07457935,0.6491297
0.037545066,-0.31959745
-0.10760451,0.89268774
-0.05076494,-0.8748274
-0.19897377,0.42352903
-0.065784365,0.8797065
-0.21755317,-0.8347675
0.08710362,-0.3811975
-0.2365394,-0.8143726
-0.26377323,-0.80775434
0.021499656,0.1634131
-0.05467235,-0.87404674
-0.2017724,-0.12895142
-0.28036785,-0.80866444
-0.110091,0.36352766
-0.09591383,0.90580034
-0.21810779,-0.83268046
-0.09329901,0.8943688
0.00032014918,-0.670229
0.007963271,0.23565292
-0.0630827,-0.8551766
0.13532044,-0.5379768
0.061012078,-0.06625855
-0.0013217438,-0.8228649
-0.11842276,-0.86113816
-0.0932078,0.89824855
-0.0777848,0.26873234
-0.0053167194,-0.79592615
-0.06820341,0.22763234
-0.09024218,0.13161458
-0.13808757,-0.7988245
-0.083485454,0.90177137
-0.09170185,0.90151703
0.08081302,-0.0061639603
-0.06428016,0.83888376
-0.033798903,-0.8611778
-0.06664866,-0.8792983
-0.17920277,-0.8365765
-0.09321414,0.90130025
-0.074324615,-0.8702208
-0.071764395,0.88761085
-0.093740635,0.8992478
-0.11276305,0.8984399
-0.2573189,-0.7936165
-0.06720264,0.21006191
-0.111788996,0.9012925
-0.25427002,-0.8230771
-0.08676972,0.9030933
-0.13269986,-0.8484874
0.020090047,0.1755355
0.13530637,-0.69827133
-0.25235876,-0.26631182
-0.010276653,-0.66192424
0.0059161345,0.07360377
-0.121920936,-0.3623136
-0.02794503,-0.8660454
-0.021024687,-0.80027753
-0.10594473,-0.7529026
-0.085433714,0.8919738
-0.06984757,0.12553148
-0.28773198,-0.7994781
0.066640064,-0.66549903
-0.21538886,-0.84530157
-0.016107427,0.22375658
-0.038043097,-0.83366215
-0.15571822,-0.8457723
-0.1343173,-0.8600958
-0.23668307,-0.8096806
-0.06273222,0.88783705
-0.0101942895,0.10606927
-0.10368546,-0.87024385
-0.13239564,-0.8570675
-0.07764621,0.89536434
-0.11027381,0.90359014
-0.1301575,-0.8574073
-0.2774658,-0.80532414
0.04096685,-0.77334607
-0.23613435,-0.81716055
-0.079088,0.8962607
0.030588273,-0.107582286
-0.15627977,-0.8536227
0.14972201,-0.5848953
-0.040762037,-0.8039616
-0.07381239,-0.7356593
-0.012022543,-0.050032
-0.057662293,0.51338804
-0.078713305,0.8935159
0.057760656,0.108306095
-0.08143801,-0.8806274
-0.071285345,0.50782937
0.0006069162,0.16710581
0.05816427,-0.121585414
-0.040361647,0.18193404
0.03257309,-0.7881634
-0.07226986,0.8777297
-0.07335747,0.8905646
0.034021456,-0.04493038
-0.004539239,0.18147253
-0.22210455,0.11829809
0.0030613171,0.1589746
-0.06811497,0.8807745
-0.10524932,-0.87009645
-0.24614958,-0.8279377
-0.105289064,-0.85259193
0.13527058,-0.7131504
-0.2106195,-0.13434564
-0.113799684,-0.8657349
-0.07103287,0.25618422
-0.24120127,-0.81871974
0.13214149,-0.4357382
-0.21462372,-0.8286969
-0.17267826,-0.85600203
-0.24715424,-0.8180329
-0.06101404,0.74982417
-0.07277047,-0.87369657
-0.010563068,-0.027489189
-0.0018762593,0.15860224
-0.12847722,-0.8374538
-0.061438367,0.77573335
-0.09473741,0.90081114
0.005763491,0.08837432
-0.034349713,0.2803882
-0.0797914,0.8549733
-0.11662317,0.24369073
-0.050218865,-0.8756495
0.020565037,0.16381969
-0.058500722,0.81379986
0.11372868,-0.1951145
-0.09101899,0.8973687
-0.08938789,0.89845234
-0.072010644,0.8588805
-0.1831455,-0.8413338
-0.25279883,-0.82289773
0.020241896,-0.8222527
-0.093050785,0.90012616
-0.08047204,0.8976116
-0.017589658,0.5395952
-0.15885855,-0.847466
-0.07619878,0.8777553
0.024033677,0.26222843
-0.020410977,0.057465013
-0.026261417,0.1472264
-0.24474992,-0.7873721
-0.09326104,0.8864143
-0.081337355,0.83212095
-0.044600744,0.25362787
0.2158065,-0.39547083
0.054065075,-0.021858478
-0.23697802,-0.8296714
-0.041096274,-0.8544141
0.06324965,-0.6984373
-0.2828134,-0.78821254
-0.18790905,-0.8424207
-0.10204411,0.89865744
-0.14258797,-0.8545445
-0.08804506,-0.87809885
-0.026105544,0.119154744
-0.099739715,0.8917613
-0.08627698,0.89989114
0.16002193,-0.3482463
-0.26843467,-0.81097454
-0.06424822,-0.8783484
-0.062380422,0.5083797
-0.1612031,-0.8653371
0.0031629587,-0.74015826
-0.0554229,-0.87101734
-0.101214804,-0.87385476
-0.08291574,0.89235586
0.0010022629,0.27206627
-0.18641213,-0.8477733
-0.27155158,-0.80069214
-0.10805566,-0.8695699
-0.021651493,-0.8520154
-0.1528966,-0.85306877
-0.016682902,0.46154112
-0.07858632,-0.8696176
0.030634364,-0.05604309
-0.056196008,0.87471116
-0.04062122,0.26619154
-0.041260973,0.18834408
-0.0573347,-0.7790412
0.083795354,-0.4354744
-0.081990495,0.49523368
-0.2731274,-0.8042905
-0.29160297,-0.78689235
-0.1176602,0.052035682
-0.064907186,0.886484
0.00012773986,-0.11177759
-0.051360004,0.4312228
-0.14788084,-0.84793234
0.10524759,-0.7057118
-0.063532785,0.7597077
0.0075530135,-0.520209
-0.052829124,0.24561936
0.08061219,-0.8112164
-0.0983241,0.89092374
-0.044659987,-0.38147572
-0.25130537,-0.8236144
-0.113982834,-0.7850037
-0.061451096,0.7850653
0.058792908,-0.6885741
-0.024488049,0.64349467
-0.059710417,0.8859807
-0.059748262,-0.84770435
-0.24784483,-0.81784856
-0.25610757,-0.8133382
-0.0411011,0.24679427
-0.19108115,-0.3186098
0.0776843,-0.34979218
-0.21433802,-0.83178866
-0.09796775,-0.8711119
-0.07983715,0.34277132
0.054201927,-0.004577522
-0.07319553,0.8869132
0.071709536,-0.01311469
-0.04216901,0.7499846
-0.1790809,-0.019259032
-0.12630238,-0.866277
-0.080470525,-0.8714529
-0.07128259,-0.8676687
-0.086848624,0.8994996
-0.11874007,0.89848256
-0.16977966,-0.8483809
0.007989362,0.1235063
0.06607349,0.06794893
-0.059337102,0.10518982
-0.19689035,-0.69277483
-0.055290565,-0.8750992
-0.096409924,0.8138534
-0.06163761,0.29402763
-0.21886063,-0.8288313
-0.07845632,-0.8720039
-0.15523578,-0.8449292
-0.009977306,0.2495571
-0.0952937,-0.87765884
-0.04970383,0.16746083
-0.24777003,-0.774938
0.024104275,0.023808215
0.11215857,-0.6587297
-0.07294034,0.7636814
0.039058972,-0.14462133
-0.09939505,0.8964147
-0.085092254,-0.85995775
-0.26450676,-0.8214709
-0.18825059,-0.8485502
-0.05933694,0.7014462
-0.09607377,0.22889866
0.0104478495,-0.78776014
-0.05868166,0.2714444
-0.090702415,-0.8647566
-0.045889143,0.20207024
-0.14849737,-0.5668476
-0.08956533,0.90209013
-0.069484845,-0.83980113
-0.091052584,-0.85288
-0.29215372,-0.80170625
0.033384472,-0.8217388
-0.26949394,-0.8082089
-0.13117644,-0.8481848
-0.09301855,0.7279364
-0.101010405,0.907196
-0.04911168,-0.32996458
-0.2897168,-0.80301243
-0.031121323,0.17003983
-0.04326753,-0.5281128
-0.052584566,-0.86152864
0.016199201,-0.29606697
-0.0504483,0.83553666
-0.19446585,-0.8360023
-0.10023143,-0.87060416
0.09189453,-0.19716363
-0.15435703,-0.8178097
-0.13269903,-0.82961076
-0.13693276,-0.8608528
-0.24590251,-0.8045823
-0.21584663,-0.8364781
0.034711547,-0.18444267
-0.22932577,-0.8230916
-0.2984876,-0.797105
-0.09421223,0.50045204
-0.07773914,0.8922705
-0.12186478,-0.87077767
-0.12234959,0.3353474
0.06953146,0.10414881
-0.11210128,-0.10855748
-0.09079811,0.32405004
-0.10883758,-0.87083113
-0.08664494,0.8958781
-0.047244016,-0.51088685
-0.028562898,0.20225485
-0.14571385,-0.6452461
-0.07613267,0.8952934
-0.10775399,-0.86952645
-0.13092999,-0.85822386
0.10400389,-0.0433665
-0.10986673,-0.8236968
-0.015857276,0.2414024
0.13477719,-0.3433215
0.012270378,-0.5048591
-0.12513164,-0.843562
-0.24558344,-0.82470226
-0.08545904,0.89707214
-0.068046145,-0.87653166
-0.0049733403,0.09781149
-0.24637343,-0.8256606
-0.065958224,0.897209
