-0.023115033,-0.21202083
-0.061291374,-0.9401582
-0.13209313,0.78235275
-0.06391597,-0.9346424
-0.15809517,0.781827
-0.016448224,-0.9220483
-0.08047405,0.7404415
-0.16450422,-0.058491632
0.059593245,0.25935885
-0.13256562,0.79188305
-0.17345329,0.74776834
0.104935616,-0.79293936
-0.016962001,-0.93794733
0.022413488,-0.9266334
-0.13144344,0.78645253
0.048375074,-0.27425784
-0.07978148,0.76595026
-0.14621544,0.7771294
-0.1685651,0.7875757
0.052563816,-0.4364519
0.0031525558,0.49301463
0.10398104,-0.62732685
0.045891963,-0.2691017
-0.115857296,-0.4853599
-0.038537286,-0.9375589
-0.065446,-0.93660194
-0.14559877,0.7733415
0.046030685,-0.53289765
-0.022550877,-0.7335134
-0.12797192,0.7779071
-0.13173415,0.77190083
-0.073227204,0.70666546
-0.11131816,0.5987284
-0.069173224,0.78102964
0.0019542933,-0.9148953
-0.20626733,0.77937096
-0.15527768,0.7914303
-0.12639935,0.4938498
-0.09012203,-0.9290469
-0.086981684,0.68942636
-0.141566,0.7840076
-0.025563154,-0.9412514
-0.26508585,-0.27699217
0.090540685,-0.8264416
-0.16346629,0.7762508
-0.025146795,-0.9431737
-0.118573695,0.6860797
-0.11126125,0.7854571
-0.14994253,-0.318823
-0.16360217,0.76994944
0.037910018,-0.72444004
-0.058263842,-0.9311289
-0.11599392,0.48938322
0.15390526,-0.5687399
-0.11258048,0.7909233
-0.09263607,0.76197165
-0.07414008,0.7481688
-0.021811109,-0.94335383
-0.15554172,0.7858675
-0.011666221,-0.943993
-0.17038774,0.7762878
-0.009769382,-0.94655246
-0.010993255,-0.941646
-0.024232123,-0.941889
0.0111569865,-0.30159846
-0.069502056,0.0430766
0.028315822,-0.34862915
-0.010912036,-0.8540322
0.089205176,-0.76500267
-0.0363985,-0.12857841
-0.013348253,0.39509174
-0.046372224,0.6217373
-0.08077925,-0.92265266
-0.09209228,0.7660002
-0.09540444,-0.9299607
-0.10232188,-0.92650753
-0.14075927,0.7608697
-0.09762919,0.70213705
-0.13986415,0.7568309
-0.014525187,-0.9435665
0.008597825,-0.9209148
0.010986813,-0.88844484
-0.053458035,-0.9242772
-0.08554098,0.7369385
0.046721116,-0.22162634
-0.0204286,-0.28892666
-0.110337555,0.7812251
-0.04133391,0.27742386
-0.1554647,0.7856049
0.013722283,-0.25945938
0.062118687,-0.60545087
-0.15174727,0.7769972
0.12149072,-0.38384622
0.018442905,-0.07065394
-0.02567768,-0.19465804
-0.027523788,-0.9418933
-0.05656071,-0.93492687
0.01206611,-0.8765746
-0.086646065,0.7424145
-0.13296047,0.7861675
-0.035105653,-0.94456804
-0.2001111,0.77362
-0.057390124,-0.93753445
-0.03951192,-0.93765265
-0.09698882,0.7551247
-0.12650111,0.113759294
-0.15711522,0.78273314
-0.011459391,0.3130163
-0.100368656,0.77556115
-0.036800783,-0.93852913
0.07139346,-0.8494372
-0.1771341,0.7908886
0.028143493,-0.28623173
-0.1303565,0.78509426
0.050932746,-0.59416676
-0.05146345,-0.18900979
-0.09931435,0.77554536
-0.11580355,-0.91783774
0.040481713,-0.67431056
0.12126879,-0.8051491
-0.111885056,0.54882133
-0.09999135,0.4771976
-0.13956214,0.7865409
-0.14435825,0.7586588
-0.09051863,0.7397488
-0.14802234,0.77239066
-0.12050177,0.7257193
-0.004430232,-0.9460666
-0.103527576,0.7530261
-0.030151064,-0.9414717
-0.036971025,0.6230201
-0.112594455,0.7859337
-0.10469035,-0.91916764
-0.17672063,0.7821643
-0.07681011,-0.64236605
-0.08812657,-0.9243877
-0.17853229,0.78393686
-0.14923036,0.7790489
-0.099390544,0.7457512
-0.06315099,-0.93630296
-0.08776318,0.77456355
-0.09273231,-0.93145615
-0.00912562,-0.94080853
-0.03205882,-0.9270426
-0.010667672,-0.9454714
-0.11399024,0.7745708
-0.0383976,-0.93575615
0.0048129554,-0.3200552
0.015480804,-0.9124492
-0.05524093,-0.873402
-0.10120123,0.3709954
0.05202558,-0.7261809
-0.059254386,-0.9164792
-0.016061962,-0.94478935
-0.096038744,-0.929805
0.03669201,-0.5241223
-0.015596808,-0.27870196
-0.08871497,0.014914648
-0.08119292,-0.9306101
-0.15168676,0.78101844
-0.07118897,-0.9077444
-0.072260715,-0.9288805
0.08164107,-0.8483808
-0.110604346,-0.92323124
0.012506079,-0.41913247
0.03304974,-0.2949856
-0.028966788,-0.9382026
-0.06510044,-0.25765142
-0.12354282,0.6989696
-0.017811636,-0.94322026
-0.022503948,-0.9316838
-0.085250586,0.75957876
-0.073118135,0.603932
-0.034142796,-0.9299248
-0.09176692,-0.9211105
-0.000107763044,-0.3668782
-0.025092853,-0.21828645
-0.18175922,0.7044482
-0.03460688,-0.93885016
-0.124410935,0.78204346
-0.04216256,0.5880399
-0.03226207,-0.93788695
-0.09464538,0.7499043
-0.048400868,-0.9385895
-0.05715823,-0.9358464
0.054539334,-0.36161134
-0.14620845,0.78871906
-0.05269572,-0.93678564
0.05507506,-0.33499897
0.031507194,-0.91029793
-0.15438879,0.787212
-0.062080737,-0.1521571
-0.090006605,-0.9046892
-0.06967794,-0.91909176
-0.01179475,-0.94520205
-0.055011272,0.71385354
-0.09938399,0.76255286
0.005628183,-0.933457
0.17920713,-0.43238
-0.016900424,-0.23969091
0.049294185,-0.35718587
-0.09062662,0.29581898
-0.16971593,0.78592503
-0.12752117,0.7843581
-0.1540912,0.7841201
-0.021925688,-0.9368267
0.06963671,-0.07199315
-0.10640727,0.77941334
-0.088511415,0.767742
0.008432712,-0.047990527
-0.15102246,0.77236664
-0.11037978,0.79020643
-0.021870734,-0.9410276
-0.12785782,0.77873397
-0.022382276,-0.9417969
-0.038470335,-0.9376601
-0.039642148,-0.1275656
-0.054152224,-0.93478256
-0.092763044,0.6975016
-0.092715375,0.73946095
-0.030564366,-0.820527
-0.04408338,-0.9430077
-0.1353429,0.7978619
-0.055679593,-0.93645227
0.009799305,-0.9416703
-0.14956784,0.7413192
-0.076234065,-0.9052272
-0.08053937,-0.931033
0.008401892,-0.94584984
-0.105715655,-0.45157492
-0.08011436,0.757681
-0.082114786,0.7390017
-0.025992665,-0.9386951
-0.12511115,0.76969516
-0.0051603923,-0.25711444
-0.10167313,-0.9255883
-0.021441426,-0.9447981
-0.09444753,0.7784656
0.017191833,-0.8265313
-0.061038654,-0.9368756
-0.10338215,0.6296491
-0.12755157,0.7754305
-0.055876352,-0.06973815
-0.007640598,-0.9437064
-0.07295096,0.7144565
-0.054124016,-0.9360833
-0.014328058,-0.94444716
-0.057108477,-0.9356672
0.010444467,-0.30950278
0.020857355,-0.9206639
-0.07827405,-0.92641705
-0.012501049,-0.9440749
-0.08477661,0.7734734
-0.18101826,0.7685189
-0.12592353,0.76286525
-0.039188188,-0.93675995
-0.16616045,0.7793503
0.08576533,-0.87840736
-0.124172844,0.7921816
-0.05859927,0.70668936
0.009858802,-0.87236947
0.07164364,-0.4389992
-0.12427542,0.776984
0.10620939,-0.594894
-0.12478051,0.72735286
0.010017745,-0.93732864
-0.14536422,0.79020464
0.05604178,-0.77976847
-0.070256755,-0.93575865
-0.13818812,0.7773017
0.03914911,-0.6025941
-0.07348168,0.7066047
-0.10860576,0.71286094
-0.17094307,0.77010006
-0.018523348,-0.9156546
0.006136666,-0.9330393
-0.16599216,0.7585101
-0.024673492,-0.9340377
-0.10242723,-0.92653567
0.042509567,-0.46915048
-0.036490265,-0.93913984
-0.026139216,-0.94389975
-0.07932545,0.7634774
-0.0008251213,-0.9427532
0.03223249,-0.90757805
-0.008818275,-0.91076475
-0.043093354,0.6322665
0.040220898,-0.4540083
-0.0066214367,-0.94081336
-0.14309962,0.71460915
-0.034053627,-0.9382187
0.06451729,-0.8259266
-0.083295435,0.770164
-0.13909817,0.7776716
-0.043405954,0.6970513
-0.12144968,0.773656
-0.15849873,0.79169047
-0.1407726,0.62095684
-0.153028,0.7906643
-0.1012285,-0.9285808
-0.038007118,-0.94251317
-0.13047647,0.77415323
-0.11871747,0.7457442
-0.065035775,-0.93156266
-0.072497696,0.67319006
-0.11433076,0.77042806
-0.0696757,0.7245871
-0.15277898,0.7599422
0.024543613,-0.33474082
-0.13460712,0.74351984
-0.04290189,-0.9380365
0.043326903,-0.33811727
-0.12667012,0.72138983
-0.053698227,-0.94037735
-0.08183411,-0.13161947
0.068957254,-0.29518136
-0.13289088,0.77451414
-0.123941705,0.7218336
-0.09012479,0.7702897
0.08782902,-0.35287252
-0.15622836,0.766681
0.08254745,-0.78392357
-0.06590054,0.72683907
-0.11704792,0.73168254
-0.03846092,-0.9394733
-0.008119725,-0.9223532
-0.14810175,0.7856017
0.024613563,-0.056555126
-0.090129055,-0.92452073
-0.20129864,0.77689964
-0.0482897,0.6147378
-0.093067124,-0.7902333
0.025555786,-0.28799665
0.12179271,-0.803127
-0.050086875,-0.9365081
-0.16175073,0.76865375
-0.08600041,0.5931918
-0.14351353,0.7894839
-0.017289152,-0.938512
-0.027342904,-0.94262683
-0.03814242,-0.93943334
-0.12694885,0.77570176
0.013579229,-0.9287207
-0.0994445,-0.92890984
-0.10591798,0.7585772
0.0030397763,-0.9466703
-0.10791248,-0.92110413
-0.06487645,-0.93171597
-0.103877604,-0.92482483
-0.021447618,-0.94290495
0.015103875,-0.31069115
0.036667537,-0.7220642
-0.038651697,-0.93756634
-0.08880555,0.68814796
0.0009711105,-0.1595444
-0.14305899,0.7786981
-0.06390614,-0.9008474
-0.016253866,-0.9438477
-0.0811295,0.7585579
-0.10880546,0.7749597
-0.027852437,-0.9419913
-0.031429626,-0.9414259
0.08634266,-0.8258464
-0.123258926,0.78686595
0.03987292,-0.7788289
-0.048950225,-0.9410267
0.015680939,-0.5441357
0.05239644,-0.32200164
0.033512965,-0.7541863
-0.0705896,0.5431036
-0.08068941,0.7655925
-0.029459545,-0.9416858
0.08767921,-0.5566364
-0.07115575,-0.9379601
-0.009802175,-0.93701315
-0.06714496,-0.2522957
0.012691958,-0.2890109
0.008132342,-0.20381872
-0.07231773,0.38225237
-0.046190683,-0.93873674
-0.023947157,-0.94487077
0.10689687,-0.81548226
-0.026028858,-0.19467844
-0.10520818,0.7746919
0.034015298,-0.26516205
0.01865112,-0.9364199
-0.14310613,0.7707293
-0.04875844,-0.9332396
-0.007062837,-0.9480685
0.021431275,-0.59599906
0.112695545,-0.62657654
-0.10506268,0.75310093
0.014368972,-0.9369816
-0.14095026,0.786089
-0.0047463416,-0.9424263
-0.13662332,0.78031534
-0.052555833,-0.15784904
-0.07074262,-0.10722594
-0.007945982,-0.9405447
-0.07350103,0.61701673
-0.01585917,-0.9382728
-0.048946705,-0.526055
-0.088820085,-0.9323045
0.09034075,-0.50952774
0.009467776,-0.37043363
0.13383013,-0.618838
-0.12085909,0.75916326
-0.056091055,-0.89277786
-0.023844168,-0.94289196
-0.06987875,-0.8769536
-0.029164312,-0.94060093
-0.08414172,0.7714612
-0.013803108,-0.9363213
-0.109366,0.46581373
-0.025839787,-0.9387714
0.09515913,-0.7543835
-0.09237475,-0.90653086
-0.091459945,-0.79304165
-0.071303226,-0.82454515
-0.00656032,-0.9446457
-0.18650891,0.7797547
-0.08948589,0.7459006
-0.04315002,-0.91821074
-0.027052207,-0.13679412
-0.052508432,0.67234445
-0.07714817,0.39715183
-0.015958752,-0.9358947
-0.055475786,-0.9333241
-0.02788236,-0.94415164
0.015349101,-0.24845001
0.027603235,-0.32556406
-0.043575425,0.6510448
-0.011674175,-0.9318245
-0.14049453,0.7620575
-0.091090426,-0.9099428
-0.038740717,-0.9378193
-0.06452566,-0.93197507
0.033340108,-0.29681367
0.029770672,-0.4149009
-0.065543495,-0.92396855
-0.15688688,0.66945815
-0.1126172,0.52220094
-0.15383399,-0.1792556
-0.044085264,0.7333637
-0.09483625,-0.92817664
-0.17111607,0.78589773
0.016735984,-0.9296472
0.024599686,-0.90188056
0.010105284,-0.29815066
-0.15219578,0.78265905
0.11789373,-0.4782333
-0.11705285,-0.92011267
-0.23602161,-0.37809524
-0.0240713,-0.9449897
-0.04367551,-0.94064265
-0.0979789,0.77634597
-0.1021767,0.7750757
-0.08397579,-0.9285944
-0.113138415,-0.92149293
-0.032626644,-0.94375634
-0.13438633,0.79003114
-0.10398886,-0.92679685
-0.008967962,-0.47471693
-0.06518409,-0.91397434
0.01674738,-0.906426
-0.0968866,-0.91627884
-0.11049879,-0.08750422
-0.017705483,0.56474715
-0.044334933,-0.93976295
0.087180056,-0.46197546
-0.009866603,-0.9441006
-0.06995432,-0.9231896
0.015405888,-0.94004977
0.051443912,-0.14690453
0.069069095,-0.36954677
0.009772749,-0.44808725
-0.075195536,-0.93127114
-0.1476685,0.7885475
-0.011124295,-0.84627414
-0.16011168,-0.0033992513
-0.09365063,-0.92185616
-0.03224567,-0.9421629
-0.1104186,-0.913585
-0.095124334,-0.93244594
-0.117838204,0.49626455
-0.099962555,-0.9260603
-0.103610106,0.4005948
-0.04234269,-0.93709165
-0.046792347,-0.9416543
-0.11257042,-0.9276169
-0.17494778,0.778623
-0.16846299,0.7731898
-0.07357866,0.7456579
-0.016089184,-0.93519527
0.009084222,-0.9438217
-0.052149937,0.51019365
-0.17010735,0.3544387
0.019879958,-0.39790493
-0.047210336,-0.94097793
0.019241754,-0.30937773
-0.0635398,-0.92980677
0.018502263,-0.9219005
-0.10889655,-0.9216249
-0.16141559,0.78097075
-0.12553881,0.6734827
0.082267,-0.32781932
0.024383955,-0.303065
-0.1376661,0.78027177
-0.1015695,0.6620648
-0.0017688074,-0.9456036
-0.021094456,-0.94415903
0.02568102,-0.91067463
-0.027000606,-0.13805301
-0.059008613,-0.24647956
-0.0071898983,-0.94462246
-0.0047541577,-0.2986439
-0.10106833,0.7438894
-0.11582405,-0.92341495
-0.042609274,-0.9437545
-0.015132772,-0.94175184
-0.13898939,0.7801183
-0.057308227,-0.9354405
-0.12327456,0.7041744
-0.055570565,-0.20221865
0.03145105,-0.9319795
-0.107908234,-0.43611658
-0.02770949,-0.67592245
-0.13221283,0.78350335
-0.057605673,-0.9291214
0.072586976,-0.71700203
0.09190356,-0.40087095
-0.08711538,-0.9175961
0.05643346,-0.8522369
-0.022031201,-0.3140311
-0.09205946,-0.92571396
-0.01825234,-0.9449348
-0.08588211,0.77349484
-0.08574433,-0.93393236
-0.13650739,0.7812031
0.008147708,-0.09481843
0.011987856,-0.29351738
-0.20040998,-0.47201398
-0.15239649,0.71463096
-0.015942894,-0.94605434
0.065853395,-0.63428557
-0.095814176,0.76005775
-0.10055999,0.74997747
-0.17040944,0.7887897
-0.096405745,-0.9197788
-0.0318585,-0.9437631
-0.11507119,-0.91921175
0.03873082,-0.1292487
-0.03641194,-0.94082046
-0.05089266,0.14875878
-0.049306925,-0.9388569
-0.052655112,-0.94137555
-0.18951763,-0.42958203
-0.09381251,-0.92102975
0.061252333,-0.7720973
-0.032567013,-0.92315906
-0.009034133,-0.9256246
0.023576044,-0.92922956
-0.022649486,-0.9345107
-0.14052679,0.77520424
-0.10016939,0.75078315
-0.06039134,0.6041078
-0.13509713,-0.16232467
-0.04325225,-0.9414469
0.09107195,-0.74501073
-0.010545837,-0.2253716
0.025079519,-0.8288254
-0.06831564,-0.15466718
-0.04504872,-0.9399826
0.019189596,-0.9375816
-0.10507428,0.7793332
-0.051223308,-0.93902284
-0.08193442,-0.9318665
-0.12676938,-0.07154998
0.07776579,-0.64361656
-0.03840179,-0.9396263
-0.050694183,-0.9354645
-0.120220736,0.76350904
-0.019289691,-0.2153071
0.03601381,-0.9181253
0.0038155732,-0.7645238
-0.07128573,-0.934714
-0.101187654,-0.9289159
0.09113705,-0.6365291
-0.17670244,0.7796298
-0.07119402,-0.9359755
0.0668436,-0.4692729
0.08688536,-0.71783984
-0.05086117,-0.35435006
-0.1146406,-0.92494977
0.14873892,-0.49677742
0.0040713414,-0.94470304
-0.102994174,-0.9254492
-0.10428226,-0.052331265
-0.021359975,0.31246385
-0.028054256,-0.6247125
0.0116896685,-0.93568826
0.013075143,-0.38396645
-0.040906876,-0.93710583
-0.055224564,0.58340585
0.021339064,-0.9247056
-0.023029668,-0.9460034
-0.019678311,-0.9454886
-0.214503,-0.4198732
-0.055607624,-0.9221545
-0.103013024,0.7747725
0.03508874,-0.47487995
-0.07564966,-0.55884147
0.07929066,-0.81773967
-0.18814509,0.77914166
-0.18834268,-0.34653732
-0.11948976,0.76743436
0.060938083,-0.09453094
-0.016607013,-0.11123847
-0.12094037,0.77457833
-0.17110689,0.78763103
-0.040131327,-0.94276494
-0.082417406,0.22155754
-0.11848844,-0.919882
-0.13776527,0.7767164
0.04577936,-0.662484
-0.018576307,-0.059688117
0.017451962,-0.9169406
-0.0071095456,-0.76812416
0.0604641,-0.61720574
0.078535005,-0.7518353
0.031190982,-0.5128671
-0.032587204,-0.1718241
-0.099966146,-0.207634
-0.037109356,0.114327535
-0.03598364,-0.9388967
-0.040985674,-0.92960995
-0.1505211,-0.3035086
-0.012035619,-0.94432753
0.01550471,-0.94231635
-0.10119345,0.76581085
-0.10152057,-0.5691451
0.07236182,-0.36484292
-0.077924825,0.7129355
0.049860895,-0.8127768
-0.09455704,-0.9256061
0.025198137,-0.92285913
-0.03427834,-0.6703202
0.08559136,-0.8669978
-0.02378797,-0.9271073
-0.053108383,-0.94202965
-0.120432205,0.77167386
0.01185962,-0.91225255
0.018140959,-0.8829438
-0.021497814,-0.945136
-0.16825455,0.7825314
-0.16691765,0.7771061
-0.11266284,-0.92335856
-0.041111454,-0.9386622
0.0047616293,-0.8142574
-0.09222375,-0.9302769
-0.013449751,-0.94551057
0.022944799,-0.9320299
-0.085513406,-0.92804444
-0.15223837,0.63019896
-0.03270217,-0.93914217
-0.04541968,-0.66911435
0.06351511,-0.47878537
-0.11873822,0.77797866
-0.16244894,0.7770302
-0.12847972,0.76567316
-0.10422511,0.20494726
0.00438736,-0.9420248
-0.07021951,-0.9179489
-0.1026065,0.75108457
-0.057603385,0.73549414
-0.10855569,-0.9191045
-0.053367488,-0.17974366
-0.06911554,-0.9214556
-0.010410881,-0.9478024
-0.07893373,0.45424074
-0.07293388,0.59566385
-0.15489909,0.7715951
-0.081815615,0.73253304
-0.17100497,0.73506373
-0.013351485,-0.6711957
-0.1260936,0.7694988
-0.08974831,-0.9031609
-0.036801387,-0.9421188
-0.11680819,0.7470074
0.021262908,-0.43057197
0.07071217,-0.9004585
-0.06893949,-0.9309408
-0.05408954,-0.93989223
-0.008298903,-0.9472633
-0.009626114,-0.9452563
-0.011912734,-0.9344489
0.058830533,-0.79632103
-0.09369547,-0.92904466
-0.01340421,-0.9428767
0.029632302,-0.35559475
-0.025745574,-0.9291243
0.003090886,-0.4384974
-0.021663832,-0.94534785
-0.17776363,0.7809891
-0.116975054,0.76921266
-0.007933892,-0.94553274
-0.010047186,-0.9439914
-0.09569583,-0.9247068
-0.09825766,0.7500732
0.049965065,-0.87346005
-0.09974565,0.7698183
-0.0377616,-0.9373299
-0.11799676,0.7861973
-0.06875079,-0.01660277
-0.11437687,0.7843079
-0.22723185,-0.40345508
-0.07752355,-0.92972225
0.0940087,-0.5181091
-0.0013101326,-0.2849372
-0.15383205,0.787018
0.09530231,-0.4086756
-0.021823635,-0.9460755
-0.016631525,-0.94509685
0.00066470465,-0.4582944
-0.07335441,0.6963628
-0.06215501,-0.9059852
-0.13356523,0.783172
-0.052069314,0.7199588
0.11546088,-0.6258186
-0.04950294,0.70883805
-0.13485774,0.78574646
-0.09801101,0.7525945
-0.03040478,-0.9431228
-0.113908224,0.7728871
-0.14593837,0.7891207
-0.09302764,-0.9192555
-0.09141916,-0.9267418
-0.029126925,-0.3782084
-0.12825574,-0.9171471
-0.07897575,-0.93502855
0.044619292,-0.9223305
-0.139673,0.7712793
-0.030845318,-0.94110954
0.039591316,-0.21965815
-0.028427532,-0.93302023
-0.0627139,-0.93455327
-0.11123575,-0.89069855
-0.0898811,0.7729836
-0.015379261,-0.93429404
-0.09573805,-0.9271598
-0.10689738,0.36171702
-0.1392492,0.78660685
0.009505369,-0.9433121
-0.022538763,-0.9443102
-0.004700801,-0.92531735
-0.049648263,0.4576788
0.056924965,-0.83934367
0.0286411,-0.25682586
-0.09350191,-0.9220717
-0.10539337,-0.01968547
-0.114344254,-0.92225105
-0.08484531,-0.92893714
0.042667016,-0.7377861
0.012973644,-0.18820743
-0.009199459,-0.9426801
-0.07189002,-0.9311573
-0.12297013,-0.91906124
-0.025434049,-0.94071096
-0.04809092,-0.93983084
-0.18333203,0.7738635
-0.07211168,-0.062182024
0.033943143,-0.25532207
0.028658291,-0.92435175
-0.044069823,-0.94050026
-0.09633398,-0.9274717
-0.13384016,0.7814402
-0.15681544,0.7813226
-0.067801915,0.7416387
-0.13548172,0.77707475
-0.09487919,0.6190438
-0.1566346,0.78376263
0.016893549,-0.94521487
-0.045864463,-0.93763745
-0.026014317,-0.94233173
-0.106567025,-0.92566836
-0.16758677,0.78781927
-0.07892503,0.7332826
-0.04977084,-0.93394816
-0.025072793,-0.93527454
-0.04715576,-0.9384204
-0.010009479,-0.9471733
-0.06266075,-0.92808414
-0.17516537,0.78906304
-0.06964201,-0.18880059
-0.11835854,-0.91903085
-0.021884425,-0.9437905
0.12122484,-0.68941236
0.09731112,-0.77044183
-0.039719947,0.710449
-0.05558366,-0.9393544
-0.18508007,-0.19913006
-0.09285615,-0.5225167
-0.14367326,0.77192867
-0.02242274,-0.9377759
-0.013338868,-0.91234624
0.041173838,-0.35346782
0.028193064,-0.88467693
-0.023426834,0.49579865
0.023785781,-0.92744404
-0.09974535,0.7254963
0.03318473,-0.90547734
-0.03444475,-0.94039434
0.03166844,-0.9301381
-0.12430601,0.75740296
-0.16434275,0.77610016
-0.13898246,-0.916914
-0.11943395,0.7716577
-0.06693599,0.5031254
-0.15580826,0.77799404
-0.053560663,0.26806125
0.038461864,-0.9068179
0.019907312,-0.9329693
-0.025477232,-0.9348051
0.0095764,-0.3733565
-0.096950494,-0.92802644
-0.013868782,-0.93903744
-0.02029942,-0.24120094
-0.097411,0.7716634
0.0028985154,-0.94359493
-0.04752926,-0.09585515
-0.13959605,0.78355694
-0.05587485,-0.9258256
-0.107310876,-0.926642
-0.15492988,0.7768853
-0.04210682,-0.9005462
-0.07252295,-0.92261815
-0.10633614,0.41198263
-0.18342185,0.77330047
-0.09832643,0.7628947
-0.16144514,0.7778598
0.049307533,-0.42063937
-0.12691501,0.7729275
-0.12622136,0.7707024
-0.049728405,-0.94022566
0.052196227,-0.48393235
-0.1434695,0.4912845
-0.016838482,-0.93977934
0.011035812,-0.26454216
-0.071026824,0.7426006
-0.07800335,0.72510034
-0.009361446,-0.9453111
0.022016957,-0.30055234
-0.014928435,-0.114307016
-0.09029325,0.7889255
-0.036829498,0.5318815
0.038721934,-0.9138365
-0.15375112,0.773287
-0.07764459,-0.91500485
-0.14125566,0.7647391
-0.12272845,0.7829595
-0.089040056,-0.9311466
-0.0751494,-0.93199754
0.0006050558,-0.92857325
-0.030141145,-0.94313365
-0.027283039,-0.93739057
-0.017964305,-0.94169337
-0.08046127,0.6864961
-0.04375662,-0.26417032
-0.035503905,0.5251477
-0.07775067,0.7502314
-0.022041503,-0.26154009
-0.18126036,0.7763451
-0.041136175,-0.9414846
-0.13917138,0.7813963
-0.05396332,-0.91879
-0.026415803,-0.94055605
-0.06572861,0.657017
-0.026265888,-0.9465612
-0.0038818636,-0.13858445
0.13147546,-0.7004912
-0.116384715,0.7730627
0.005524404,0.36230555
-0.19487438,0.77741134
-0.09632577,0.76339585
-0.023596678,-0.94409627
0.087613694,-0.62381464
0.005572935,-0.16538142
-0.051256884,-0.9399227
-0.044704344,-0.9280873
-0.011563327,-0.94460815
-0.16921556,-0.4887768
0.08645872,-0.6689032
0.003434577,-0.12112041
-0.12165512,0.43188757
-0.071906716,-0.93613863
-0.063577704,-0.934416
-0.07370772,-0.9287193
-0.12959391,0.76007485
-0.12605874,0.7736256
-0.05109647,-0.9285369
-0.0679712,0.32564768
-0.09458219,0.7205925
-0.14441833,0.7712328
-0.09485864,-0.9304635
0.13897341,-0.43608317
0.03935988,-0.6418351
0.11299934,-0.35954407
0.08194689,-0.40136164
-0.11300951,-0.91130394
-0.015070008,-0.15826584
-0.012876779,-0.92102563
0.020788752,-0.87842757
-0.01565862,-0.9342514
-0.13041848,0.7863864
-0.10722095,-0.9273859
-0.019375212,-0.93820053
-0.022811612,-0.9426984
-0.17112544,0.7787775
-0.04228124,-0.93639606
-0.13847347,-0.9194538
-0.16524266,0.7821244
0.07561151,-0.77438647
0.010443821,-0.29102707
-0.025134807,-0.18362746
-0.11686431,0.767646
-0.064055346,-0.93943614
-0.13755883,0.7843722
-0.09450864,0.7676369
-0.032796424,-0.9431758
-0.04814197,-0.05882966
-0.028126026,-0.9423341
0.01765344,-0.89320016
0.011919874,-0.93235475
-0.08668277,0.75549453
-0.0892439,0.7761591
-0.11997844,0.7779303
2.6976633e-05,-0.94431096
-0.101114616,-0.9217479
-0.006516315,-0.91862905
-0.15933575,0.78323454
0.063920975,-0.7810936
-0.16282938,0.7915004
-0.016162565,-0.92987794
-0.121023074,0.7754422
-0.10927009,0.78622603
-0.104211435,-0.9300848
-0.10016221,-0.9240015
-0.07345617,-0.116408885
-0.16731021,0.78381366
-0.005905315,-0.938456
-0.082002886,-0.93017083
-0.13537057,0.779649
-0.004286253,-0.30196425
-0.12734322,0.72572553
-0.019980347,-0.9432302
-0.14394511,0.77992463
-0.025041077,0.21276738
-0.10973188,0.7523365
-0.17441393,0.7817776
-0.034645837,-0.1772682
-0.11349684,-0.91941655
-0.093673125,-0.44080943
0.07807702,-0.4758613
-0.15236823,0.78058374
-0.07214046,0.74294376
-0.0389369,-0.23995605
-0.09870249,0.6438205
0.015285105,-0.86726964
-0.117887676,0.7882351
-0.022391783,-0.9440158
-0.13950819,0.7874028
-0.16148287,0.7856979
-0.06035654,-0.15913618
-0.12937044,0.7856944
-0.021571264,-0.2824479
-0.07859111,0.6043191
-0.111450136,0.7806616
-0.115155034,0.7767798
-0.014045951,-0.9262151
-0.073169835,0.75257844
-0.09360261,-0.92892945
-0.029403653,-0.94052684
-0.1261904,0.7549019
-0.018451335,-0.94421476
-0.16301264,0.7592431
-0.12559973,0.7845365
-0.08317195,-0.9222679
-0.002852695,-0.94594204
0.001949419,-0.9351047
-0.068997025,0.38424274
-0.09524658,-0.9174767
-0.028853903,-0.9463191
-0.087544866,-0.93213236
0.0427247,-0.31718117
-0.014314113,-0.15978707
-0.020782337,-0.36183023
-0.01913344,-0.94327843
0.0706763,-0.9006514
-0.106204614,0.7576684
-0.018525412,-0.2863586
-0.10615386,0.77638054
-0.014630527,-0.9332723
-0.0152000105,-0.9422395
-0.12023643,0.78823036
-0.08151702,0.7291913
-0.15217689,0.7776247
-0.04620332,-0.93808573
-0.11372315,0.76818836
-0.046231184,-0.21252978
-0.12953126,0.7917733
-0.088741384,-0.9311554
-0.004924381,-0.9382572
-0.09028885,0.4955621
0.053605724,-0.89149535
-0.12536222,-0.9121559
-0.02461698,-0.9432673
-0.06122412,-0.93325514
0.017272951,-0.944164
-0.117145024,0.78314275
-0.019198058,-0.9325232
-0.038244944,-0.93503803
-0.00030436556,-0.35597306
-0.041957002,-0.6076948
0.057526786,-0.31947002
-0.103659846,0.776364
-0.1303029,0.69716156
-0.13032429,0.79041404
-0.08091744,-0.9325001
-0.101796046,0.75789356
-0.14285228,0.77589405
-0.07756778,0.71856785
-0.11689481,0.7419749
-0.035002623,-0.9374727
-0.024222616,-0.93923587
0.044844374,-0.3955448
-0.09559607,0.7669431
0.01905597,-0.23537011
0.11926658,-0.53926635
-0.0964016,-0.9296073
-0.10112999,0.78109765
0.027604252,-0.93057495
-0.10494065,0.7725343
-0.13429706,0.6869612
-0.046875395,-0.93900776
-0.002527915,-0.01509078
-0.047683783,-0.9384831
-0.019259501,-0.42124403
-0.17954983,0.7609856
0.030166522,-0.9143286
-0.15197758,0.79383737
-0.033956252,-0.93263423
-0.14113115,0.7790416
-0.09782111,-0.9252634
-0.028254794,0.6801862
-0.051630888,0.7151365
-0.05052852,-0.35028586
-0.07660521,0.29053527
-0.05584244,-0.93562365
-0.17060743,0.7884039
-0.07884719,0.6975379
0.08604987,-0.43557256
-0.08483605,0.7200202
-0.0074975933,-0.94538736
-0.093957044,0.73492473
-0.090852596,0.5654599
0.08282717,0.10409193
-0.014487247,0.6321856
-0.15172036,0.7473433
-0.088692084,0.77131826
-0.102374464,0.7787779
-0.08969769,-0.9305022
-0.023217726,-0.23253857
-0.1520235,0.7861315
-0.10050468,-0.9233779
0.0660001,-0.8673632
0.07861017,-0.8055145
-0.13515472,0.7807686
-0.13052262,0.78182554
-0.0048307166,-0.94491374
0.11798417,-0.79168427
0.07357607,-0.7406048
-0.090349406,-0.927224
-0.08463583,-0.9311152
-0.16858537,0.7751748
-0.0329094,-0.9455377
-0.13735913,0.78570545
-0.12093804,0.78643733
0.01366749,-0.940127
-0.019536337,-0.94120306
-0.00789389,-0.37442675
-0.11025577,-0.9230261
0.101681925,-0.40970877
-0.14817327,0.7747283
-0.12246924,0.76494026
-0.08453552,0.7681792
0.04517161,-0.24897622
-0.09016219,-0.9288585
-0.0061601168,-0.9420466
-0.1255762,0.7722018
-0.026098613,-0.9351823
-0.10829202,0.7882633
-0.0005050812,-0.9326548
-0.013709692,-0.9427214
-0.009701416,-0.9437942
-0.037250403,-0.90778357
-0.123071186,0.7756389
-0.14172246,0.785065
-0.0062027443,-0.9456355
-0.108601,0.003509819
0.031567518,-0.26551986
0.0325266,-0.3216664
-0.008451604,-0.9339036
-0.09671986,0.76616913
-0.09474647,0.63867277
0.0025114405,-0.9361681
-0.112648495,0.40021154
-0.13646285,0.76942384
0.07450884,-0.3632317
0.015161468,-0.27138072
-0.10309107,-0.9284219
-0.1356459,0.7135971
-0.027665349,-0.9409648
-0.11528582,0.6603817
-0.054279067,-0.9327049
0.050391957,-0.24053735
0.062173028,-0.4187456
-0.1275088,-0.50866044
-0.043275107,-0.9383347
0.049240895,-0.41073614
0.009340001,-0.9470098
0.056509826,-0.37427768
0.0037174274,-0.94522256
-0.087579675,0.7784729
-0.043243248,-0.9425329
-0.13982117,0.78501534
-0.11392181,0.6760031
-0.017266506,-0.6456918
-0.101844,-0.93018943
-0.0925051,0.7777402
0.028822428,-0.7945811
-0.100661114,0.7701785
-0.15296006,0.7726298
-0.14039755,0.77697265
-0.07532451,-0.084843315
-0.06004987,-0.9339502
0.03288646,-0.88204426
-0.02037877,-0.9460533
-0.17200908,0.7780762
0.067917675,-0.89101315
-0.015368484,-0.18793768
-0.032344427,-0.20581588
-0.062209353,-0.9354405
-0.030899784,-0.9411651
-0.072041936,0.7184502
-0.00307372,-0.92205644
-0.007921579,-0.9454315
-0.10917715,0.76910126
-0.1427417,0.7733391
-0.115055434,0.7691008
-0.035868026,-0.9438573
-0.0316654,0.5458736
-0.19402589,0.7733103
0.020960944,-0.9377781
0.0048522423,-0.94026035
-0.10074555,0.52813417
-0.13328938,-0.08050026
0.0037458253,-0.938293
-0.16414373,0.7797573
-0.1436309,0.76489437
-0.030713912,-0.943039
-0.11971072,0.77931756
-0.15648755,0.79068977
0.0018793687,-0.21024431
0.0119696045,-0.94267386
-0.020731486,-0.9427938
-0.13045211,0.7764501
-0.12133298,0.53782547
-0.026097387,-0.9232503
-0.0771855,0.70489186
-0.081656896,-0.9322715
-0.13274595,0.7671514
0.03984981,-0.88467973
-0.029280515,0.7415316
0.13036309,-0.62265575
-0.06696759,0.3451407
-0.10725315,0.780332
0.015589729,-0.3208605
-0.06616443,-0.03430926
-0.09833714,-0.9305924
-0.08924311,-0.9307754
-0.039404564,-0.929426
-0.06271087,0.70635104
-0.0763332,-0.92829204
-0.15700373,0.7742562
-0.11861809,0.7687124
-0.08372873,0.65503
-0.10642218,0.77746373
-0.12352125,0.77127236
-0.020398138,-0.9353666
-0.12750277,0.7692644
-0.08161228,0.6774751
-0.03238518,0.6880067
-0.087933704,-0.9315114
0.08345071,-0.8806824
-0.023821875,-0.93850994
-0.19367667,0.78060895
-0.13740224,0.78450006
-0.09557745,0.77033275
-0.08398146,-0.9337725
0.0785317,-0.41304567
-0.076645024,0.73163253
0.033157032,-0.28697035
-0.079383865,0.67488843
-0.12109998,0.77165174
0.030544635,-0.93104947
-0.03212181,-0.942109
-0.059291415,-0.9362124
-0.1432659,0.79152083
-0.06718891,-0.9273321
0.007069703,0.21237825
0.08474261,-0.7180258
-0.10673857,0.7721071
-0.15348594,-0.3388643
-0.034666907,-0.02239621
-0.02751941,-0.9387958
-0.026159082,-0.09889993
0.053000696,-0.84573823
0.004157455,0.58064055
-0.014336969,-0.22912487
0.023981018,-0.41248083
-0.09909268,0.7603945
-0.027602006,-0.94173473
-0.016400903,0.45192915
-0.018939037,-0.9319639
-0.053420108,-0.9360262
0.0038353507,-0.9413535
-0.09858945,0.7658272
-0.10520027,-0.9217381
-0.04066039,-0.28763488
-0.11571165,0.7913671
-0.025795834,-0.94399583
-0.14481598,0.78519565
-0.032026477,-0.93791074
0.000440615,-0.9451147
0.056274556,-0.28957146
-0.085996844,-0.9313443
0.009448994,-0.91292804
0.0823449,-0.5388914
-0.1790748,0.7782647
-0.14981948,0.3329304
0.067599036,-0.83738273
-0.09105741,-0.929015
-0.13244307,0.7795059
-0.0348645,-0.9246514
0.011019282,0.04490473
-0.017236836,-0.94349
5.2871314e-05,-0.94434106
-0.07286042,0.5025202
0.010193736,-0.37209895
0.030292269,-0.30242774
-0.09430298,0.74435854
-0.1528894,0.7605836
-0.12616062,0.79001427
-0.040993255,-0.9386583
0.034556434,-0.19571546
0.045605414,-0.37142807
-0.030511279,-0.9415198
-0.10668016,0.773884
-0.108443365,0.77140206
-0.03811498,-0.9314405
0.017366024,-0.9184404
0.030159764,-0.22030292
-0.13437665,0.77877563
-0.020113815,-0.94305956
-0.014225265,-0.9430184
-0.09525518,0.3555388
-0.14858235,0.7672742
0.05041856,-0.50867635
-0.08580076,-0.9265843
-0.07188903,0.71997315
-0.018889427,-0.26863617
-0.14250784,0.77413243
-0.0005488018,-0.94672024
-0.022906378,-0.9439392
-0.033988878,-0.014038851
-0.077220075,0.6733558
-0.06649802,0.7385687
0.0067343633,-0.9429234
0.024557551,-0.19837905
-0.032489303,-0.048748538
-0.09979941,0.7216715
0.066019624,-0.28313512
-0.11179344,-0.92242247
-0.13795622,0.7849225
-0.044589244,-0.93786335
-0.12935038,0.77676743
-0.09614895,0.72572887
0.051272538,-0.83755076
-0.07480042,-0.9225346
0.017677842,-0.31466562
-0.013885051,-0.061385106
-0.045587175,-0.93985826
-0.07505848,0.6453569
-0.046654638,-0.8933038
0.0031773127,-0.27039984
-0.02107654,-0.9434133
-0.048923943,-0.4709383
-0.118144,0.780498
-0.06617987,-0.9364984
-0.1275235,0.7738061
-0.038250536,0.42845032
-0.17350072,0.7879692
-0.10573599,0.7725812
-0.13992949,0.7884444
-0.12192251,0.7758904
-0.102930844,0.33061922
-0.008476332,-0.9445621
-0.06211818,0.7207773
-0.07525916,0.6239064
-0.052913826,-0.8908375
-0.030101793,-0.94493324
0.022100117,-0.9272999
-0.10804236,0.76667184
-0.058898292,0.7077797
-0.033478778,-0.20281035
-0.024731886,-0.7023086
0.014088898,-0.80493146
-0.109464124,0.7727494
-0.03953391,-0.8917878
-0.11106108,0.7365083
0.009181045,-0.9416614
-0.12072724,0.78363174
-0.10371867,0.7610138
0.033527084,-0.59871745
-0.10594376,-0.92158914
-0.054711442,-0.9297762
-0.08876279,-0.9290938
0.09652748,-0.50672656
-0.121594094,0.7498026
-0.12056772,0.77429754
-0.0047677285,-0.18163612
-0.14553702,0.7789629
-0.040228587,-0.94265044
-0.022863887,-0.93570143
-0.093014136,-0.930141
0.04942111,-0.8913638
-0.038392376,-0.94261056
-0.08362911,0.6235107
-0.0046995794,-0.3000747
-0.016857399,-0.94299513
-0.16710608,0.7788856
-0.0018286442,-0.9428917
-0.020728314,-0.943732
-0.053091086,-0.93853945
-0.09835858,0.7757082
-0.09233928,-0.9316607
-0.028820395,-0.9443237
0.088203095,-0.6315985
0.015957363,-0.9322312
-0.0723827,-0.9361878
0.080796465,-0.4201738
0.00079902075,-0.94715625
-0.057013694,0.61914223
0.03462742,-0.084531076
-0.012175542,-0.94159013
-0.123535074,0.7899108
-0.0025328156,0.23424555
-0.077458136,0.7462579
-0.062283676,-0.92575896
-0.024543716,-0.04724236
0.021852009,-0.3341286
-0.01506126,-0.9449087
-0.14816001,0.3555294
0.005998123,-0.94361335
-0.13652116,0.7740757
-0.08151701,-0.92275375
-0.012748496,-0.23439078
-0.055582885,-0.9360624
0.017197158,-0.37318656
-0.10424631,0.75866693
-0.13944207,0.77689785
-0.120692685,0.75169015
-0.011767223,-0.94544894
-0.04454916,-0.24366146
-0.13357542,-0.67748785
0.022622129,-0.3253994
0.09591687,-0.4797314
-0.026168216,-0.9436574
-0.15218066,0.7837407
-0.15890251,0.7704718
-0.09190664,0.78203905
-0.1132835,0.7776645
-0.124289595,0.28451768
0.055141963,-0.35359937
-0.0018107005,-0.4344199
-0.049927015,0.30014884
-0.11680267,0.75854677
0.0924511,-0.56443506
-0.014359704,-0.9453769
-0.032057058,-0.92917866
-0.078099065,-0.08456522
-0.002023933,-0.9453029
-0.12172318,0.78744286
-0.10389778,-0.9282482
-0.047483746,-0.9394156
-0.07953185,0.7512797
0.020577153,-0.22427894
-0.015994333,-0.94311965
-0.06694868,0.7085284
-0.016186846,-0.9474268
-0.13861871,0.78722847
-0.061760977,-0.9177007
0.12087851,-0.4218492
-0.06716056,0.7658101
-0.0017723955,-0.7681667
-0.007391723,-0.9430326
-0.14169721,0.7816716
-0.15040044,0.78062385
0.028230824,-0.87458706
-0.002591351,-0.9043247
0.0069552423,-0.20098774
-0.06649326,-0.93499094
-0.018929232,-0.9362707
-0.15628545,0.76959175
-0.14567085,0.7694181
-0.15384337,0.7905914
-0.0063700452,-0.9460196
-0.078982905,-0.93348026
0.018090302,-0.27294472
-0.16374858,0.7783239
-0.008294137,-0.94566727
-0.042477984,-0.9442072
-0.032158412,-0.9338408
0.067807674,-0.7530244
0.008419982,-0.94205886
-0.0230385,-0.78128946
-0.14906564,0.7803127
-0.010639941,-0.059028435
-0.14605457,0.7818833
-0.09379394,-0.928705
0.05335913,-0.90912694
0.08629542,-0.013172137
-0.12463443,0.79444504
-0.023905851,-0.9249889
-0.074503906,-0.92458665
-0.083984375,-0.9289413
-0.09109849,0.7680928
0.06262092,-0.8467825
-0.13141023,0.7803068
0.012265545,-0.93611735
-0.0004892115,-0.9302514
0.018498309,-0.23867838
-0.10161023,0.52722776
-0.06464903,0.7122004
-0.14390585,0.6085946
-0.101427495,-0.40010387
-0.050167765,-0.93826264
0.00064125116,-0.29370278
-0.14956029,0.7856656
-0.055507634,-0.93694603
-0.07262555,0.7364013
-0.035573237,0.3242897
0.022093037,-0.918513
-0.08294527,0.7750274
-0.15666175,0.7901329
-0.15051757,0.7758221
-0.0693906,-0.9150255
-0.18244308,0.78353775
-0.09409128,-0.9311156
-0.013943551,-0.94429237
-0.058553573,-0.92750084
-0.08994638,0.6821974
-0.076753296,0.27240196
0.045056637,-0.51839453
0.04480074,-0.60126865
0.017874073,-0.8828599
-0.014549277,0.6379006
-0.12546073,-0.9127743
-0.047809258,0.49039972
-0.0011995705,-0.94273126
-0.118909314,0.77817374
-0.027746245,-0.9415454
-0.16203314,0.08912582
-0.03466426,-0.943364
-0.0041406425,-0.29219532
-0.12522615,0.7840262
0.046874166,-0.6673264
-0.048769653,0.6106495
-0.07918691,0.7512773
-0.14720382,0.757209
-0.008590643,-0.943312
-0.117671035,0.7422422
0.016067067,-0.9135971
-0.10981942,-0.93034494
0.026698172,0.3288834
-0.0037834994,-0.9419392
-0.08175814,-0.92883575
-0.0641373,0.7571038
-0.04088544,-0.93472654
-0.03817277,-0.9347754
0.0273858,-0.4263862
0.054564316,-0.8927678
-0.06999327,-0.9358042
-0.09853539,0.75196934
-0.015327862,-0.9452079
0.05356529,-0.34655538
0.011618558,-0.9390441
-0.012916791,-0.945926
-0.10953471,0.76448923
-0.05030225,0.4094352
-0.027910255,-0.94354093
-0.07213281,0.7486035
-0.10531649,-0.9253294
-0.11509254,0.4619873
-0.09066862,0.2475304
0.047821965,-0.7698912
-0.043429494,-0.9395641
-0.020330384,-0.9410522
-0.0205235,-0.94536567
-0.06891706,-0.93415755
-0.17119324,0.64977646
-0.1255525,0.7897377
0.03501432,-0.92748946
0.0536709,-0.09653393
-0.13863577,0.79627025
-0.035439324,-0.9414477
0.12187546,-0.47303224
0.05942412,-0.33604467
-0.073118314,0.2324863
-0.08160327,-0.33355096
-0.069088206,-0.9371558
-0.032355268,-0.9446304
-0.084470235,0.7367588
-0.15894479,0.751912
-0.000683174,-0.9327224
0.07325019,-0.41577137
0.10044163,-0.7545609
-0.1261059,0.78195405
-0.077203915,0.6672616
0.023195678,-0.43288884
-0.09971686,-0.9297587
-0.093440466,-0.92039007
-0.13258861,0.7801563
-0.11722462,0.7835262
-0.080914736,-0.93199456
-0.004044103,-0.2093856
-0.0492144,-0.92597276
-0.06084741,-0.90803707
0.051418602,-0.85161865
-0.07958178,0.65410805
-0.1043551,0.74285084
-0.11648423,0.77140796
-0.11659146,0.78044605
-0.18468058,0.77429056
0.049005684,-0.852356
-0.023779303,-0.94380134
-0.116467685,0.7810263
-0.047330476,-0.9410426
-0.09109638,-0.9226866
-0.025476463,-0.29202905
-0.038161412,-0.94193715
-0.099115595,0.77127916
-0.14131513,0.7823974
-0.003148771,-0.9430354
0.018306358,-0.26152423
-0.03270548,-0.05267261
0.13192967,-0.5211499
-0.087934755,0.7673262
-0.031695183,-0.93994397
-0.06842882,-0.92078215
-0.121064894,0.77233124
-0.040347546,-0.9434604
-0.17345098,0.77459294
-0.12839541,0.78166443
-0.15562831,0.78007394
-0.09918997,-0.9284669
0.018645562,-0.19370745
-0.12247116,0.7801309
0.098583676,-0.48412606
0.071041115,-0.46781266
-0.18221793,0.11231127
-0.009528448,-0.08452837
0.06364908,-0.83210665
-0.07019437,-0.071238995
0.037295453,-0.221947
-0.10404127,0.77794725
0.03284557,-0.29683977
-0.09333806,0.76667327
-0.068336636,0.7350895
-0.09505406,0.76462895
0.0010677866,-0.9478415
-0.059790082,-0.9389949
-0.0917176,0.6786301
-0.021220896,0.21962488
-0.035091955,-0.937951
0.06302458,-0.89480186
-0.13307485,0.78586453
-0.06368863,0.7225645
-0.12436731,0.7748635
-0.10690008,-0.9222514
-0.0796606,0.67975426
0.07087244,-0.8958255
-0.043678313,-0.9390266
0.054828696,-0.4586634
0.051047646,-0.3952849
-0.028822951,-0.94119793
-0.041237105,-0.94193184
0.04223555,-0.3594171
-0.119390674,0.3893409
-0.05962484,-0.9331963
-0.0306153,-0.94299424
-0.17770042,0.78379524
-0.07570384,-0.9358803
-0.06425666,-0.9305872
-0.1478207,0.7569768
-0.03367338,0.67747444
0.0736459,-0.37996796
-0.064239845,-0.93544614
-0.08654887,-0.93346524
0.01131261,0.6228988
-0.014819188,0.6645239
-0.070792936,0.5196712
-0.11160733,0.78131974
0.085310034,-0.47170407
0.0023214454,-0.2800316
0.06690803,-0.91841716
-0.026905214,-0.912446
-0.021106362,-0.9435417
-0.02208358,-0.9273562
-0.13917483,0.7845851
-0.014484659,-0.2862051
-0.14478423,0.78771365
-0.012858394,-0.9447373
-0.11171468,0.38179928
0.08134341,-0.8891699
-0.16554782,0.7864678
-0.1162194,0.7851138
-0.11857009,0.78782916
0.10859336,-0.60031974
-0.029888682,-0.93763953
-0.1612886,0.7893188
-0.022532413,-0.9330679
-0.055708215,-0.92333764
-0.13661127,0.79128414
-0.054577023,-0.93823963
-0.09618259,-0.93287575
-0.027765144,-0.9435329
0.031989217,-0.3463232
-0.051500365,-0.93945605
-0.10259294,-0.8992029
-0.13168219,0.7823947
0.10282669,-0.26386768
-0.09418325,0.7626433
-0.059955988,0.4151097
-0.19653732,-0.2827913
-0.056788776,-0.93319625
-0.003291261,-0.8168119
-0.112532556,0.57988226
-0.023674859,-0.9399053
-0.08957352,0.7537353
-0.11083998,0.49688348
-0.1089903,-0.9252624
-0.16419494,0.7811868
-0.0715054,-0.9345616
0.027852388,-0.3486599
-0.019064385,-0.14411543
0.035798386,-0.926728
-0.021161333,-0.9428282
-0.12203538,0.78278273
-0.0617214,0.69950926
-0.006734786,-0.9463009
-0.061890554,-0.9395564
0.08557033,-0.87629443
0.08346663,-0.4968486
-0.05440404,0.7147554
-0.021110812,0.62488073
-0.14801188,0.7787619
-0.1539118,0.78798884
0.037093993,-0.3079665
0.022691306,-0.36659062
-0.054480173,-0.020925578
0.01638144,-0.23788783
-0.103985295,-0.9275109
-0.107244454,0.7850904
-0.008233546,-0.94090396
-0.08126822,0.7536007
-0.12179658,0.79007804
0.046924353,-0.83916444
-0.022709202,0.048132583
-0.018081604,-0.9462584
-0.034033995,-0.9412803
-0.14451435,0.7867388
0.018332107,-0.93222356
-0.058207475,-0.008051202
-0.1280029,0.7841561
-0.09863373,-0.92667305
-0.08129478,-0.9321445
0.074925825,-0.36312804
-0.119002864,0.78298825
0.10632007,-0.82612383
-0.100024834,0.7789329
-0.014996528,-0.9405712
-0.0026291946,-0.17455323
-0.097810015,0.68108
0.08550804,-0.88260275
0.066889,-0.8816468
-0.10866436,0.75944406
0.011180855,-0.24619891
-0.1513245,0.7790679
-0.06096608,0.7485161
0.020183813,-0.3715631
0.007537853,-0.9278715
-0.027171142,0.3207523
-0.06423721,-0.9342702
0.117384784,-0.4751003
0.085310176,-0.8182991
-0.112378865,0.76530564
-0.12793174,0.7809851
-0.066006996,0.7637119
0.018771002,-0.2822543
-0.14185776,0.7834839
-0.06988498,-0.93600595
-0.09544807,0.7456786
-0.10307119,0.7716287
-0.08979511,0.3462141
-0.04698971,-0.15958434
0.07960195,-0.3476315
-0.08283207,0.7320584
-0.094033554,-0.92939425
-0.12054713,0.78004557
0.007666032,-0.9312402
0.11482632,-0.737771
-0.09706007,0.7648849
-0.10399485,0.7890305
0.064466044,-0.8725398
-0.05962295,-0.033621106
0.014561976,-0.91499853
-0.06213493,-0.9354644
-0.042904932,-0.2209849
0.048693765,-0.8569007
-0.03684846,-0.940542
-0.035641093,-0.94428056
-0.02307806,-0.941839
-0.12866125,0.77275026
-0.08354971,-0.9307413
0.040387556,-0.42351732
-0.041018374,-0.93896294
-0.0004525376,-0.94274414
-0.025614081,-0.9443489
0.038458776,0.010244946
-0.023522288,-0.9438318
-0.11419827,-0.9254079
-0.13637108,0.7873762
0.05868881,-0.88739103
-0.07426909,-0.9272023
-0.08783199,-0.9179361
-0.016889831,-0.94490826
-0.008261194,0.5905171
0.118262365,-0.7109078
-0.08443884,0.74921554
-0.14790708,0.7772136
0.10437225,-0.85707194
-0.10863327,0.7887359
-0.10838494,0.7717563
-0.11489989,0.67264384
-0.10864841,0.7672743
-0.07481192,0.7294326
0.030623065,-0.9225382
0.052321628,-0.6198403
-0.029268011,-0.93569756
-0.09847275,-0.9299156
-0.06917346,0.7210479
-0.019584153,0.6876125
-0.015406266,-0.20756431
0.06559949,-0.40130144
-0.09209193,0.7811874
-0.061224204,0.77130216
-0.061183758,0.73532367
-0.04445412,-0.9420049
-0.0010173545,-0.93542594
-0.123979926,0.75606304
0.052200288,-0.3695748
-0.14440775,0.78439367
-0.084980115,0.7464245
-0.14880224,0.78148323
-0.1353514,0.7874768
-0.104527265,-0.92324704
0.031055558,-0.27713868
-0.08004953,0.7114146
-0.15048246,0.7604863
-0.0037476066,-0.2698546
-0.08028897,0.43531603
-0.09402729,0.71157116
-0.11236823,0.7822187
-0.085808404,0.6995701
0.06024017,-0.7780258
-0.15307394,0.7861642
0.08346463,-0.4071352
0.018539073,-0.69199
-0.03275241,-0.94269353
-0.16814728,0.7805308
-0.16365723,0.77292174
-0.16221029,0.7893189
-0.15101947,0.38352904
-0.08759824,0.70611525
-0.023537813,-0.94375217
-0.03355547,-0.9428695
-0.086131595,-0.9314784
0.06673689,-0.58069587
-0.02328001,-0.9426696
-0.051247016,-0.9386825
-0.11737767,0.7705926
-0.1514379,0.78554
-0.034885738,0.5521346
-0.10786473,0.77674735
-0.20078225,-0.3877103
-0.083607554,-0.93089724
-0.1241935,0.78150165
0.05954505,-0.88672686
-0.127675,0.7656559
-0.04426957,-0.9422998
-0.11348211,0.77459764
-0.079858005,0.7760006
-0.13646072,0.7720524
-0.1425851,0.7797274
-0.11157983,-0.92364377
-0.09985149,0.7718138
0.054664228,-0.8531278
-0.10489509,0.77890396
0.032134328,-0.40669417
-0.041953005,-0.9377682
-0.07887052,-0.93383443
-0.03567079,-0.9412257
0.038276847,-0.90440065
-0.089655496,0.27080506
0.116229706,-0.6901245
-0.15433364,0.78172237
-0.13189866,0.79167384
-0.097229734,0.75787205
0.025634859,-0.37907094
-0.0955313,0.77999365
-0.063005485,-0.93549657
-0.13472101,0.78893155
0.07467211,-0.46488133
-0.07764096,-0.93467844
-0.072070025,0.75916964
-0.039107848,-0.94113994
-0.17235535,0.776973
-0.08176942,-0.922919
-0.07852452,-0.9341187
0.01638811,-0.94588906
-0.0035399827,-0.9389923
-0.16879907,0.78564554
-0.019679876,-0.9439526
-0.039975442,-0.20816916
-0.122008584,0.7704788
-0.014501942,-0.94622135
0.009277064,-0.20117117
0.031887047,-0.46684602
-0.012047583,-0.33931357
-0.08743411,-0.9313265
-0.10555523,-0.92727095
0.02046687,-0.932744
-0.09860449,-0.92981285
0.0008819917,-0.14090009
-0.14843984,0.7823725
-0.14723168,0.7898708
0.081316285,-0.90800744
-0.13644752,0.7876708
-0.11820658,0.7693345
-0.0034078285,-0.94541746
0.055882514,-0.88235104
0.03572737,-0.89149773
-0.0632401,0.73825437
-0.15894213,0.7617414
0.04653496,-0.16703048
0.055938985,-0.30323064
-0.12422289,0.08125598
-0.08574028,0.7727536
-0.084276825,-0.9235832
0.03515907,-0.30573562
-0.010909476,-0.9331159
-0.020937499,0.5136908
-0.07531429,0.75333226
0.06298919,-0.7662587
0.1137051,-0.5343934
-0.10416668,0.7766177
-0.018796565,-0.94486105
0.0029676675,-0.9263216
-0.07812195,0.7316036
0.052400496,-0.2348695
-0.13939808,0.17099226
-0.006598493,-0.93556553
-0.0046519847,-0.943328
-0.1359387,0.76843274
-0.12307977,0.78128755
-0.10719356,0.77095044
-0.13360392,0.7881815
-0.09043778,-0.93198055
-0.14984497,0.7868167
0.010336535,-0.31729192
0.049584165,-0.90584826
-0.11610889,0.44676578
0.014451517,-0.9466887
-0.088028274,0.7374144
0.07520755,-0.650561
-0.048779856,0.25341603
-0.092407264,0.7677551
0.08722766,-0.39162922
-0.14936785,0.7870256
-0.072610416,0.19831905
-0.014594396,-0.9418176
-0.027730988,-0.9425766
-0.08493511,-0.930757
0.049149692,-0.88928694
-0.039606787,0.70605814
-0.12527093,0.7675134
-0.1294485,-0.9153548
-0.07427477,-0.9344447
0.022638572,-0.9176942
-0.057705212,0.7360681
-0.039463907,0.50263774
-0.09378219,0.75866127
0.037280057,-0.9285128
-0.057685018,-0.927437
-0.07130965,0.6049317
-0.124507636,0.765285
-0.075297564,-0.9358632
-0.022021411,-0.9442672
-0.03588109,-0.93714684
-0.021437814,-0.9434789
-0.010604404,-0.9432583
0.04739683,-0.5701231
-0.119169034,-0.9143519
-0.016379323,-0.545435
-0.14198323,0.211071
-0.10197172,-0.92069745
-0.104952075,0.77023214
-0.056386773,-0.9248813
-0.000256271,-0.88225925
-0.06560703,-0.9317156
-0.061990503,0.75247884
0.014180323,-0.42536736
0.0134609435,-0.9298356
-0.13214096,0.79048276
-0.0075728362,-0.40727362
-0.1068556,0.784005
-0.01313863,-0.94007564
-0.049191196,-0.9359927
-0.08197,-0.9327702
-0.06679845,-0.9306211
0.07276523,-0.85815287
-0.115423106,-0.9120216
0.033114426,-0.723681
-0.111785084,-0.5904873
-0.0414183,-0.93283
-0.05727617,-0.9376565
-0.034021135,-0.93790305
-0.05121578,-0.045345064
-0.05338428,-0.94095755
0.040374417,-0.6407379
-0.14703248,0.77573246
-0.058856387,-0.93803215
-0.041954968,-0.9383715
-0.11254949,0.7655936
-0.12552564,0.1980775
-0.0826153,-0.9339413
-0.122980595,0.77951354
-0.0862282,0.7520639
-0.056182485,-0.036188085
-0.114328906,0.7516927
-0.11128985,0.7730219
-0.051897213,-0.94025034
-0.13063483,0.78433555
-0.010636335,-0.93594927
-0.03447686,-0.94069326
-0.12428113,0.78119296
-0.044962328,0.15046996
-0.012905583,-0.92750865
0.008132146,-0.16562891
-0.019703282,-0.94492394
-0.073743194,0.4270504
-0.022984913,-0.9460664
-0.16151632,0.76782435
0.08620105,-0.5885357
-0.119865,0.7799634
-0.020651791,-0.9446155
-0.083601266,0.7244738
0.021870898,-0.8962563
-0.096280426,0.78024584
-0.13340418,0.78972113
-0.17228028,0.77343637
-0.08860172,0.7595877
-0.05181998,-0.93782705
-0.15652421,0.78013057
-0.09067251,0.76545584
-0.09745211,0.7780282
-0.1332171,0.78478134
0.101601034,-0.803232
-0.11693389,0.7759103
-0.09377822,0.6461856
-0.07807072,-0.2536267
-0.12657504,0.7746479
0.04606413,-0.32418093
-0.18761463,0.77520573
0.023555256,-0.3899418
0.07310725,-0.56410664
-0.117356166,0.77888507
0.048659053,-0.52500755
0.01980053,-0.9345987
-0.035251398,-0.9414836
-0.009133174,-0.9444466
-0.031848025,-0.33778334
-0.113340065,-0.92362845
-0.088959016,0.76674783
-0.16662209,0.786809
0.037911676,-0.2916866
-0.001586224,-0.18443039
-0.026052518,-0.9416527
-0.101711236,0.781301
-0.079549395,-0.13313776
-0.13480176,0.78938454
-0.09638609,0.7713148
-0.15117505,0.7823165
-0.08743787,0.66882634
-0.21554387,-0.5017388
-0.02321157,-0.2550557
-0.10049129,0.7805026
-0.12191927,0.007666879
-0.016673261,-0.9451605
-0.13671073,0.3167226
-0.021951241,-0.94695437
0.10737611,-0.49198204
-0.11874904,0.77091324
-0.13485391,0.78863436
-0.010768265,-0.9445195
0.015167916,0.34576854
-0.042973645,-0.9411208
-0.04261905,-0.94155556
-0.107316636,0.51037514
0.076820016,-0.8583175
-0.09367327,-0.9334674
-0.12079573,0.7515193
-0.014198171,-0.9455109
-0.017360797,-0.9480341
-0.10264022,-0.38932618
-0.12008997,0.7849664
0.036492065,-0.93459755
-0.02122508,-0.9101199
-0.06522726,0.7684569
-0.10877955,0.7695232
-0.09515028,-0.698167
-0.03314736,-0.92817575
-0.15151021,0.7812756
-0.049418095,-0.93799305
-0.08428465,-0.927892
0.028071124,-0.92048556
-0.04301314,-0.9428923
-0.112150244,-0.92599195
-0.016292062,-0.9455993
-0.011025918,-0.9385251
-0.11719524,-0.9169992
-0.07808651,-0.91236126
-0.10087106,0.71833855
-0.06811118,-0.9292792
0.03344436,-0.29259804
-0.12411052,0.78470564
-0.023895625,-0.94371086
-0.08850358,0.7746297
0.11252949,-0.83594775
-0.088169105,-0.9291805
-0.10740667,-0.9242197
-0.0013050284,-0.9431869
-0.17232174,0.78034616
0.038348153,-0.25719237
-0.08773281,0.7479629
-0.07131491,-0.8921282
-0.11234643,0.767181
-0.07672698,-0.92367136
-0.06682341,0.6902176
-0.12046231,0.76142395
0.064858444,-0.8765445
-0.010351851,-0.9416976
-0.09474445,0.7918238
-0.10661887,0.7177905
-0.091171406,-0.92720145
-0.06639275,-0.9245971
-0.041970454,-0.9410174
-0.10502287,0.7644043
-0.08965942,0.7745916
0.0012338777,-0.094109856
-0.11815895,-0.12152824
-0.025813712,-0.73344105
-0.09846099,0.74533176
-0.11929463,0.74452454
-0.09557911,-0.92041487
-0.0056663034,-0.8969852
-0.19186918,-0.6245032
-0.013751809,-0.18222587
-0.012370961,-0.9436549
-0.106745854,0.773707
-0.0751312,-0.22656329
-0.13171414,0.77665204
-0.051596276,-0.88534164
-0.0960874,0.17411605
-0.124358945,0.7479625
-0.14751858,0.7882382
-0.102373526,-0.7374203
-0.17235115,0.78943735
0.024734003,-0.8619706
-0.13345413,0.7719712
-0.027908932,-0.9417464
-0.06343279,-0.93362445
-0.16087727,0.7838296
-0.085249364,0.7612025
-0.065952815,-0.93802875
-0.061885826,-0.93772197
0.1341515,-0.7738687
-0.008222848,-0.46662655
-0.04318166,-0.94024664
-0.119357586,0.7737649
-0.12399831,0.76867807
-0.10450069,0.7049983
-0.10503234,0.75974166
-0.109995075,0.7819944
-0.08739469,-0.93134415
-0.1111033,0.7808499
-0.0999268,-0.92056304
-0.1676883,0.77804613
0.02893798,-0.9188154
-0.14951351,0.7508291
-0.1374527,0.47272688
-0.092787266,0.29216293
-0.054801334,-0.9340404
-0.096687846,0.7677432
-0.19158418,0.76729214
-0.006222942,-0.37575078
0.052671805,-0.4314576
-0.043561876,-0.9349215
-0.027034534,-0.9378549
-0.1462023,0.75680786
-0.11782872,0.7882507
0.022513188,-0.3036614
-0.09218614,-0.92903596
-0.099289164,-0.92508775
-0.051976155,-0.90666497
-0.08702414,0.75476164
-0.14131983,0.7829623
-0.07128003,-0.9327199
0.10023935,-0.85082006
0.013701296,0.5767396
-0.10687886,0.7600835
-0.027630014,-0.9180949
-0.0805513,-0.9329461
0.08413088,-0.5138365
-0.122837454,0.7765378
-0.11461657,0.7848634
-0.07960578,0.77081746
-0.16258562,-0.042573046
-0.06608267,-0.15474805
-0.025910681,-0.14122622
-0.019984895,-0.61770767
0.081812866,-0.5457885
0.071014374,-0.43965873
-0.065249845,0.75154626
-0.15011588,0.7655352
-0.08741163,0.40577847
-0.1617327,0.73831755
-0.03661269,-0.9422651
-0.110871375,0.7709434
-0.023812618,-0.20918457
-0.14428505,0.78818375
0.06620606,-0.5805417
-0.09717008,0.76887125
-0.041534413,-0.94063133
-0.09408486,-0.92610365
-0.023932733,-0.9031791
0.0027815793,-0.94139725
-0.08404804,0.28358552
-0.053649668,-0.93938917
-0.037692565,-0.91739404
-0.07606809,0.7347139
-0.12966362,0.7708203
-0.112472124,0.06956029
0.08030103,-0.87696326
-0.074732095,0.74996144
-0.043147102,-0.9335099
0.02020438,-0.9206291
-0.023276312,-0.94236845
-0.073275946,-0.932214
-0.13715872,0.7824113
0.025469672,-0.38769576
-0.12678067,0.76745635
-0.105987705,-0.9254761
-0.0838824,-0.105939075
-0.041956775,-0.93757325
0.0002772846,-0.9393771
0.06302724,-0.5182202
0.039787814,-0.3226539
0.076290175,-0.808427
-0.04668818,-0.93979645
-0.15450741,0.7829411
-0.10280597,-0.9281298
-0.14198336,0.7764572
0.043233305,-0.7268309
-0.13658354,0.7780154
0.075760804,-0.37579697
-0.11547897,0.7923981
-0.022083903,-0.94293964
-0.09966737,-0.9272983
-0.01644734,-0.9371218
-0.16851842,0.77854097
-0.06126025,-0.93873954
-0.007698042,-0.3283038
-0.04540696,-0.027697422
-0.07512107,0.67769915
-0.023786834,-0.9408728
0.04315151,-0.8671604
-0.079629496,-0.6457969
0.01690901,-0.9453746
-0.00669588,-0.94267815
-0.058751263,-0.35860124
-0.0950657,0.73064286
-0.029474685,-0.9182564
-0.076058246,-0.93191487
-0.05018332,-0.94159776
0.05000117,-0.84455293
-0.06397039,-0.9344218
-0.08493768,0.6792502
-0.10888694,0.57055557
0.05500449,-0.38033286
-0.0055445894,-0.9446042
-0.036964793,-0.13640216
-0.05254588,-0.93994933
-0.007732236,-0.9420101
-0.086170346,0.76048577
-0.034579206,-0.07168259
-0.107731886,0.77729565
0.013964335,-0.920129
-0.024753064,-0.27461863
-0.09238738,-0.9203074
-0.0529749,-0.937766
-0.1090218,0.32974923
-0.085581094,-0.9262032
-0.03307587,-0.4484469
0.018840471,-0.6526869
0.02722371,-0.5002357
0.08845217,-0.55660444
0.0034914687,-0.9399651
-0.13375671,0.7884093
-0.0902579,-0.9241667
-0.08643237,-0.5704625
-0.046391,-0.9377451
-0.11645874,0.7595463
-0.030522168,-0.9306157
0.050792716,-0.5455708
0.028253386,-0.9057711
-0.08256731,-0.9210342
-0.021087633,-0.29592782
0.014643132,0.10773066
-0.16103503,0.7786778
-0.08505981,-0.928983
-0.11939346,0.783735
0.015331794,-0.38864687
0.09973048,-0.5566543
-0.16770384,0.7882949
-0.043241233,0.74693847
-0.091378905,0.67877173
-0.13806523,0.7753912
0.0363379,-0.42739344
-0.1631268,0.78043234
-0.08819708,-0.93041193
-0.0913653,0.7148625
0.092909954,-0.7097747
-0.00091371447,-0.9412055
-0.106758,-0.92513216
-0.04418099,-0.93933564
-0.14306785,0.7725679
-0.14908661,0.61454046
-0.04700303,-0.9397201
-0.110171884,-0.26344827
-0.09021054,-0.9249456
-0.13460603,0.7876228
-0.031149955,-0.038623404
-0.056872685,0.2467646
-0.123223945,0.7723233
-0.10387166,0.7720405
-0.12591624,-0.91546607
0.043670557,-0.3130508
-0.11955064,0.7862957
-0.036378965,-0.9402091
-0.114234634,-0.92240053
0.011055707,-0.03322354
-0.051884938,-0.13003801
-0.01255108,-0.18597922
-0.09691771,-0.07661661
0.09984109,-0.6074985
-0.116383515,0.76442707
-0.01480158,-0.9450249
-0.06320503,-0.9279021
-0.02620966,-0.9418239
-0.13088833,0.7818558
-0.11652468,0.380768
-0.029291697,-0.3364984
-0.020632798,-0.93743354
-0.12472406,0.76238257
0.071415305,-0.4910935
-0.06012218,0.29980054
-0.10419753,-0.8927439
-0.022404356,-0.93088317
-0.047656696,0.60399365
-0.08453373,-0.9265639
-0.17367353,0.78570104
0.0686814,-0.6752285
-0.06883607,-0.9292904
-0.08307381,0.75929576
-0.07226437,-0.9349931
-0.054988094,-0.940482
-0.035928205,-0.9409624
-0.03662696,-0.9414008
0.082094826,-0.4890155
-0.102544114,0.78251916
0.0020220643,-0.9472694
-0.040960044,-0.24599642
-0.06344261,-0.9256741
-0.055582512,0.4016119
-0.01938739,0.2862672
-0.030707901,-0.94142073
-0.090336226,0.7491863
-0.12486809,0.78336525
-0.12888518,0.74486065
-0.104660414,0.7835449
-0.04505001,-0.93430066
-0.10089014,0.765809
-0.12962629,0.11025608
0.08382089,-0.8175307
0.069840506,-0.5770395
-0.050418492,-0.932885
-0.0168937,-0.5277725
-0.09463372,-0.92668253
0.005714591,-0.93529725
0.01799757,-0.9213196
-0.017843803,-0.9444452
-0.11879144,-0.9127134
-0.11685086,0.7218732
-0.075926624,-0.93489975
-0.12926221,0.7857781
-0.030541997,-0.93993723
0.019612331,-0.8049455
-0.043421265,-0.93507415
0.018668182,-0.9218958
-0.083348304,-0.9169443
-0.0049801893,-0.9404285
-0.13638207,0.76355857
-0.15791872,0.7910037
-0.091309555,-0.9264345
-0.12131009,0.758048
-0.14491333,0.776174
-0.03850358,-0.943901
-0.09035076,0.70260006
-0.09321443,0.74114674
0.0014865674,-0.32010877
0.043346792,-0.49007356
-0.1477686,0.7780089
0.02740699,-0.40972126
0.04802494,-0.3452923
-0.04454869,0.10780518
-0.041109223,-0.93775445
-0.087953374,0.70127934
-0.1215158,0.7687801
-0.07633907,-0.93079394
-0.02346847,-0.9383341
0.016449928,-0.25246397
-0.017386781,-0.9463096
-0.09359459,-0.92839676
-0.09046879,0.2929453
-0.03487909,-0.9413724
0.011640423,-0.88834584
0.04902309,-0.114329405
-0.08775206,0.73735946
-0.009725318,-0.94394165
-0.09720062,0.7706477
0.06696942,-0.90321743
-0.116428405,0.78534627
0.050456867,-0.32447648
0.07121749,-0.39585155
-0.07757336,-0.9353545
-0.16674969,0.76939255
0.065178685,-0.7079108
0.01146675,0.3097741
-0.09128452,-0.92592704
-0.08561321,-0.9328236
0.004012037,-0.2794736
-0.14972939,0.7648704
-0.013669388,-0.87814635
-0.08859969,-0.9284833
-0.0654786,-0.92914766
-0.07964415,0.73681515
-0.103592366,0.5266537
-0.026262958,-0.94338334
-0.08620059,0.7611107
-0.102703914,-0.92546374
-0.04908929,-0.10367764
-0.04949534,0.5361415
0.036883786,-0.9204842
-0.011209294,-0.9413526
0.026245192,-0.87442476
-0.0012986002,-0.94663113
0.015856592,-0.3955796
-0.15861699,0.6120933
-0.030873887,-0.9432072
-0.033372235,-0.94081664
0.053271476,-0.30775565
0.08225044,-0.35490355
-0.074130185,-0.9339648
-0.050334297,-0.9394448
-0.12248799,-0.9104555
-0.16714524,-0.5328725
-0.03094732,-0.25077176
-0.071017705,0.52465063
-0.086129,-0.9160967
0.041352723,-0.2526691
-0.062594816,-0.93318564
-0.08224176,-0.93279344
-0.081543066,0.33754206
0.046067562,-0.6364818
-0.1662837,0.7634163
0.0034352667,-0.94470614
-0.21747999,0.012370408
-0.08070233,0.7416919
-0.07628542,-0.9342605
0.07685224,-0.67728066
-0.08678627,-0.92610735
-0.10023337,-0.9252551
0.04106731,-0.25120315
0.0016070742,-0.94444805
-0.13304874,-0.5135872
-0.10799763,-0.92718107
-0.10381886,-0.044745166
-0.14427027,0.79192483
-0.07669862,-0.93332267
-0.13746774,0.7688411
0.02472957,-0.8429879
0.02916558,-0.17926157
-0.002837463,-0.93590564
0.10015009,-0.7727144
0.0685941,-0.45323917
0.025674986,-0.9193463
-0.028433522,-0.9407391
-0.13775787,0.77676225
-0.060738415,-0.14663437
0.023411384,-0.90643597
-0.04851611,-0.18871896
-0.06440222,-0.2838065
-0.040758044,-0.91217864
-0.11823005,0.78505385
-0.13506936,0.783638
0.087357745,-0.40522236
-0.07563838,0.6621872
0.010993849,-0.9379667
-0.00377516,-0.9472153
-0.058166124,-0.9325073
-0.13814606,0.78301
-0.007607362,-0.94325846
-0.09319238,0.7572015
-0.1389709,0.77873987
-0.17773041,0.7742656
-0.09839792,-0.9179657
-0.04662423,-0.2064248
-0.17622782,0.7802662
-0.09443371,-0.9316648
-0.12511489,0.78743374
-0.03568856,-0.9355042
0.039997905,-0.23945843
0.09438541,-0.85897464
-0.15183447,-0.617891
0.019055359,-0.83875746
0.025257312,-0.33414447
-0.056745626,-0.6686097
0.013819733,-0.9401141
0.015869584,-0.9087877
-0.027229808,-0.88815653
-0.12122216,0.764862
-0.044983495,-0.28831282
-0.112343766,-0.9235251
0.05951421,-0.84050965
-0.07450866,-0.9390245
0.0045544747,-0.19122624
0.008394749,-0.9251209
-0.046608232,-0.9354359
-0.03587376,-0.9409997
-0.08722905,-0.923895
-0.07497619,0.75817287
0.010734437,-0.30473813
-0.021207644,-0.94433737
-0.035127476,-0.9394965
-0.10570547,0.7724781
-0.17350695,0.7852364
-0.034068484,-0.9395465
-0.1069336,-0.9253347
0.045866027,-0.8951199
-0.08637291,-0.92739356
-0.10872072,0.7741829
0.043706197,-0.48487458
-0.04643521,-0.93913394
0.10623062,-0.79945487
0.006408448,-0.91097665
-0.011842952,-0.87828135
0.010195014,-0.43923867
-0.04986758,0.14454022
-0.10772095,0.76862645
0.07305886,-0.30419543
-0.010547929,-0.94830304
-0.06766765,0.13645469
0.021001752,-0.24731551
0.0645606,-0.49624655
-0.018967202,-0.23328193
0.04176974,-0.90237373
-0.09352588,0.73734754
-0.09662059,0.76306134
0.04751509,-0.4353583
0.016083175,-0.23333098
-0.18494514,-0.31155783
0.023296295,-0.25515723
-0.08542314,0.7436964
-0.021937622,-0.94433266
-0.090219475,-0.933273
-0.022674631,-0.9361882
0.09389681,-0.8665502
-0.13903221,-0.5187167
-0.026083779,-0.94267094
-0.052929007,-0.15942344
-0.088640414,-0.92853564
0.102653295,-0.71270806
-0.07535315,-0.9311964
-0.053929683,-0.94118613
-0.091504574,-0.92869747
-0.0654376,0.5015589
-0.006776124,-0.944818
0.011195529,-0.42082626
0.018560952,-0.25547984
-0.034240637,-0.9301154
-0.06736834,0.54660875
-0.14120877,0.78181636
0.025228065,-0.32087958
-0.015091213,-0.13251367
-0.10653113,0.6920174
-0.0992956,-0.17579463
0.0037089507,-0.9450722
0.04017865,-0.25079003
-0.06368697,0.6154507
0.10253342,-0.55307233
-0.13318126,0.7752274
-0.12997349,0.7776293
-0.09171283,0.7002173
-0.059716567,-0.9349872
-0.093757525,-0.93145704
0.035960916,-0.9188588
-0.13766696,0.78062326
-0.11166562,0.77681786
0.003775045,0.18049243
-0.047982942,-0.93640405
-0.101360515,0.73710656
0.046494253,-0.15216833
0.0019468085,-0.3485373
-0.0046518906,-0.26646256
-0.09290685,-0.9139013
-0.1364191,0.75274694
-0.10747081,0.6481792
-0.025245657,-0.16098733
0.15632062,-0.6934706
0.06452385,-0.4170479
-0.08577936,-0.93334967
0.007432871,-0.9349687
0.05742322,-0.85758024
-0.11107128,-0.9176962
-0.061876982,-0.93580073
-0.15587145,0.7764134
-0.040003866,-0.93883145
-0.013681271,-0.94736934
-0.004072772,-0.29281798
-0.15020321,0.76270634
-0.12376402,0.7809135
0.12477569,-0.65971726
-0.10215317,-0.9271898
-0.0026962166,-0.9467057
-0.05590433,0.13767213
-0.048066773,-0.9448481
0.026934024,-0.8788215
0.0011776015,-0.94306535
-0.019920459,-0.9459085
-0.11615111,0.7658877
0.022496846,-0.14125869
-0.06083351,-0.93820506
-0.104551785,-0.9225993
-0.023258643,-0.9442046
0.016495695,-0.93344337
-0.044888575,-0.9386899
0.004160303,0.07797077
-0.00960274,-0.9431192
0.044572793,-0.44426408
-0.061392054,0.7321423
-0.021421686,-0.14771098
-0.020020751,-0.22701392
-0.002300407,-0.89929265
0.07330407,-0.7108334
-0.08089829,0.11916168
-0.10497342,-0.9244492
-0.11539613,-0.9179083
-0.0833129,-0.35793185
-0.079297006,0.7553386
0.020170005,-0.4879356
-0.038616706,0.03971472
-0.042822458,-0.93602055
0.07882362,-0.8619636
-0.07025581,0.5184724
0.027346814,-0.7604009
-0.033524133,-0.16957808
0.06487425,-0.91374624
-0.14722124,0.76120305
-0.0066093747,-0.677336
-0.092995934,-0.9316689
-0.02975081,-0.9043054
-0.0678211,0.5631733
0.05520865,-0.8524564
-0.004843456,0.33035174
-0.06880615,0.7545572
-0.0014909244,-0.93230534
-0.0918455,-0.92866766
-0.09612456,-0.92723256
-0.021418829,-0.16798985
-0.10508911,-0.6457568
0.07173078,-0.6569623
-0.07499431,-0.93262887
-0.018526588,-0.94451267
-0.06764599,-0.065916575
0.06524393,-0.4027162
-0.09603035,0.7556939
0.079454504,-0.41053843
-0.03314821,0.50235206
-0.1282556,-0.42460996
-0.031857025,-0.9434852
-0.010413754,-0.9440333
-0.006277783,-0.9419775
-0.12489322,0.780051
-0.18993548,0.77327603
-0.053033482,-0.93746316
0.027594429,-0.28869584
0.07855108,-0.34089637
-0.034335867,-0.30665073
-0.0766647,-0.863178
0.001349529,-0.94495165
-0.13365582,0.61251074
-0.04484028,-0.118754126
-0.077335976,-0.93157035
-0.009462587,-0.9442204
-0.046429038,-0.93501425
0.010815478,-0.16475102
-0.01703993,-0.9474345
-0.02761813,-0.24764447
-0.09541369,-0.90816015
0.04054549,-0.37790373
0.083537675,-0.83780277
-0.086838126,0.52481115
0.049548347,-0.5132217
-0.15014677,0.7722115
-0.012960533,-0.938853
-0.09937942,-0.93178713
-0.061640903,-0.93868536
-0.06047659,0.4209418
-0.076980695,-0.18919168
0.030987622,-0.90229386
-0.04067955,-0.14277884
-0.01539789,-0.94128996
-0.02500061,-0.21355653
-0.059592444,-0.7925289
-0.13074987,0.7850637
-0.006314051,-0.92887527
-0.016001996,-0.9357641
-0.114225246,-0.9250039
0.042231504,-0.9185599
-0.102900416,-0.92597705
-0.034989942,-0.93528813
-0.117930695,0.46206418
-0.15498221,0.79410625
-0.010985432,-0.6442047
-0.11294698,-0.92538816
-0.009701104,-0.24465723
-0.0017888449,-0.76580155
0.0022426278,-0.9385786
0.031956628,-0.62067086
-0.049271856,0.6563233
-0.0653712,-0.93322355
-0.019594263,-0.9443663
0.08674251,-0.55346835
-0.047526516,-0.92215663
-0.03661853,-0.92661595
-0.037051998,-0.94148093
-0.09202428,-0.9222241
-0.07536126,-0.93493724
0.04570102,-0.542614
-0.08269568,-0.92965925
-0.11767325,-0.92344064
-0.097340226,0.12499023
-0.10563703,0.76617914
-0.02959556,-0.9453642
-0.11478971,-0.07797497
0.08358257,-0.30860406
-0.06660095,-0.48952267
-0.078591734,-0.087647624
-0.023567945,-0.944821
-0.1240921,0.7726745
-0.0045537986,-0.75595903
-0.0077466373,-0.21296713
-0.053205777,-0.8349631
-0.102616146,0.7724566
-0.023120767,-0.9441719
-0.034388915,-0.939964
0.10416128,-0.437047
-0.026054725,-0.92274904
0.0047412114,-0.17318533
0.108837605,-0.6550758
0.02999134,-0.751467
-0.0323755,-0.93283063
-0.09021784,-0.93170816
-0.12179785,0.7752341
-0.0045039975,-0.94598097
0.0155230565,-0.31227753
-0.09051056,-0.9322228
-0.08199056,0.77703977
