-0.022230517,0.43039495
0.06871143,0.15534006
0.01790137,0.88632363
0.060620055,0.14090407
0.015768304,0.87105906
0.032649133,0.00097231445
0.036451176,0.8570766
0.030940304,0.6548714
0.01160101,0.82747304
0.014473003,0.8886599
-0.036486845,0.8778623
0.11085771,-0.18895127
0.2283328,0.06698081
0.12450992,-0.034587298
0.017365733,0.89050615
0.008035427,0.28018093
0.027092692,0.87907696
0.01772088,0.87235135
0.01624733,0.87408143
-0.010162521,0.40369123
0.0839132,0.8532964
-0.05834359,0.13878717
0.051588856,0.26603538
0.021387244,0.332754
0.008819909,-0.0071198787
0.048783634,0.14790502
0.02057499,0.88403124
-0.06936027,0.33265045
-0.2615606,0.09728069
0.023267644,0.87252754
0.016457077,0.88462794
0.01699763,0.8752983
-0.03948561,0.85854435
0.0154094435,0.8823294
0.009832799,-0.055511847
-0.0053024283,0.90064704
0.012437841,0.86964756
-0.007757671,0.8997076
0.10910758,0.075570285
0.015933784,0.8584523
0.015604631,0.8789556
0.05564623,0.16245115
-0.18196198,0.6354096
0.26692095,-0.10871751
0.0018591584,0.8893115
0.08097755,-0.020660153
-0.005492436,0.8445956
0.020597717,0.87101775
-0.22381453,0.33379433
-0.0069634523,0.87139964
-0.07172625,0.24543785
0.061663415,0.1499895
-0.007950512,0.8432103
0.1502256,0.34886426
0.022401946,0.8992742
0.01481929,0.87070274
0.015653318,0.8724872
0.10207061,0.09284903
0.00891208,0.8928254
0.057710048,0.15343672
0.016721033,0.89304566
0.062451474,0.09491312
0.14351356,0.15579711
0.053526342,0.085997716
0.24180256,0.064187355
0.015813641,0.874452
0.055631727,0.66616464
-0.029412849,0.07603641
0.18963227,0.09193798
-0.026755966,0.27850676
0.011904719,0.8607155
0.054891035,0.80771506
-0.087465525,0.21679115
-0.0030654154,0.8589784
0.011868221,0.16538861
0.032443512,0.08989112
-0.008402596,0.87875825
0.01763744,0.8589815
0.0017553932,0.8436737
-0.027360823,0.29862666
0.058073703,0.039845094
0.12199917,-0.037824363
0.046702284,0.09632944
0.018103953,0.8815771
0.08399332,0.6567119
-0.16033177,0.09034707
0.029874157,0.8513352
0.081712894,0.8146694
0.0028372619,0.8890153
-0.077364825,0.6712251
0.090344064,0.268873
0.007080646,0.8825903
0.14143056,0.3494303
0.058154207,0.58122563
0.09026664,0.57749265
0.05724195,0.10394052
-0.003508731,0.04747538
-0.24388114,0.023724457
0.02148943,0.8761988
0.014910401,0.8781621
-0.13400042,0.10319453
0.012140014,0.899272
0.1043199,0.11824092
0.11565485,0.08571272
0.025309268,0.86394185
0.021345874,0.82916063
0.00740165,0.87728685
0.021382246,0.849624
0.0105125075,0.87812483
0.13846847,0.096742384
0.22717649,0.07875093
0.006582472,0.8900074
-0.0292008,0.06817743
0.03085092,0.8795761
0.13692787,0.100857906
-0.0065066917,0.78779465
0.021070916,0.8752982
0.0015955282,0.14212073
-0.10326625,0.1363989
0.24222471,0.088231705
-0.015123809,0.835339
-0.01467282,0.8564894
0.0065214667,0.88804036
0.01845057,0.8777048
0.026012216,0.85242647
-0.0032901927,0.86877245
0.01840615,0.86741936
0.064832486,-0.026710806
-0.0004747489,0.86514014
0.042667154,0.23368885
0.047467854,0.8683882
0.015950318,0.8904264
-0.0293409,0.24186577
-0.0013076301,0.8907747
0.03878642,0.4396378
0.089931525,0.04210037
-0.0013295048,0.87395245
0.031883657,0.8732953
0.0138680665,0.8827893
-0.030541074,0.09312339
0.032657597,0.8708481
0.042679563,0.040165078
0.31126124,-0.032324567
-0.1833522,-0.0135748135
0.12186127,0.09592066
0.012894256,0.87948567
0.1242984,0.09601966
-0.025901789,0.30239388
-0.0062307185,0.08260204
-0.06932684,0.10383755
0.0155348405,0.807714
0.24863029,-0.12634312
0.12382626,0.28867453
-0.058029335,0.12833527
0.05295542,0.13228233
0.011731127,0.14161648
-0.1472449,0.43802842
-0.035860047,0.8549344
-0.0493189,0.16707094
0.024239413,0.8819579
0.18008952,-0.041008927
0.025206504,0.323224
0.21162365,0.05821536
0.037297543,-0.040274754
0.096544616,0.14997631
0.116991304,0.4388768
-0.019560043,0.03568692
0.07157291,0.53583866
0.03235292,0.8640717
0.11099603,-0.009133243
-0.01835727,0.13994662
0.021921668,0.8820501
0.027351664,0.8484854
0.120997764,0.19075756
-0.04333446,0.15430729
-0.15023479,-0.15506159
-0.09564826,0.75479406
-0.0034238033,0.8483435
0.06773351,0.10329577
0.015279305,0.87810385
0.030646466,0.8486172
0.025282668,0.19605054
0.025405526,0.88453496
0.1672868,-0.009477559
0.08272714,0.13694312
0.03713758,0.21584302
0.012903163,0.8947445
-0.29373205,0.2570046
-0.06794769,0.42755696
0.03877256,0.15995763
0.012597847,0.88823545
-0.018183988,0.606236
-0.07384922,0.14277324
-0.059086528,0.1265865
0.021762839,0.062932916
0.0049349423,0.83516395
0.0023182696,0.8677513
0.16960554,-0.021144144
0.057774752,0.3352544
-0.0018106335,0.6046178
0.22748885,0.20774142
0.019160785,0.831259
0.0065208524,0.8773054
0.025111482,0.87660575
0.013679932,0.8761254
0.11124197,0.07506771
0.028038936,0.71205413
0.016614638,0.88026893
0.02290341,0.865357
0.034313194,0.7307886
-0.0059668394,0.87447125
0.024660185,0.8788897
0.1589045,0.12345458
0.008071225,0.9038675
0.110514015,0.21162173
-0.046167262,0.24764784
0.004417186,0.8076537
0.015010873,0.05824241
0.0028250865,0.8300203
0.01646321,0.8579288
-0.03547713,0.37362242
0.051381618,0.1290197
0.021136494,0.8808438
0.026631102,0.13874187
0.23421678,0.027184442
0.028860712,0.835755
-0.05774658,0.107255414
0.046352547,0.10231832
0.14903602,0.15152872
-0.2789004,-0.017698126
0.011435847,0.8434259
0.018059012,0.8753722
-0.015807275,0.05190992
0.012341487,0.88407004
0.038247377,0.40484065
0.13125955,0.062914364
0.13879035,0.06996124
0.030623991,0.8650011
0.044326913,0.03529473
-0.051300973,0.22758466
0.012235533,0.87292343
-0.006506207,0.887063
0.04949827,0.74907297
0.05827357,0.11743802
0.018288095,0.861428
0.070189424,0.12365423
0.18100101,0.07680323
-0.016833887,0.04062114
-0.075595416,0.65949845
0.08297297,0.21110518
-0.0010161352,-0.015725683
0.100393094,0.048622433
0.0176986,0.8809461
-0.014253103,0.8852391
0.014827096,0.8549667
-0.027744602,0.3502916
0.027654748,0.8879942
0.1182602,0.1875285
0.008477692,0.8844054
0.03238984,0.8591611
-0.07029416,0.4357803
0.30640185,0.34788716
0.03644808,0.8672618
0.16787642,-0.0234941
0.013279602,0.8716572
0.0401154,0.05036552
0.010656878,0.8971946
0.22391607,-0.12910774
-0.003439472,0.09810943
0.021242533,0.893571
0.061312146,0.11901752
0.055694614,0.8645755
0.029136218,0.8794704
-0.005210805,0.897778
0.24491554,0.07928572
0.022151582,0.06864551
-0.02726665,0.83011144
0.05384955,0.13569424
0.028328678,0.10269974
-0.113027655,0.13633539
0.06823999,0.17342022
0.26851723,-0.031665687
0.027869135,0.8646867
0.030093107,0.06669147
-0.012015052,-0.034613553
0.19560914,0.07302136
0.015038419,0.84343666
-0.1384525,0.10279116
-0.023445504,0.051742885
0.008932734,0.8470561
0.20006648,-0.07179255
-0.056074355,0.06553813
0.020599265,0.86502004
0.020650804,0.88999254
0.030702537,0.86638826
0.010378417,0.8538859
0.008425003,0.8992109
-0.014877018,0.8949584
0.029422237,0.87025636
0.039225493,0.12345995
0.13756259,0.0183176
0.022481985,0.8860393
0.011219628,0.8610436
0.075060405,0.031328313
0.02496897,0.81519926
0.039349258,0.8789843
0.021517862,0.85577875
0.00947126,0.890834
0.05058337,0.41903794
0.027448712,0.8242965
0.048731666,0.012347795
0.0013199396,0.29927504
-0.033548947,0.8146902
0.03420166,0.044556834
-0.07577489,0.73301405
0.040268924,0.47817832
0.008138635,0.87749004
0.0078925695,0.87448543
0.034432884,0.85161215
0.19433811,0.47617927
0.007430441,0.86552846
0.10653886,0.038319707
0.032448217,0.8574149
0.016953703,0.88328373
0.15027432,0.16464119
-0.01129499,-0.08441169
0.01475967,0.8821685
0.06128977,0.7468589
0.05470272,-0.20451853
0.0012372731,0.8913973
0.0309798,0.84294385
-0.14043188,0.43925735
-0.11031934,0.4104462
0.19218643,0.030760253
0.021890735,-0.058776774
0.019882312,0.8512759
0.03111438,0.8585351
0.029535666,0.8819648
0.24180397,0.07025367
0.091243915,0.061078634
0.052430972,0.10770874
0.022504456,0.8905816
0.027443597,-0.120053664
0.050651398,0.13858216
0.013995318,0.86972296
0.2179561,-0.024919376
0.038187392,0.046546176
-0.012297008,0.15831096
0.0024693548,0.13361995
0.07078239,-0.0058315094
0.014942476,0.31964883
-0.14873019,0.26927763
0.054995526,0.072448164
0.0310267,0.8677888
0.24000102,0.4588811
9.912211e-05,0.882322
0.11285947,-0.0946623
-0.029676348,0.16538298
0.027755557,0.88521075
0.033553254,0.8709437
-0.042387772,0.13652004
0.17116606,0.051050156
0.030189231,-0.034678824
0.013289739,0.8863241
0.122541025,0.14516217
-0.0438119,0.16225888
-0.13764204,0.06917562
-0.051872373,0.40786543
-0.027199676,0.07408974
0.0039943834,0.85884154
0.027352447,0.8787786
0.038901623,0.121925965
0.23426537,0.16257772
-0.17892468,0.2308877
0.08496968,0.08609015
-0.10707161,0.4360716
0.0038314285,0.65453815
0.11404115,0.6306289
0.045875542,0.792656
0.07378491,0.10326848
3.1565003e-05,0.05338816
0.1980729,0.0053788302
-0.013880332,0.7732922
0.016551977,0.87547845
-0.1139307,0.14928713
0.08307091,0.06479544
0.02954795,0.8755517
0.22032407,-0.022446416
0.057819825,0.10354686
-0.13848305,0.13652177
0.18967718,-0.037682388
0.01181625,0.8790507
0.0036311941,0.16401741
0.023045871,0.8815529
-0.013644412,0.09767924
0.021306897,0.89356345
-0.09273694,0.77656215
-0.028330801,0.6348345
0.18661074,-0.0020137203
0.010518728,0.8611618
0.06745455,0.14986095
-0.18136871,0.2715271
-0.10172918,0.3041958
0.053404946,0.45475432
-0.023600126,0.05110378
0.30228087,0.217175
0.022280484,0.8587648
0.04884959,0.10668935
0.08064829,0.16775186
0.067110844,0.061622113
0.13554747,-0.0082583595
0.026437283,0.8745288
-0.01952223,0.12030623
-0.015900247,0.8477001
0.02808772,0.056589372
0.024449931,0.13536061
0.23945074,0.18225627
-0.16006194,0.22630116
0.057935473,-0.017054843
0.07780106,0.041075118
0.0116271125,0.8644105
0.030013785,0.8972187
0.035979986,0.10800533
0.022217574,0.6553637
0.010697128,0.8781294
-0.0066700857,0.7822031
-0.035543203,0.19313802
0.16688949,-0.059151035
-0.050440792,0.055521943
0.06145704,0.2850676
-0.0019090573,0.3653973
0.014031577,0.8532041
0.089692086,0.09910571
-0.0061938064,0.8878935
-0.1446316,0.24401203
0.09504068,0.045497313
-0.071403146,0.12014065
0.024420416,0.21876742
-0.007058093,-0.09485871
0.30045316,0.034390844
-0.01511276,0.820368
0.009983648,0.8439715
-0.050278187,0.6261414
0.046792462,0.85434747
-0.025283096,0.039966907
0.0033480679,0.8626266
0.04167112,0.09560111
-0.08142834,0.2777744
0.005623579,0.3438129
-0.0061002825,0.8739875
0.194653,0.18032624
-0.14534703,0.19147737
-0.18276119,0.5496068
0.117495954,0.078491226
-0.16385905,0.12134441
0.019188143,0.87437826
0.024279807,0.89334774
0.10483717,0.0016027996
0.17339672,0.16648558
0.026583392,0.07552828
0.03599942,0.8603875
-0.174558,0.2968658
-0.09465284,0.23704435
0.11546013,0.029988771
0.109162554,0.14516847
0.029208694,0.13467503
-0.10211097,0.7456347
0.022412699,0.85263604
0.07348457,0.16479057
0.10780471,0.017574951
0.10592228,0.00013265497
0.029093515,0.10507046
0.06686999,0.0043224683
0.07352165,0.58519584
0.020015,0.3760978
-0.08802681,0.19723324
0.059619274,0.105918765
0.031458087,0.88629806
-0.031185683,0.2859588
-0.0661404,0.7344513
0.016154116,0.34253687
0.25463396,-0.03103373
-0.028948633,0.22399299
-0.02540188,0.21832386
0.005139244,0.8667001
0.049036942,0.17898695
0.010963513,0.83323836
0.19838567,0.14612244
-0.04290816,0.23514722
0.07113216,0.071314946
0.012868768,0.8851714
0.0027418693,0.8929052
0.03173499,0.86059207
-0.08655749,0.39856434
0.061377026,0.18646617
0.04770606,0.869443
-0.03247574,0.7058925
0.0,0.0
0.00993128,0.19419314
-0.10178815,0.32696635
-0.012858674,-0.06087975
0.009421223,-0.04158366
0.063605785,0.1678434
0.011744148,0.8853414
0.016361818,0.8613153
0.23881803,0.23787345
0.050569557,0.5534591
0.020556977,0.8838656
0.04709678,0.80728954
0.16956758,0.066829965
-0.03356476,0.050366525
0.1660865,0.017750168
-0.065361716,0.5637849
-0.1319109,0.28368172
0.04163454,0.092528634
-0.08053262,0.6827808
0.008090246,0.8814977
0.059166778,0.1142175
-0.012176685,-0.026144233
0.046562683,0.11709374
0.02568829,0.8903296
-0.1675031,0.21910131
0.0064793373,0.88770187
0.3888299,-0.0664337
-0.058220606,-0.121347256
-0.16453181,0.21477693
0.10974462,0.15515006
0.012838893,0.88612217
0.03697625,0.1328826
0.0518329,0.13772321
0.06152558,0.36856872
0.09356481,0.28290686
0.173352,-0.20300406
-0.1323778,0.65073717
0.1260355,0.16811675
0.02258473,0.059631374
0.016651377,0.87358314
-0.026492864,0.07655544
0.03306486,0.9019474
0.030693358,0.73290676
0.2264656,0.43912902
-0.3017279,0.36209404
0.004256256,0.8767476
-0.032548048,0.0078028147
0.14356382,0.050872527
0.009462135,0.882224
0.015636932,0.8780244
0.014289718,0.8924574
0.025599565,0.11984638
0.0058214273,0.11739876
0.1326685,0.15090717
0.065254554,0.6092584
0.0029322254,-0.042807594
0.051012438,0.80016917
0.058518767,0.12679462
0.057838168,0.106093735
-0.24390562,0.49591875
0.09298019,0.027025288
0.045806844,0.24546385
0.079196356,0.08520951
-0.08853958,0.3388607
0.23302208,-0.11880936
0.17017192,0.099828675
0.03299407,0.884334
0.029562164,0.8825784
0.024951227,0.8440736
-0.10183859,0.6660073
0.07912547,0.1130823
0.029549848,0.12961598
-0.07586567,0.7234317
0.02296522,0.3254016
-0.08628456,0.4483333
-0.055221368,0.012948374
0.1661875,0.03730419
0.02257443,0.8678228
0.050514933,0.11702653
0.06171074,0.12246845
-0.03553898,0.7660676
0.24880737,0.08274822
0.016133487,0.11313692
0.15507904,-0.04118823
0.015996713,0.87178725
-0.010149619,0.73064
0.08568639,0.08164909
0.117384404,0.09303934
0.12701297,0.013769553
0.059819423,0.062220246
0.09790752,-0.039600596
0.0074219136,0.8971571
0.038769748,0.117676385
-0.05678236,0.13904165
0.022983272,-0.07585965
-0.022011569,0.19514589
0.042463172,0.16610952
0.18048829,0.37542447
-0.0395971,0.07441103
0.1021268,0.08232328
0.07898433,0.6198167
0.052175704,0.8008766
-0.08003564,0.2071264
0.16572118,0.14196624
-0.26167807,0.41814515
0.2287875,0.15158166
0.0029037443,0.8629758
0.048178848,0.09721721
-0.18144833,0.26820108
0.03990307,0.12927346
-0.14885116,0.59289354
-0.041467804,0.2196515
0.026237095,0.87691826
-0.17103931,0.2945367
-0.11007865,0.30207995
-0.06386488,0.19153999
0.02301242,0.88828766
-0.27176675,0.54432
0.023223791,0.87871695
-0.06244509,0.63235575
0.039473955,0.820225
0.0117153535,0.8768736
0.01275447,0.8953719
-0.1183887,0.11628444
-0.034385614,0.7886453
0.04008117,0.2327508
0.013737241,0.88139886
0.081076875,0.07927291
-0.0048751715,0.8016362
0.23528758,0.029940791
0.07044979,0.35629773
0.1454725,0.18275927
-0.01139892,0.37672272
0.027430989,0.23573682
-0.02665926,0.67516387
-0.07966579,0.6714916
0.040602982,0.7851147
0.16556562,0.2781735
-0.08975305,0.16066164
-0.13549466,0.541569
-0.08797394,0.06484999
0.21190833,0.067342736
0.0031332583,0.8585757
-0.03660246,0.30136022
0.0186118,0.22019094
0.010551077,0.87315047
0.18109874,0.00036700148
0.009728398,0.20986427
0.07873886,0.038587626
-0.105358034,0.31277332
-0.004050632,-0.05069728
0.16855262,0.089615636
-0.045462307,0.08076633
0.022665879,0.87930083
-0.14955223,0.06325451
0.20689318,-0.050112367
0.20526631,0.020532781
0.002107518,0.8827879
0.017577183,0.8974903
-0.0042233327,0.17293142
-0.09302597,0.277684
0.20462172,-0.17606853
0.12357991,0.06854958
-0.01261506,-0.011793119
-0.051328905,0.056057446
0.10643769,0.09038838
-0.012121366,0.86366653
0.12757407,0.092401244
0.08899183,-0.25717092
-0.056475602,0.29861048
0.009394913,0.87758416
0.014348959,0.8839897
0.035511684,0.865244
0.005986585,0.80847085
-0.033931278,0.17757177
0.024641454,0.113717
-0.0042054863,0.86883765
0.020678123,0.86170566
0.08694659,0.082776085
-0.011609849,0.75504774
0.06385281,0.15904292
-0.06308641,0.15774235
0.0040805405,0.8517102
0.015378454,0.8435428
0.009565771,0.8849683
0.023159632,0.875304
0.022492072,0.8218011
0.2020136,-0.066704795
0.025871025,0.89145136
-0.19448395,0.21412534
-0.06867165,0.17440702
0.007997015,0.8666782
0.075983115,0.12199015
0.039732523,0.16632766
-0.051424928,-0.09636039
0.025210287,0.051707495
-0.025649333,0.08494117
0.0006172746,0.05713836
-0.02856364,0.02374253
-0.0024141734,0.23633215
-0.070065215,0.29788834
0.048464622,0.11588822
-0.06357904,0.20388505
0.07509944,0.07373904
-0.14948116,0.39822426
0.0020358656,0.1571646
0.0016546167,0.88916856
0.014541436,0.86175424
-0.09971171,0.09148927
0.09872644,0.046109583
-0.11511693,0.27988082
0.035808563,0.84501207
0.11555391,0.13520736
0.026748044,0.85661876
-0.1259635,-0.005335735
0.011599062,0.88672507
-0.009231602,0.80260855
0.018100819,0.8755808
-0.16543673,0.65508384
0.09055163,0.16254829
0.14849946,0.31302297
-0.12933744,0.4079962
0.010562173,0.88430625
0.12615274,0.67506945
0.041066267,0.065576
0.06800187,0.0907224
0.014123273,0.37568623
0.02255942,0.88022447
-0.05228755,0.10265366
0.027460216,0.86142236
0.009231825,0.84805715
0.02687189,0.3127194
0.0074616917,0.8723298
0.010866017,0.88569707
0.02098652,0.88396454
0.051923953,0.09666406
0.02634509,0.87676466
0.017516479,0.87184507
-0.13457815,0.08817729
0.0917059,0.121142626
0.05679114,0.074861
0.043969434,0.12358641
0.101775,0.06824871
0.12421377,0.18432936
0.025633888,0.8728234
-0.017378245,0.1588778
-0.0055278684,0.63728595
0.2504712,-0.056307636
0.05371572,-0.019353908
-0.07977391,0.0692047
0.011966679,0.85961455
0.0065251724,0.038100008
0.09760558,0.098748155
0.0037786039,0.8203391
0.018386506,0.8590997
-0.038189147,0.17018089
0.089051224,-0.0906717
0.05944566,0.17706318
0.052127983,0.8449435
0.1601229,0.13654578
0.1730188,0.18390906
-0.035732646,0.1139606
-0.025299506,0.7717455
0.027610935,0.19915864
0.099273786,0.091834694
0.07953411,-0.054689787
0.0035991657,0.36156183
-0.084648706,-0.03795183
0.094156235,0.15625441
-0.0009860903,0.12181259
0.075314015,0.109906234
-0.06426268,0.10656354
0.001964235,0.8793019
-0.005776282,0.7985573
-0.1519911,0.62888145
0.044236474,0.08656341
-0.04264704,0.25447595
0.0014172036,0.091710515
0.027444635,0.886359
0.00081967126,0.89888185
0.028216785,0.8720146
0.029065749,0.88808084
0.02494299,0.854684
-0.0007061155,0.884822
0.10610551,0.05443716
-0.084923305,0.10623614
0.041522603,0.24561246
-0.0662894,0.17763609
0.01251882,0.8993477
0.018731818,0.8744602
0.012839102,0.08733537
0.051296014,0.14271301
0.07588899,0.10525646
0.08780456,0.013965327
0.021190435,-0.0014684072
0.017624222,0.8941061
0.0041892296,0.28395534
-0.059911255,0.23098642
0.10365136,-0.0048330384
0.14563407,0.10663739
0.26703525,0.108640835
0.02346296,0.8965173
0.049541026,0.14471592
-0.12977,0.40164363
-0.1689886,0.4257515
0.006187584,0.86563087
0.27301076,0.018652616
0.14975692,0.061425205
-0.1811503,0.35017273
-0.032831375,0.12463261
0.026327964,0.81258935
0.119037785,0.17285356
0.01110181,0.8692771
0.22374886,-0.07963839
0.0139848795,-0.11364036
0.07867549,0.29295662
0.007818064,0.86897117
0.0014746258,0.8972707
-0.09307378,0.13041107
0.036883064,0.85081285
0.007703397,0.85450786
0.026303139,0.8781084
-0.0038153748,0.8587804
-0.039893325,-0.06647144
0.13089637,0.12640396
0.12546141,0.08189567
-0.061695755,0.09583421
0.087179594,0.040371362
-0.154017,0.06676951
-0.071236104,0.44738385
0.04867365,0.851124
0.0884359,0.24888398
0.11655874,0.45834693
0.017224869,0.8870421
0.10943467,0.15034595
-0.016066017,0.05063874
0.017223114,0.88558227
-0.0417955,0.13018426
-0.009241483,0.114683576
0.019032605,0.86081886
0.00426535,0.8883221
0.0038000634,0.8818385
0.01799602,0.8689135
-0.013656693,0.18482079
0.027023975,0.87823826
0.010807748,0.87753606
-0.00493528,0.1839944
0.063994125,0.15348554
0.006363224,0.86520934
0.20888908,0.06939602
-0.32224756,0.3898871
0.019411463,0.8698411
0.014869627,0.86751485
-0.04482934,0.08881706
0.03222057,0.04631415
0.14078178,0.7085195
-0.0060612857,0.8837139
0.04854251,0.8576327
0.2204885,0.08086597
0.011471648,0.8804425
-0.1129459,0.29859656
0.024534183,0.9074011
0.019386716,0.8792292
-0.014800881,0.09521158
0.03224959,0.03221671
0.07108305,0.1494597
0.21806113,0.07284385
0.04014006,0.17381722
-0.03154211,0.06969063
0.012357568,0.8717314
0.06757682,0.36656857
0.024324836,0.83077514
0.014906656,0.8750101
-0.1284149,0.57755953
0.009564823,0.89093953
0.048790086,0.10796577
0.010878272,0.87473154
0.12911767,0.15624395
-0.028785337,0.026671313
-0.036091316,0.8375181
0.038526494,0.09666008
0.028370159,0.5207899
0.10029301,-0.05148185
0.010781321,0.8486115
0.027798561,0.8170066
0.012453656,0.8810868
0.031082662,0.8647991
-0.032417662,0.14622916
-0.15809427,0.32701907
-0.011046273,0.76342565
-0.14156705,-0.012106911
-0.04607132,0.06844939
0.018258234,0.15772972
0.3187205,0.2086661
0.04203689,0.12624589
0.24161175,0.34907323
-0.0010546214,0.8675309
0.109734,0.05614092
-0.14828366,0.078049995
0.10236439,0.08238141
-0.014267759,0.86801344
0.029119743,0.8797587
0.048257884,0.06345307
0.021417236,0.85342354
-0.0033801638,0.8596405
0.013809688,0.8750462
0.2432361,-0.0013227812
0.11312169,0.14377794
0.2423204,0.20004912
0.18600053,0.09020514
-0.026507836,0.19904178
0.0086897835,0.08480858
-0.03240083,0.7489242
-0.12215531,0.093799315
0.09479914,0.263376
0.03465876,0.08355313
0.019254645,0.8729474
0.020309377,0.1352513
0.14062455,0.019878672
0.14239065,0.043199807
0.018327799,0.8847833
-0.041726764,0.19366476
-0.18352626,0.120313756
0.00063477736,0.8950603
0.11688041,0.28529188
-0.017472852,0.41674387
0.10758475,0.43388265
0.031496957,0.8782865
0.05934905,0.10191386
0.014868757,0.8796737
0.02085466,0.88434625
-0.06954321,0.13363639
-0.014604748,0.6960959
0.16255902,0.012666903
0.068203345,0.09343675
0.20179608,0.09244248
0.016342178,0.87337595
0.023561448,0.8785368
0.02121573,0.8814514
0.08196817,-0.057589747
0.09868203,0.13330741
0.24393354,0.25920948
0.0035202086,0.82645017
0.063873276,-0.024371304
0.0158303,0.8796281
0.068607524,0.011080665
0.010001247,0.88894886
0.007977798,0.8694554
-0.042929836,0.14944771
0.12800182,0.16813172
0.030536106,0.74726826
0.012429695,0.89752454
0.017401405,0.05748868
0.078265585,0.12306496
0.011850166,0.87996083
0.058842484,0.0512886
0.022961117,0.86429906
-0.094216295,0.16793455
0.011241793,0.8812078
0.068204015,0.8435845
0.017474806,0.8665671
0.017110592,0.88967294
0.1281427,0.5819438
0.023062795,0.19156238
-0.11778473,0.09302205
-0.03119242,-0.05692595
0.017787643,0.88062644
0.014935318,0.8662562
-0.15149458,0.49926496
-0.0048623355,0.87673074
0.037623253,0.18090922
0.020284835,0.87849593
-0.050510626,0.14989501
0.01564962,0.8709933
0.011893205,0.90271825
-0.009377534,0.7957925
0.022290943,0.89048404
-0.014369884,0.5840235
0.041618086,0.89504856
0.015339493,0.8776417
0.04275945,0.8529572
-0.10605363,0.10334837
-0.0013834728,0.8764707
0.05333137,0.11097528
0.20566645,0.11217075
0.024071677,0.8724716
0.12179917,0.12912524
-0.0037202558,0.8899712
0.010671197,0.877547
0.1990569,0.1268578
0.16430362,0.093762934
-0.011706509,0.039831318
0.024329588,0.82652223
0.096291065,0.08251623
-0.15394995,0.10845982
-0.12103834,0.07460699
-0.06288471,0.37858686
-0.036554243,0.6716736
0.03869602,0.13649787
0.05518698,0.13874206
0.06446463,-0.02402625
0.019530807,0.85215056
0.01347298,0.37066948
0.04192889,0.89981693
-0.03246631,0.1181453
-0.05863591,0.018823948
0.027766515,0.8832395
0.015946688,0.86920345
0.023042127,0.84521234
-0.01275243,0.305148
0.029734809,0.86786944
-0.08773976,0.66300297
0.035677504,0.8683621
0.060163062,0.0037228677
0.04346173,0.008161504
0.031817105,0.8597826
0.3293901,-0.07237417
0.054940566,0.09190039
0.059306484,0.07694964
0.06454592,0.09062115
-0.04466426,0.23507003
0.024361154,0.8873351
0.16320477,0.067782186
0.07092149,0.02068536
-0.059010264,0.25937784
-0.067509264,0.24168035
0.101811,0.43164846
0.019253526,0.88193387
0.014272668,0.86142755
0.010066401,0.8642569
-0.009988662,0.11462223
0.0097053135,0.8143701
0.021389503,0.88129854
0.019195344,0.86442864
0.0026936936,0.8639619
-0.066996224,0.08206284
0.08292235,0.06884163
0.2088319,0.15903156
0.014650436,0.88110787
-0.021769494,0.6065415
0.17546174,-0.07447338
0.044408932,0.12575634
0.010971416,0.871237
0.2362355,0.03551439
0.012308851,0.88090956
-0.014646048,0.88094896
0.0015907718,0.07546879
0.051298603,0.70444906
-0.06531853,0.24285977
-0.01143614,0.116875455
0.0036030107,0.8860736
0.02853138,-0.0073499363
0.028935693,0.872667
0.090532474,0.16961314
0.030747823,0.88026696
0.04801833,0.12677523
0.028502377,0.8744205
0.006538636,0.85364646
-0.22048323,0.52530897
-0.03963505,0.87052983
-0.00019101486,0.13431053
0.014470655,0.8792437
-0.006855761,0.86209863
0.08618059,0.18587165
0.0395269,0.82743776
0.052435346,0.08802052
0.02746457,0.87329644
-0.001138046,0.8226646
0.066381134,0.7886422
0.015912171,0.86380327
0.004186805,0.85610235
0.027855918,0.88047034
0.029103989,0.8742663
0.0044361427,0.12547442
0.1451639,0.38974404
0.029088613,0.8816876
0.001492919,0.19235402
0.20742866,0.04909477
0.20048456,0.049720243
0.02502057,0.8765773
0.016740685,0.8816033
0.09205209,0.10727195
-0.08731233,0.021939337
0.12747571,0.15902047
0.0003644158,0.19442376
-0.08219242,0.13956067
0.0054579806,0.885568
-0.04299405,0.013589081
0.026882945,0.8788722
0.027170325,0.88266677
0.19528963,0.082889006
0.06433923,0.086789355
-0.0235706,0.41912475
0.14332929,0.09328584
0.21799162,0.27754205
0.005722892,0.86639154
0.015796844,0.8797402
0.004003017,0.87312627
0.04279205,0.5870952
0.045265023,0.11572081
0.19788203,0.15576947
0.023301827,0.87984806
0.20838338,-0.07458803
0.027628854,0.88178164
0.021016397,-0.19278434
0.20689115,0.064248525
0.12538613,0.13794483
0.019804478,0.085394144
0.0152443405,0.87316346
0.024758533,0.89054644
-0.020154316,-0.018043632
-0.1388102,0.55002254
0.10864116,0.3670751
0.088512436,0.37413865
0.013783277,0.028758062
0.021543529,0.8854823
0.031320877,0.897717
0.26670203,0.0151543
0.06501754,0.82236284
0.013201941,0.85712403
0.08163991,0.1902792
-0.0048177764,0.66935176
0.084376134,0.0018846769
-0.004925248,0.8770362
0.057458136,0.07372105
0.008780463,0.85382235
0.09039207,0.096079364
-0.061733015,0.62563187
0.05252947,-0.0137869045
-0.23639391,0.22588
0.055164747,0.11258014
0.1609141,0.083295666
-0.19192088,0.071373574
0.16275592,0.15515578
0.14779034,-0.06594054
0.017924272,0.8746956
0.05099246,0.1126785
0.0158625,0.8826681
-0.009904273,0.82915837
-0.032481175,0.25636455
0.09971624,0.0305965
0.018532675,0.8788981
-0.19331434,0.09995332
0.017348025,0.87617683
0.020195056,0.90056366
0.025722062,0.8901642
-0.01999498,0.8247715
0.13001946,0.114568874
0.21188141,-0.14369017
0.077085845,0.00990676
0.0135357855,0.88412374
0.003793812,0.010054116
-0.04486393,0.54344684
-0.017374242,0.47037712
0.104031965,0.18481377
-0.05830572,0.08535214
0.016946053,0.87482154
0.17855166,-0.12814735
0.064464495,-0.13279949
0.016785067,0.8847648
0.019824829,0.8768802
0.010508031,0.8885022
0.1581894,0.19198616
0.021303678,0.8379471
-0.017160159,0.88528913
0.10976425,0.033790946
0.11258865,-0.10364097
0.021620085,0.86980253
0.014963122,0.6281186
0.06586856,0.08985544
0.030097574,0.8976921
0.02115772,0.86441225
0.054554395,0.12984402
0.025613673,0.8792895
0.022404782,0.88958365
-0.091605626,0.38342842
0.05471972,-0.041331366
0.049552266,0.11690335
0.011096708,0.86783355
0.03770436,0.8036132
0.2159807,-0.03450685
0.034250908,0.86583793
0.08447768,0.12545465
0.0055417917,0.8868098
0.16565554,0.07898728
0.024972683,0.8551624
0.13549961,0.2569127
0.037863113,0.82429326
0.018324107,0.8790712
0.057500053,0.20705278
-0.016144747,0.7111011
0.116276525,0.040608723
-0.04338317,0.21129268
0.2867239,-0.08887706
0.022679748,0.869897
0.056037575,0.12967192
0.010053094,0.88710696
0.032829788,0.88242775
0.029941091,0.8785171
0.008009279,0.85901034
0.0042369724,0.88451815
-0.10822005,-0.0039028337
0.025592808,0.87181985
0.035418075,0.85776633
0.03133359,0.8496288
0.08264216,0.084938176
0.18692514,0.0026498237
0.13915323,0.19445662
-0.014304411,0.8829886
0.047991205,0.87242
0.026955398,0.8920116
0.050234128,0.11746781
0.3215643,-0.045502134
0.028334152,0.8640212
-0.11434185,0.4342291
0.04209191,0.8451546
0.014772205,0.85974175
0.25497144,0.05463746
0.0511989,0.103912674
0.050457697,0.110848784
0.012768095,0.88647807
0.1581328,0.02630711
0.0248964,0.85792845
0.14844248,0.2147012
0.01612524,0.8828933
-0.2551228,0.3648855
0.013147103,0.8049863
0.28233257,0.04570582
-0.02193775,0.7722695
0.20615362,-0.15091862
0.053035535,0.83076364
-0.01860422,0.6546018
-0.053820405,0.24137409
0.031061197,0.87141424
0.03898101,0.07686445
0.036634922,0.86210203
0.088686965,0.17089689
0.25013968,0.07252495
0.18691026,0.07255885
0.009337575,0.879926
0.04360552,0.1234826
-0.004312734,0.46061546
0.012777097,0.88943076
-0.0064618248,0.13521457
0.029453315,0.87608904
0.12130877,0.020030355
0.021716077,0.14059676
-0.052519318,0.47843722
0.045823373,0.11627674
0.06015089,0.07712637
0.09415966,0.015253294
0.004307936,0.89900905
0.02101086,0.8299558
0.23806776,-0.11344964
0.068912655,0.1120917
0.013336283,0.8742735
0.043004233,0.11384519
-0.00875927,0.8283683
0.0067359232,0.07457169
0.13217321,0.077519685
0.01654625,0.8664633
0.088245206,-0.015792161
-0.055011243,0.6413104
0.03549736,0.8716564
0.020869331,0.87379736
0.043121304,0.90265125
0.055988587,0.11190248
-0.01870226,0.7040979
-0.09463163,-0.037112013
0.095502764,0.08892597
0.03228704,0.88947713
0.003834444,0.86914027
0.09172565,0.0328437
0.027227592,0.17394227
-0.08219674,0.8129016
0.011160559,0.87929386
0.029532718,0.1570493
-0.15857011,0.018960655
0.023571206,0.8490449
0.004064897,0.89733356
-0.036347747,0.44947395
0.09420983,0.09696923
0.018493997,0.87649935
0.14299406,0.6503333
0.015802523,0.8810507
0.027750889,-0.036776833
0.040293876,0.071308136
0.05016607,0.7538516
0.020780718,0.8661732
0.024722243,0.866706
0.09851126,0.2523525
0.011182531,0.5787925
-0.05656761,0.773447
0.01735653,0.8721983
-0.062303,0.5108595
-0.02813718,0.14000282
0.017992014,0.8833333
0.050347384,0.11657488
0.01207173,0.87313706
0.011310336,0.8788171
0.05657882,0.093832955
0.25354436,0.09500786
-0.18615584,0.55414695
-0.016461276,0.82672703
0.006228875,0.13535912
0.013089479,0.87854284
-0.057462387,0.38570285
0.2559886,0.5248868
0.0836991,0.048234887
0.07586473,0.0042923107
0.019975435,0.8770773
0.16277102,0.07827797
0.014178421,0.88088596
0.02813193,0.80714625
0.022024151,0.8877876
0.019683661,0.8766194
0.019301211,0.8804877
0.015407211,0.87831026
0.005232363,0.87348926
0.068430595,0.24240221
0.01966178,0.84951216
0.0071505182,0.8546212
0.19076455,-0.009703052
0.062068697,0.12203359
0.080193125,-0.121417336
0.018528271,0.874925
0.02318479,0.86805844
0.020810574,0.6917738
-0.02176519,0.19996107
-0.1640527,0.38257957
0.021300996,0.870637
-0.098695226,-0.030853972
0.017949175,0.875421
0.110213734,0.047469378
0.01991006,0.8822516
0.020669863,0.8745355
0.048644405,0.111172326
0.046166122,0.120192364
0.044026203,0.15344693
0.24936754,0.07853476
0.108443335,0.3525855
-0.010378518,0.87653345
0.022715582,0.88854903
-0.060943164,0.63795555
0.016996074,0.8855608
0.057225406,0.09701472
0.1836148,-0.03735997
0.009418405,0.13992578
0.13090251,-0.05452027
0.040173315,0.11663334
0.021203835,0.877208
0.00093204033,0.3995005
0.0722573,-0.08129526
0.009354251,0.8866446
0.05204203,0.099895395
-0.06372328,0.14979117
0.068829656,0.07674681
0.027642904,0.8689195
-0.068338595,0.062404938
0.05092551,0.09590446
0.23853318,0.06280807
0.052001614,0.094061196
0.051331736,0.11347762
0.049995698,0.24657007
0.050555903,0.1170281
0.012509053,0.85719454
0.012933733,0.73262227
0.048535436,0.10392699
0.007083939,0.87973833
0.017461888,0.88053596
0.01671647,0.8698829
0.040928025,0.18626668
0.0044405316,0.622704
0.0514834,0.18958312
0.049185682,0.08892891
-0.009791945,0.86889553
-0.008411461,0.16682632
0.018106785,0.90341425
0.050518878,0.08166562
-0.022560053,0.52785826
-0.03297861,0.12527736
0.11503981,0.082551785
0.014200804,0.8780847
0.01564899,0.87989175
0.010926931,0.8886936
0.12498192,0.07680251
-0.20152448,0.39563102
-0.3429104,0.14727394
0.03028727,0.31310242
0.038631964,-0.061522674
0.08194339,0.03673525
0.02077663,0.8769373
0.007663996,0.88637877
0.037123345,0.85223234
0.008570201,0.88517934
0.0013161122,0.8907788
0.033007503,0.47434968
-0.11551491,0.20760837
0.013143078,0.8261715
0.0026526665,0.87646455
0.08769457,0.15720609
-0.080751546,0.0739084
0.11159397,0.119988315
-0.029996164,0.69771117
0.011042978,0.12422052
0.031544175,0.8846519
0.05867372,0.10045201
0.14640392,0.28729835
0.026723834,0.8554727
-0.11158586,0.6262338
-0.016106462,0.094360985
0.023075609,0.826047
-0.009733396,0.19413301
0.013133857,0.89071274
0.09737403,0.104827546
0.29053438,0.1759199
0.014279066,0.87383354
-0.19896601,0.25622615
0.049056143,0.068249024
0.014466025,0.8935236
0.017440956,0.8753883
0.05150649,0.09827295
0.15236796,0.02155367
-0.0026015986,0.77177846
0.065580405,0.11622394
0.11969766,0.16288139
-0.0008207068,0.8840574
0.0037955157,0.86584824
0.02565397,0.88972294
-0.07074674,0.36353323
0.030260582,0.077343725
0.10547781,0.50436974
0.008457168,0.8762247
-0.04107828,0.07674858
0.08909944,0.06954223
-0.09808032,0.24301398
0.024535807,0.07856644
0.11972868,0.17336486
-0.04718035,0.24515957
0.007846339,0.8781873
0.039890587,0.61042535
0.017488891,0.87721735
0.10854137,0.033216916
0.22687119,0.08608182
0.05945407,0.6937296
0.013774077,0.8734126
0.12139102,0.13623896
-0.0018254567,0.04483516
-0.104600295,0.16481498
0.028288746,0.87661415
0.04585011,-0.0014265369
0.0109279,0.8918368
-0.08565486,0.26775953
0.14234538,-0.0509982
0.046092626,0.3474296
0.030898442,0.8452231
0.012160262,0.8707166
-0.012585025,0.8786766
-0.17845426,0.4669098
0.04288134,0.14454755
-0.099037245,0.09487848
0.026909085,0.8962209
0.18637682,-0.0073884563
0.018155908,0.86174124
0.03449932,0.84030944
0.09096249,0.07379206
0.01947261,0.8652131
0.00028464812,0.8948163
0.00833067,0.87338185
-0.038739253,0.13468981
0.009029071,0.90215814
0.06009681,0.15841055
-0.12070522,0.096497096
0.17634945,0.07890404
0.031813756,0.8712871
0.022829339,0.84602153
0.12674542,-0.077900596
-0.09591201,-0.0055425884
0.14479096,0.023248613
0.03825601,0.8704003
0.106340505,0.051880453
0.024471747,0.82437456
-0.009494907,0.105697654
0.01959165,0.86457694
-0.10692225,0.16794018
-0.012073864,0.7460156
0.027015971,0.1512723
-0.07984751,0.46328974
0.055207267,0.8500369
-0.010700409,0.33776224
0.025895348,0.8447425
0.0154220015,0.8544388
-0.00027930998,0.8815753
0.07278905,0.11458211
0.048025772,0.8476564
0.07280778,-0.013427966
0.036259726,0.22828487
0.0130750025,0.86641836
0.21912807,0.12671177
0.13620925,0.14739852
0.014638335,0.8703718
0.008110914,0.11956981
0.056244604,0.17546915
-0.09882988,0.4104932
0.04747965,-0.10726661
0.010388485,0.048702426
0.015926382,0.8686108
0.05517595,0.09395421
-0.20597577,0.36524838
0.043245167,0.1212607
0.0042791907,0.12468045
0.010830273,0.889994
0.07263355,0.8287414
0.054050174,0.105336845
0.0066437325,0.8705455
0.08984807,0.10319467
0.013802867,0.84426934
0.017054427,0.8690249
0.11527569,0.29676554
0.05599912,0.15068848
0.09521879,0.057092052
-0.056020685,0.052614227
0.12579115,0.16940601
-0.0018806685,0.8485845
-0.0028485397,0.87852496
0.142172,0.031496096
0.12484478,0.66921467
0.03949907,0.8688789
0.033661008,0.045062385
0.2724964,0.12223966
0.03433903,0.33585143
0.0073574493,0.75413746
0.03095992,0.435613
0.08330664,0.101684235
-0.08509921,0.09082085
0.00026642074,0.8722678
0.019682411,0.8793027
0.108944856,0.019801317
0.14343603,0.30392176
0.13405193,-0.0020358944
0.009977373,0.8755533
0.018402115,0.84131247
0.10049412,0.29021168
0.029891405,0.056675017
0.19157156,0.016535722
-0.0010088794,0.8641887
0.030459972,0.8699932
0.13874999,-0.027281385
-0.03362062,0.84284735
-0.0012811767,0.04917361
0.0015477905,0.014957788
0.1313524,0.063292764
0.020614212,0.8466123
-0.009257491,0.8755894
0.013026701,0.8804809
0.019001838,0.8738007
0.0060157157,0.8951485
-0.011146201,0.25801778
0.037417606,0.047856428
0.017623646,0.88305736
-0.011740976,0.12827054
0.17674527,0.11873418
0.05436902,0.014233612
0.043271374,0.10298715
0.017352603,0.8714125
0.02285959,0.88292474
0.05229568,0.08977214
-0.017870355,0.67432344
0.0026963642,0.77575344
-0.021216242,0.24926335
0.017500633,0.88112414
0.061351478,0.09875847
0.15250322,0.07371747
0.0056118723,0.870305
0.02149243,0.15950353
0.0056239353,0.89746016
0.022099808,0.88391846
0.014582521,0.883692
-0.1135591,0.046813287
0.02190547,0.67258036
0.026193397,0.8933142
0.09698634,0.24450924
0.36988184,-0.0036013224
-0.021385333,0.7381716
-0.052760176,0.7473398
-0.09556438,0.03780089
0.018829998,0.7643346
0.18096149,0.5404992
0.018374534,0.87549615
-0.09170319,0.54265875
0.013169661,0.867547
0.010048134,0.8609515
0.023925357,0.85690796
0.1264646,-0.021590557
0.13293248,0.08722142
0.019716537,0.86565775
0.042540193,0.84581447
0.027603915,0.19552399
0.097371094,-0.09799302
0.018605681,0.8757977
-0.008098151,0.86716324
0.014558038,0.8814319
0.0124298,0.1281678
0.009434888,0.8578053
0.16419524,0.048908606
0.1256344,0.019114053
0.008431101,0.35672608
0.10056274,0.21568213
0.0964261,0.022022033
0.023747459,0.069725424
0.1264226,0.37906235
0.017406184,0.85453004
0.036805116,0.09471255
0.003785453,0.09955518
0.0058930977,0.88383496
0.020587668,0.05115071
0.100892946,-0.08175595
0.021684874,0.85911375
0.037589263,0.8512135
0.1884122,0.10122362
0.09533425,0.10109851
0.0051680957,-0.02145778
0.04669885,0.80955005
0.015130286,0.835369
0.045834847,0.6921259
0.039110344,0.8625202
0.037060473,0.09303775
0.023686431,0.35292816
0.08936106,0.07784841
0.073724456,0.1208894
0.06041295,0.074045755
0.12324822,-0.0025898018
0.013000062,0.8838296
0.15311855,0.086072534
0.014601337,0.8803881
-0.007107287,0.07443577
-0.005497991,0.78346884
0.16181207,-0.057553347
0.015465049,0.884055
0.0022837333,0.88410616
0.00100634,0.8754797
0.13937747,-0.11264073
0.11385159,0.2352032
0.019499341,0.88572425
0.1577188,-0.021611487
-0.087590545,0.15332063
0.012929672,0.88575894
0.058206797,0.07540805
0.055209164,0.11206183
0.06115001,0.06016299
0.023869885,0.42110482
0.35750353,-0.033539373
0.07233558,0.1689759
0.009742955,0.87946874
0.13303614,0.5402554
0.010603314,0.8663032
0.038324594,0.8702786
-0.226568,0.42659342
0.1646891,0.07684044
0.05377755,0.19298264
0.00093376637,0.8792135
0.015190696,0.070737936
0.009289474,0.87210435
0.0076264404,0.85164416
-0.18486907,0.1786691
0.014220529,0.89712435
0.048883222,0.12679282
-0.055082347,0.47453552
0.025764288,0.56181616
0.36441475,-0.015990086
0.051746752,0.10832535
0.014145411,0.88376534
0.020028606,0.8632215
0.011377015,0.055058345
0.042726543,0.10465721
-0.030269641,0.07390998
0.14215668,0.26794603
0.035027727,0.83113974
0.053752996,0.8681985
0.022643276,0.8850217
0.019149873,0.880393
0.016590279,0.358612
-0.18353438,0.34076902
-0.0013704611,0.8087797
-0.07619904,0.6190889
0.1090626,0.1265071
0.01775184,0.8759627
0.067858964,0.110256955
0.012561048,0.8847991
0.019705841,0.88627195
-0.11297998,0.039462443
-0.020129899,0.73362887
0.06020754,0.10451719
0.05379227,0.1024321
0.016732149,0.88071424
0.093496904,0.02443938
0.05057263,0.7677551
0.02374921,0.8816795
0.03264363,0.09225155
0.005693481,0.1240336
0.038572226,0.015995262
0.015793929,0.87794507
0.048271183,-0.117810994
0.013497034,0.8783234
0.06766785,0.087969296
0.049124252,0.4749369
0.011092952,0.8716498
0.2915347,0.09180615
0.34424862,0.052233074
0.0319776,0.87538224
-0.038101926,0.59762293
0.0068397643,0.86789465
0.019178247,0.87305826
-0.18512896,0.105837494
-0.10915171,0.11878737
0.03967521,0.8305767
0.036919195,0.10354154
-0.0049775885,0.3184911
0.21936926,0.0266313
0.022163939,0.8903169
0.026208809,0.88121766
0.025641814,0.8766713
-0.061511666,0.4520801
0.02283141,0.8544848
0.15457928,-0.024000658
0.00171272,0.8679998
0.018140087,0.87287784
0.0066447016,0.84498936
-0.06467515,0.5108612
-0.033097554,0.20808616
0.02768872,0.8861316
0.048080258,0.11607364
0.01893181,0.879028
0.053939745,0.100154266
-0.04437345,0.12746057
0.01604333,0.8720907
0.021815376,0.8848757
0.38949385,0.054253668
0.024883408,0.7771045
0.15534015,0.024350926
0.052555453,0.1122752
-0.07571373,0.720525
0.19263087,0.20259872
0.06851127,0.03800357
-0.014985549,0.11554693
0.056423925,0.10515335
0.0061213966,0.88969433
0.02041729,0.15203029
0.2656324,0.18748862
0.043368265,0.10306487
0.04457116,0.04651675
0.05383567,0.10016506
0.082375586,0.7233594
0.050502565,0.10209141
0.03523438,0.108609654
0.008104738,0.87922263
0.15080811,-0.030591799
0.15735486,-0.021137187
0.2185458,-0.022127835
0.14667684,0.1453422
0.0345699,0.8679108
0.24242678,-0.0006536144
0.015224908,0.8412229
0.018843474,0.87027305
0.24887559,0.19423676
0.032224596,0.8819603
0.015128418,0.8811692
0.027589772,0.8641945
0.011027239,0.8765455
0.016337866,0.867633
0.16865465,0.053198747
0.24856752,-0.07793959
0.14423151,0.008019782
0.035264056,0.08280336
0.018941486,0.880617
0.058833886,0.8521895
0.024710275,0.38514483
0.11748857,0.14795987
-0.003033665,0.8637323
0.009542417,0.8606631
0.02044241,0.8566377
-0.05164248,0.117919855
0.09379339,-0.019584121
9.36508e-05,0.8671283
-0.003655357,0.17475156
0.012302466,0.88019115
-0.0023938173,0.88120675
0.019339694,0.900697
0.034198754,0.8937677
0.062279943,0.07396677
0.2154939,0.5431231
0.021632416,0.8708338
0.018724117,0.8848288
0.022835871,0.64962125
0.01995094,0.8376638
0.019242564,0.8857515
0.011256371,0.8650846
0.023300152,0.87814766
0.06613072,0.08820552
0.012468903,0.8859787
-0.0022685004,0.21966511
-0.09886856,0.321094
0.03033584,0.071019076
0.007258153,0.89549637
0.008074767,0.8900276
0.015250599,0.89330417
0.007068881,0.87600154
0.056134906,0.85520756
0.12891862,0.017444154
-0.00087118486,0.15396516
0.050260406,0.104425795
0.17238541,0.000589983
0.10392018,0.060236137
0.048994962,0.10229639
0.015216253,0.8823232
0.019357609,0.884118
0.00021252398,0.80434394
0.038682107,0.8721549
-0.23142901,0.51225823
0.14623617,0.10846893
0.01689096,0.8713285
0.057893984,0.09750381
0.026237173,0.8717169
0.053580623,0.111634135
0.016639194,0.88672554
0.028117849,0.8613418
0.030234402,0.8787835
0.012939908,0.87361306
0.074654154,0.054106023
0.015814709,0.8824966
0.12362404,-0.14811862
0.0226968,0.87059385
0.07147467,0.11473689
0.052808303,0.08896996
0.040257633,0.10792596
-0.19514951,0.07829086
0.118332125,0.06790364
0.026153615,0.84356976
0.09865347,-0.1547571
0.011690164,0.90711343
0.029533504,0.8896598
0.035362925,0.89773166
0.026561433,0.17394443
0.026982876,0.88139963
0.06865377,0.11887104
0.0027404015,0.8801167
-0.07737353,0.18172649
0.020971028,0.08049985
0.018198365,0.86920464
-0.028610343,0.07317389
0.0038480472,0.87557787
0.079582006,0.23228706
0.04807257,0.1161765
0.17558679,0.002358152
0.010048358,0.14554168
0.0056904545,0.8745301
0.051402286,0.101483844
-0.049229745,0.60925
0.01811587,0.8799239
0.15969737,-0.080534086
-0.040796332,0.7244306
0.26833433,0.14792933
-0.0407023,0.4534605
0.062434245,0.13047415
0.068191685,-0.04372192
0.0066568237,-0.025844608
0.048849873,0.121491626
0.010863332,0.76405114
0.01056062,0.8870972
0.019308263,0.8843093
0.09136053,0.05945317
0.02754016,0.88772166
0.012519735,0.8661557
0.058721587,0.100812525
-0.057445917,0.002525576
0.2095952,0.010784112
0.018916039,0.87977743
0.004441982,0.8661244
0.09370289,0.49763423
0.035369527,0.34321782
-0.072013535,0.80244017
0.01606044,0.8747519
-0.070525855,0.1419707
0.20024917,0.4431785
0.1072383,0.11559962
0.028603163,0.8508509
0.050023206,0.8412342
0.037582222,0.064867735
0.3114233,-0.04825854
0.016482694,0.8727259
0.09684385,0.113941
-0.021456596,-0.040172063
0.024746979,0.88786876
0.10966102,0.42180145
0.03966071,0.768562
0.15692642,-0.051795874
0.095231034,0.021866132
0.04071421,0.8656019
0.019033104,0.88470656
0.017497538,0.872039
0.020134863,0.8845602
0.04873088,0.11428742
0.017909383,0.8750607
0.010878563,0.3089484
0.19951652,0.08236838
-0.020781009,0.873778
0.07729621,0.014390347
0.01687042,0.87557316
0.07637182,0.28424785
0.024619285,0.84015703
0.017253064,0.8827329
0.23565058,0.1727309
0.01235089,0.90170056
0.040714774,0.82392704
0.0886142,0.09653374
-0.043062583,-0.04121159
0.054492168,0.2797947
0.25768584,0.06392722
0.029567048,0.874013
0.026680067,0.87127507
0.0026393526,-0.015371472
0.066096306,0.10316448
0.081571884,0.08190577
0.032389324,0.8750508
0.044480536,0.88387215
-0.0023766279,0.8715613
-0.11340221,0.07176681
0.17115565,0.16588004
0.03618398,0.8482823
0.0151905315,0.8754616
0.018800925,0.17781527
-0.14180216,0.22903337
0.114192896,0.05010765
0.15513866,-0.08444126
0.119830266,0.09967719
0.13826986,0.22075507
-0.064249374,0.097805925
0.038813855,0.37993443
-0.035434715,0.82385486
0.0017923844,0.13761099
0.018976325,0.8929839
0.13096234,0.15310925
0.04940917,-0.033985086
0.14358708,0.008713828
0.025788452,0.8688261
-0.04459488,0.2815673
0.1909795,0.0704426
0.041505013,0.88125914
-0.08674565,0.49463925
0.012981445,0.88766897
-0.007525317,0.019506905
-0.082607105,0.2459863
0.0634299,0.122819915
0.024752297,0.18602721
-0.072344735,0.18836008
-0.2285979,0.35547942
0.14756212,-0.06272609
0.23442854,0.09764782
0.017560314,0.15009701
0.019853849,0.12972353
0.13815399,0.2076135
-0.04618515,0.7754536
0.030150821,0.10786195
0.1182633,0.048286997
0.031116428,0.90736717
-0.00036679948,0.06194223
-0.24399263,0.277732
-0.008271634,0.8728538
-0.003064474,0.84841764
0.042211596,0.10093549
0.022321185,0.87924844
0.033321436,0.8780318
-0.0036049816,0.7235073
0.007812933,0.87907445
0.014726983,0.87739366
0.106344745,0.06082214
0.031615622,0.8838525
0.13823311,0.20282015
0.11702601,0.067687005
0.044421546,0.81357676
0.002321022,0.8369387
0.018651959,-0.17814153
0.025055097,0.8033795
-0.07981346,0.12164334
-0.0013340324,0.81699055
0.04162402,0.10692774
0.010131858,0.9059145
0.25005823,0.059126638
0.024223112,0.8894712
0.13072321,0.068869375
-0.0023610892,0.8561478
0.28188434,-0.04916872
0.01631288,0.8652112
0.027253574,0.8762664
0.0061946213,0.899952
0.032277167,0.8934387
-0.093457334,0.13650623
0.017339932,0.881407
0.015087434,0.8744201
0.031233579,0.8797647
0.01451501,0.8911573
0.10788033,0.057539787
0.023028199,0.8803055
-0.0050384128,0.870368
-0.008653444,0.25824594
0.028219398,0.87393796
0.031612355,0.4228838
0.0070944293,0.88404423
0.03356156,0.16857259
0.2556848,0.26918247
0.017082574,0.8839472
0.22330168,-0.04384154
0.24570858,-0.17218764
0.058940507,0.09083595
0.07382332,0.119947955
-0.1757784,0.3869103
0.02600501,0.190992
0.02992375,0.85852396
0.029037453,0.8788744
-0.09063663,0.3464111
-0.04341103,0.679785
-0.013246086,0.072107054
0.024597546,0.8796113
-0.016353197,0.6809684
0.016391926,0.8791135
0.01043868,0.8765721
0.012572426,0.89860904
0.01777992,0.87339014
-0.27306768,0.41269058
-0.19731489,0.35818177
0.038932797,0.8607941
-0.055444006,0.7682588
0.019890096,0.07646649
0.03689695,0.83223397
0.09415007,0.042461917
-0.09975362,0.15182465
0.028856527,0.8810537
0.02300438,0.8823357
0.1619797,0.11952936
0.06270202,0.7692014
0.0017036977,0.0520091
0.07009127,0.08556371
0.008759801,0.8931313
0.032494918,0.31262675
-0.188481,0.09734931
0.0142422225,0.88036466
0.084692374,0.032145854
0.053989574,0.101216786
-0.24599317,0.33375803
0.015525826,0.8654133
0.15926567,-0.09685467
0.26989576,0.02222494
0.00920257,0.8561814
0.015244616,0.867824
-0.09071587,-0.25356907
0.06266028,0.118551224
0.0134594655,0.87473434
0.06571942,0.036980286
-0.13715994,-0.005653215
0.16804601,0.014133542
-0.059137404,0.117006056
-0.103977464,0.15601385
0.05519018,0.104696155
0.15349866,-0.001637368
0.039728478,0.14010847
-0.05495127,0.18922293
0.015329428,0.8711043
0.05548084,0.10789955
0.054517724,0.521373
0.022813957,0.8744825
-0.07971072,0.0353539
0.0356455,0.8858997
0.15258697,-0.04608582
0.15526988,0.13755015
0.04758191,-0.064125784
0.08374405,-0.042311244
0.014991382,0.88283205
0.18995994,0.6025369
0.0067842486,0.8482862
0.17249732,-0.022435535
0.01773472,0.8711287
-0.09121645,0.013972211
0.046220835,0.8366296
0.019555982,0.8764679
0.08886642,0.051624354
0.019961633,0.090449005
0.03466246,0.8677821
0.0044746213,0.8565806
0.12607805,0.04669302
-0.11736778,-0.05614982
0.0070777982,0.04176151
0.008127764,0.87741214
0.028684579,0.8823371
0.055522222,0.81808376
-0.20633961,0.5394055
-0.031375073,0.17186178
0.007801965,0.8451445
0.0038819292,0.87319565
-0.09462555,0.16807441
0.011802697,-0.012645005
-0.17624488,0.3148316
-0.09257391,0.4231412
-0.199703,0.0014866616
0.023252679,0.87667143
-0.1502134,0.4715915
0.03396773,0.8666851
0.0346117,0.15693818
0.016659629,0.81082726
0.013052718,0.87786585
0.0026931753,0.9074384
-0.17738274,0.12693508
0.017520992,0.88129777
-0.0984595,0.038382325
0.020494426,0.87442076
-0.061818488,0.028269371
0.1608268,0.027526563
0.011560705,0.89221656
0.01724885,0.8728602
0.032192703,0.062063485
0.050144453,0.10897596
0.030896677,0.061877027
0.06255503,0.04239463
0.002416731,0.12355895
0.015304009,0.8595582
0.008744845,0.88817227
0.0117818555,0.8682411
0.006657655,0.87516433
0.026898015,0.87014145
0.24104215,-0.041723017
0.03664397,0.8560425
0.16663586,0.1518032
0.020720102,0.8790476
0.14704373,0.03194888
0.017609082,0.8781798
-0.014438702,0.84038174
-0.005780197,0.82451797
0.046811204,0.23977534
0.036140706,0.86505073
0.0054279715,0.86593217
-0.012028815,0.2399039
0.039496582,0.15259714
0.12520356,0.024310669
0.26815546,0.06184204
0.012914375,0.8567057
0.025242783,0.88906676
0.031884223,0.21709272
0.050082378,0.12481767
0.060497593,0.107332766
-0.040923055,0.28538463
0.0068602427,0.86306834
0.025158772,0.8788446
0.062519334,0.106640324
0.25988534,-0.013539085
0.030355569,0.8279348
0.028615884,0.8634859
-0.10165324,0.22163823
0.087194204,0.053735036
0.13051012,0.4060961
0.007839781,0.8951034
0.019912498,0.8823833
0.033587437,0.8517182
-0.04253194,0.6808651
-0.03988147,0.7064894
0.10398698,0.7146256
-0.0379686,0.071227424
0.24615967,0.03849398
0.05094378,0.18010765
0.0152000785,0.8667626
0.0021484534,0.8606496
0.005208627,0.8703218
-0.014461987,0.81280965
0.12072228,0.08557525
0.024628213,0.8722589
-0.15149218,0.57924634
0.0116391005,0.8936051
0.16293833,-0.13752079
0.022484718,0.84548557
-0.2014801,0.11142826
0.07164574,0.08603792
-0.080114156,0.17460611
0.07219021,0.07373528
0.039779425,0.87362325
0.0006240239,0.16459212
-0.018857395,0.09861895
0.016368624,0.8571354
-0.0070202737,0.8771318
-0.07433132,0.8216457
0.0490714,0.40148297
0.030100338,0.8732624
0.06303982,0.09171991
0.10255835,-0.006304517
-0.051889487,0.03223395
0.10122209,0.065172
0.011347332,0.8916534
-0.22248964,0.3075793
0.017575309,0.87830305
0.058124214,0.12811781
-0.08447361,0.72142595
-0.08516707,0.21879774
0.065482266,-0.06421709
0.058178492,-0.025104992
-0.22345433,0.34315306
-0.041270494,0.042339444
0.026299324,0.1635667
0.012176789,0.8825849
-0.13511482,0.18928866
0.007795294,0.87123543
0.08777801,0.031197216
0.03719891,0.8898793
-0.22394186,0.38810733
0.02899359,0.8920968
-0.027911566,-0.22266644
0.006529562,0.14312568
0.088783175,0.17980891
-0.00092267676,0.881198
-0.047923222,0.13972345
-0.25826868,0.17013809
-0.027934765,0.7844719
0.016494691,0.84921193
0.05833181,-0.015569112
-0.06488152,0.19368228
-0.20542876,0.14678566
0.039382957,-0.0731568
0.059439432,0.11870055
0.2750324,0.08725147
-0.00042339799,0.87171954
0.18641049,0.13045613
0.09770525,0.11037401
0.038606364,0.12604868
0.085677214,0.10102438
0.045314465,0.09887461
0.0431828,0.8931505
0.009608312,0.8664194
-0.16910288,-0.003935397
0.036309607,0.14697221
-0.01890016,0.60756737
0.0495027,-0.016380435
0.118706085,0.20274572
0.02311916,0.86881834
0.045627046,0.7734793
0.00793457,0.8592854
0.21097745,0.074293196
-0.010801318,0.45287535
0.14418794,0.09884107
0.1255602,0.075807154
0.022050112,0.796596
0.028226452,0.049255952
-0.038630728,0.07142227
0.033527944,0.13507542
-0.08701561,0.19985321
0.04491045,0.2200005
0.07698782,0.19209164
0.033982873,0.8810593
-0.017446855,0.09476891
-0.020080943,0.035637327
-0.09011564,0.12831157
0.019231299,0.87154573
0.16711771,0.04335878
0.03912557,0.11570658
0.18919905,0.2560339
0.066394694,0.05607215
-0.08403557,0.45311666
0.0856007,0.6226672
0.009202415,0.89531815
-0.10870516,0.20772506
0.017869314,0.88282263
-0.14549918,0.41739565
0.20893438,-0.17103016
0.020571828,0.900751
0.027722377,0.85861886
0.01744135,0.8607614
0.016990284,0.8752091
0.042434406,0.34827015
0.017095221,0.883369
-0.072729364,0.06340484
0.022796579,0.90163875
0.38879114,0.06984616
0.115097985,0.01577505
0.050913427,0.05795151
0.017958682,0.110250406
0.0066724103,0.8823349
0.022868784,0.8661218
-0.07773886,0.06681765
0.13475405,0.6232819
-0.026396384,0.10161477
0.041863643,0.8789245
-0.036369167,0.8052525
0.028054511,0.8400819
0.018687861,0.8765279
0.017768495,0.87636757
-0.009524415,0.29667673
0.08990251,0.032346204
0.019763626,0.88711095
0.19138972,0.08328968
0.105793454,0.2370751
-0.06327085,0.71774095
-0.029549854,0.6158048
0.054946013,0.61804456
-0.11173571,0.69773483
0.017715544,-0.00034041368
0.018884469,0.8730606
-0.0016198059,0.08164419
-0.019553583,0.17670162
-0.020485815,0.089412674
0.0073012933,0.89449954
-0.02840997,0.8622872
-0.14614192,0.61310714
0.084541336,0.04024026
0.009782907,0.87644184
-0.13247499,0.21988696
0.010871487,0.82978195
-0.10519705,0.22077496
0.016629426,0.1726372
0.029319286,0.67423177
0.111325085,0.12556787
0.009232558,0.89476216
0.17727919,-0.04739988
-0.10374111,0.34933424
0.017689725,0.8734522
0.12117066,0.11828668
-0.02217771,0.13670948
-0.0498327,0.15703271
0.18175174,0.062595576
0.050498605,0.09319983
0.01642926,0.8771123
0.040063836,0.075774565
0.044504035,0.5298355
0.21998763,-0.09539599
0.025192345,0.86473805
0.1181421,0.78870064
0.062589124,0.031219479
0.006414704,0.86357754
0.015466207,0.87937737
0.021846816,0.84220034
0.017901639,0.88168716
0.08435427,0.19221233
0.014814989,0.87432736
-0.09576547,0.5083517
0.2074068,0.0190001
0.19465733,0.027819797
-0.048165858,0.23151556
0.040900815,0.19115295
-0.035180736,0.12475455
0.010288084,0.10079649
0.10086147,0.082866624
-0.10260314,0.14587726
-0.044921644,0.29551443
-0.021453883,0.8165136
0.042619526,0.12203861
0.036346916,0.88481176
0.027574949,0.023522569
-0.08508137,-0.04951085
-0.11556818,0.2074111
-0.03696471,-0.18264455
-0.06595662,0.11158154
0.17812628,-0.038036138
0.012398908,0.89593273
0.010105405,0.89807767
0.0247069,0.2821082
0.017248487,0.890027
0.0053926893,0.89594626
-0.0113723315,0.11213981
0.005249519,0.8473042
0.030839458,0.85426575
0.0043849153,0.16112167
0.20502052,-0.036185794
0.014993553,0.8778822
0.13415386,0.222837
0.053057116,0.10120751
0.0035664926,0.8406369
0.12919365,0.072051816
0.01562703,0.8582428
0.023098055,0.8771693
-0.13704628,0.11886015
-0.0183436,0.113284916
0.007017083,0.42537323
0.027063375,0.019956913
0.11898898,0.12476813
-0.02887002,0.8115948
-0.08080428,0.1390024
0.03797137,0.07427878
0.07668842,0.60923487
-0.00043348604,0.8538216
0.1553447,0.019451542
0.030030403,0.88106793
0.239699,-0.039047524
0.0074515236,0.88768446
0.19126329,0.12781498
0.066693075,0.2610605
0.08307762,0.00799578
0.00823658,0.880308
0.1934011,0.12641464
0.017561374,0.8442451
-0.041209776,-0.12954256
-0.04875407,0.38690063
-0.010050575,0.5444517
0.0068356586,0.8816139
-0.1961509,0.033325188
0.015753945,0.09773056
0.18304999,0.01508494
0.010195036,0.8546894
-0.042734895,0.8360801
0.09951945,0.06269428
0.017335163,0.8757073
0.112358086,0.18734118
-0.0097137075,0.61133945
0.022635411,0.85489446
0.12873106,-0.14924462
0.18098187,0.014803706
-0.028405584,-0.06723789
0.059292965,0.10672376
-0.12085615,0.21890654
-0.02168159,0.8482449
0.106186345,-0.014800296
0.11837063,0.11261042
-0.060576327,0.5096593
0.024909956,0.053376935
0.1941549,0.12533677
0.005472265,0.037223663
0.10843494,0.11443659
-0.27696747,0.23450857
0.021366153,0.6930633
0.027357835,0.8632294
0.1773697,0.08047614
0.030675752,0.7601297
0.039888564,0.06301801
0.07771047,0.20375547
0.021476256,0.8354342
0.23148923,-0.028708646
0.0130325705,0.8284511
0.2742471,0.009121077
-0.060014524,0.45526284
0.00874971,0.86225235
-0.0114805205,0.17785501
0.13693139,0.068374425
0.057884492,0.14956917
0.022927819,0.16741897
0.1098391,0.64594156
0.08317627,0.12336082
-0.22218238,0.24870141
0.07721549,0.02970039
0.0056420667,0.83576095
0.021002341,0.8829477
-0.015554753,0.1276807
0.007095684,0.89511603
-0.029452031,0.050721854
-0.02788254,0.74273986
0.0807057,0.20164904
0.3385638,0.011878418
0.041501254,0.45147553
0.05957465,0.09189749
-0.06494498,0.17530291
0.0014958902,0.8844549
-0.040244803,0.59374696
0.044353727,0.018361153
-0.008688244,0.12205308
0.036396835,0.48086876
0.17718321,0.12847278
0.027835099,0.8818478
0.008009496,0.8772214
0.051477768,0.5080229
0.0323898,0.8776734
0.12947318,0.07228278
0.015274666,0.08691222
0.2050707,0.06969519
0.018030489,0.8762599
0.13702488,0.0478125
0.01847902,0.8949
0.030416338,0.8600674
-0.0006205876,0.8672809
-0.12689222,0.2459651
0.0031668278,0.669155
0.0048120357,0.88719517
0.048465274,0.12599428
0.0045434977,0.8960764
-0.019999586,0.13397369
0.012554722,0.61635697
0.17694071,-0.010507945
-0.1721978,0.25551265
-0.03831598,0.099681914
0.044364035,0.38292137
-0.11447348,0.12688088
0.2120543,-0.04462631
0.07003356,0.100633316
-0.13108554,0.32423067
0.032320112,0.86753964
-0.2653432,0.38592994
0.050170504,0.23434915
-0.004283126,0.1846185
0.23433897,-0.06034756
0.097981684,0.68042815
-0.15517895,0.1833207
0.03565777,0.33433154
0.12038079,0.16994886
0.05394398,0.15575042
0.023208043,0.86564684
0.03182948,0.37156945
0.0052652145,0.070272505
0.063168876,0.12863448
0.026291313,0.8661066
0.014999428,0.88365686
0.0777631,0.07137744
-0.16004823,0.24370207
0.08043896,0.0722655
0.028225042,0.10565184
0.013353986,0.8717393
0.044223752,0.19888766
0.07956267,0.14211848
-0.04205519,0.2464584
0.17530933,-0.10318943
0.02216587,-0.025170436
-0.057268877,0.34462923
0.007972355,0.8654374
0.014713753,0.87932324
0.013626184,0.580515
0.010302497,0.12907211
0.011796558,0.81509674
0.027827388,0.13705406
-0.0073537873,0.20946972
-0.061779115,0.6731866
0.13099839,-0.037948865
0.015216629,0.86656666
0.008860564,0.88855904
0.26614073,0.08276488
0.037799448,0.62878925
-0.2137705,0.4951906
-0.017114766,0.47819382
0.003090252,0.87863666
0.047792025,0.09561928
0.03936771,0.105018064
0.004749861,-0.092917725
0.05154668,0.008360982
-0.33401686,0.5088584
-0.08441626,-0.027559562
-0.07096544,0.56360835
0.07287337,0.11876811
0.16422561,0.22036552
0.0935007,0.010152275
0.0908557,-0.031193823
0.107110344,0.23136806
0.024853632,0.8589186
-0.04626016,0.061544746
-0.04384538,0.37878188
0.07321128,0.47231635
0.030774638,0.096824095
0.030049633,0.84553856
0.023628552,0.9068735
0.026312191,0.29669312
0.17978328,0.21516636
0.034739316,0.85906625
-0.01266165,0.735559
-0.034998555,0.1531425
0.112512626,0.36527926
0.0019069341,0.87345797
0.19088978,0.03441534
0.03220869,0.87104213
0.016016852,0.8948593
0.020315208,0.88602453
0.09638136,0.053016245
0.097961225,0.0943584
0.1309839,0.09514102
0.015795957,0.8749677
0.029354567,0.88049453
0.0199113,0.7600441
-0.19507177,0.31020436
0.02804983,0.87838525
-0.07557945,0.5221839
-0.18809022,0.31531712
0.035035226,0.7445516
0.08618168,0.2951627
-0.015387121,0.8525953
0.012681762,0.8408886
-0.01823049,0.4824499
0.31393203,0.07620444
0.0639736,0.060609937
-0.08770667,0.18562883
0.063591376,0.015045253
0.18518092,0.10709139
-0.07771591,0.27092004
-0.11102472,0.18115179
0.007324087,0.86849034
0.051510446,0.109374665
-0.11344536,-0.09431486
-0.10686738,0.41045538
0.007749959,0.8853719
0.042130664,0.8800692
0.02252067,0.032996185
0.049115717,0.021939034
-0.03277703,-0.027460659
-0.0118027525,0.86236244
-0.22149745,0.29335546
0.18924694,-0.14596304
0.15115358,0.0064103017
-0.08217966,0.12938927
0.019761097,0.8769318
-0.007294319,0.6378133
0.074115746,0.120275706
-0.044790458,0.14217879
0.04962584,0.26430702
0.1713857,0.029173339
0.042073976,0.08678706
0.038890116,0.8159865
0.009695212,0.31035253
-0.1915295,0.42488843
0.033850327,0.8567664
0.16102047,0.6413693
0.05923704,0.69767374
0.027188856,0.13359652
-0.08149434,0.6388467
0.03857576,0.7794004
0.18338971,0.11135049
0.07639108,0.017942794
-0.2782827,0.4309139
0.017778004,0.87927747
-0.011561022,0.13083579
-0.005236491,0.80258685
-0.071378775,0.17351554
0.05288767,0.34948257
0.024231562,0.86632144
0.052316677,0.15267807
-0.03730463,0.42176822
0.3891548,0.003442245
0.011360453,0.8784048
-0.13217041,0.24718083
0.086888544,0.05994726
0.06661858,0.1682299
0.006167017,0.87264353
0.21774368,-0.022014603
-0.007010574,0.77966374
0.010210016,0.8767734
0.019118102,0.24766648
0.14798501,0.040837698
0.024286931,0.019242099
-0.028623667,0.71167296
-0.23567696,0.39013532
-0.044509903,0.17849559
0.15313612,0.1395703
0.067195885,0.19629787
-0.039755866,0.7112509
0.14846116,0.039764985
0.021541571,0.87415504
0.19463,0.11851186
0.043814417,0.81522685
-0.28150117,0.3218725
-0.06944337,0.15559462
0.1343576,0.024898225
-0.0471314,0.118408054
0.010798589,0.87376463
0.0075453524,0.89328843
0.0016394338,0.08776972
-0.11741059,0.10668444
0.20153122,0.05200306
0.07779953,0.31764013
-0.08244947,0.018728018
-0.09463762,0.1721422
-0.0072909854,0.88533354
0.011563493,0.75166816
0.13191293,0.024339741
0.09192343,0.0013352683
0.11843796,0.108406894
0.092306964,0.5988032
0.01558751,-0.06908584
0.165623,0.48573148
0.051897448,0.2104376
-0.043192066,0.51136994
0.14482234,-0.02583185
0.005863053,0.87823254
-0.06751822,0.046557307
0.01868386,0.89049524
0.0465994,0.09530782
0.08038396,0.13829817
0.041215044,0.17808136
-0.004025849,0.8183422
-0.12551878,0.3893072
0.106208645,0.09502087
-0.05389859,0.74764824
0.0016643531,0.16795029
0.22111008,0.6073096
-0.08211862,0.1785351
0.018714035,0.8772808
0.07547891,0.5548101
0.039657168,-0.0028336765
-0.094549805,0.21047644
0.13329859,-0.043046195
0.06918216,0.12888145
0.06699667,0.14313057
0.011796454,0.84009165
0.032420382,0.8974731
0.10796897,0.06995566
0.034253176,0.12922327
0.019131541,0.54768395
-0.15621865,0.21038364
-0.12739898,0.33941326
-0.07925371,0.22504675
0.03251015,0.8593106
0.045688815,0.14119378
0.055179995,0.083448395
0.05080077,0.067934245
-0.05623971,0.3090021
-0.24600731,0.15990719
0.14712104,0.11346626
-0.23842752,0.0799059
0.018874161,0.12155498
-0.027807374,0.2533972
0.1274877,-0.002338744
0.031177754,0.070303135
0.001436428,0.8316099
0.024766969,0.8872491
0.008611856,0.16629946
-0.029680118,0.7643784
0.17259267,0.43820477
-0.24135758,0.2151354
-0.14187682,0.7544162
0.000992888,0.10828984
0.029489044,0.87303835
-0.13471633,0.39069742
0.037058912,0.61637414
-0.0062124506,0.1437883
0.024176734,0.87639844
0.22099636,0.009173303
0.16115431,0.09290316
0.098666206,0.019782482
0.23801652,-0.045857947
-0.081068516,0.7511026
0.027012246,0.13784021
-0.25680172,0.34074825
0.24520417,-0.02163243
0.10448125,0.06270961
0.021412497,0.88087755
0.15796107,0.017681323
-0.27302822,0.3935691
-0.09878222,0.19481343
0.025022874,0.87863517
