-0.09100576,-0.39980558
-0.014920869,-0.6201013
-0.15365362,0.46800235
-0.020721512,-0.6286879
-0.15026751,0.41512918
-0.04107234,-0.7055063
-0.07602781,0.38071704
-0.046534736,-0.09601731
-0.13677382,0.280366
-0.16728641,0.47355744
-0.32216603,0.38602656
-0.015208602,-0.79258364
0.066296026,-0.690763
0.0016919987,-0.72779524
-0.15857868,0.48220155
-0.054667667,-0.5312849
-0.11736616,0.4489757
-0.14470744,0.4206636
-0.15072481,0.425399
-0.07637837,-0.42507902
0.077167705,0.37368843
-0.09358763,-0.6311197
-0.02135,-0.5425913
-0.04457901,-0.48828924
-0.053046275,-0.7091808
-0.027772853,-0.62384516
-0.14282025,0.46193573
-0.12095814,-0.4955367
-0.1998179,-0.6829562
-0.12645827,0.42468923
-0.15741295,0.46111062
-0.14905715,0.42994407
-0.30778316,0.32584167
-0.15932526,0.45249063
-0.052940343,-0.73232055
-0.24742953,0.4970299
-0.16014975,0.40825257
-0.25495,0.4910567
0.0032049045,-0.67021483
-0.14167075,0.3748533
-0.15624441,0.4412168
-0.022860672,-0.6149337
-0.35837865,-0.23002107
0.05489837,-0.77729714
-0.21127537,0.4650804
-0.018127391,-0.7180886
-0.19674942,0.3182305
-0.1343837,0.41808954
-0.24033034,-0.5330923
-0.22368802,0.3981448
-0.111603506,-0.56249976
-0.019632846,-0.6230922
-0.20278156,0.3123291
0.06841761,-0.48661888
-0.14698423,0.5173217
-0.15312962,0.41332537
-0.15160546,0.4197375
0.0007069101,-0.659916
-0.19007176,0.48353156
-0.0219518,-0.62074155
-0.16277221,0.49067298
-0.021831095,-0.6561567
0.032022893,-0.6268514
-0.027315056,-0.66085386
0.07273809,-0.69467676
-0.15241277,0.42633027
-0.0035058607,-0.074889675
-0.07392643,-0.6660475
0.049769197,-0.6709016
-0.08141037,-0.53408575
-0.15576008,0.3793846
-0.010155297,0.23897454
-0.11918534,-0.58407897
-0.20085098,0.3629439
-0.050813638,-0.6121388
-0.0391853,-0.6579912
-0.23526011,0.4202761
-0.13663879,0.37754434
-0.17495936,0.32082164
-0.08328506,-0.51845837
-0.02672327,-0.68632126
0.00024388052,-0.72910863
-0.030833213,-0.65469724
-0.14961731,0.45183885
0.046196397,-0.09383548
-0.14656053,-0.66910785
-0.09439931,0.35992637
0.064494655,0.25769174
-0.20766583,0.46497068
-0.23528129,-0.10606479
0.008332162,-0.5429758
-0.18770108,0.44689983
0.060916368,-0.4844153
-0.0014915351,-0.21205604
0.04449026,-0.2204597
-0.024432516,-0.6506963
-0.059344623,-0.6811298
-0.17780884,-0.7146915
-0.13462688,0.43587366
-0.15801153,0.4380596
-0.13393302,-0.65878123
-0.18418653,0.5091693
0.0041651726,-0.6453628
0.0077652726,-0.6651429
-0.11496356,0.39769357
-0.109959275,0.2899815
-0.18233213,0.42948845
-0.119791836,0.35057688
-0.17267135,0.43469027
0.021788165,-0.6612788
0.06781409,-0.6843839
-0.19570798,0.47172502
-0.07358358,-0.67036885
-0.10475714,0.4527478
0.021380525,-0.6587602
-0.16245848,0.16667499
-0.13546596,0.43259263
-0.057133734,-0.6268133
-0.12016763,-0.6363919
0.07758461,-0.6822108
-0.21679598,0.28440076
-0.23363982,0.34545
-0.19420637,0.46491477
-0.14581284,0.43896872
-0.10690897,0.36154604
-0.2097552,0.39313254
-0.13932297,0.40497333
-0.02622411,-0.7201937
-0.19786008,0.3840942
-0.029047176,-0.56619126
-0.043759357,0.42144385
-0.16348541,0.48085523
-0.081015356,-0.5614219
-0.22346222,0.46705806
-0.028274827,-0.38675758
-0.009737445,-0.6868722
-0.20801477,0.4113327
-0.0980552,0.431905
-0.16490744,0.45291814
-0.07508881,-0.6564998
-0.09428468,0.42407182
-0.034862485,-0.6855918
0.086565115,-0.753391
-0.14483184,-0.7232757
0.012259377,-0.6599676
-0.16573556,0.44103214
0.013656989,-0.6601571
-0.08239881,-0.5153561
-0.061125353,-0.66191614
-0.0976992,-0.6523411
-0.11638658,0.22829352
0.04505277,-0.78166103
0.036475092,-0.5315827
-0.09272722,-0.63735384
-0.02579864,-0.63363594
-0.050883304,-0.6270763
-0.21470973,-0.4222281
-0.2934782,0.3196807
-0.089843914,-0.61307186
-0.1288605,0.4571589
0.02687545,-0.7364072
-0.041292198,-0.4963445
0.05612216,-0.6924498
-0.039834112,-0.72568154
0.0021613596,-0.6254203
0.054048415,-0.39473003
-0.0676932,-0.6875436
0.014139839,-0.27526423
-0.092163846,0.40157598
-0.0027393894,-0.7144815
-0.06934359,-0.6285291
-0.1368813,0.45600978
-0.100925535,0.3499941
0.021917952,-0.6016523
-0.08533842,-0.6207149
-0.11796385,-0.7800571
-0.32989916,0.026684515
-0.1935616,0.33076784
-0.018356113,-0.6515771
-0.15673395,0.4381268
-0.090843074,0.35184014
-0.041872278,-0.5920516
-0.12641573,0.46679068
0.02456272,-0.7201058
-0.0073671034,-0.632414
-0.033420548,-0.5786795
-0.17764789,0.4936534
-0.2592801,-0.6058254
-0.13618094,-0.41003576
-0.0337047,-0.6159369
-0.17345637,0.47062027
-0.116642,-0.18304709
-0.10323077,-0.62985164
-0.093243204,-0.6384574
-0.04562456,-0.67286795
-0.1601553,0.29830423
-0.19117439,0.39457682
0.024318416,-0.7259371
-0.013295393,-0.48686334
-0.091840446,-0.18187934
0.09467726,-0.60919845
-0.1172032,0.29497916
-0.18525389,0.4288459
-0.12267169,0.43943524
-0.16066122,0.43038666
0.004342984,-0.6706787
-0.05965021,0.010444119
-0.15376298,0.4463597
-0.12352257,0.40095586
-0.04971742,0.050356064
-0.2233548,0.4088243
-0.12555344,0.44691437
0.036945492,-0.64844435
-0.20302998,0.52210575
0.01718099,-0.5864109
-0.093535565,-0.5584516
-0.14567018,0.22272259
-0.049357925,-0.67535293
-0.1629078,0.2824183
-0.13969372,0.37353542
-0.097098134,-0.45572317
-0.026883045,-0.63555557
-0.13878527,0.45137295
-0.041730307,-0.6289582
0.062311396,-0.711858
-0.090952866,0.31233698
-0.09128363,-0.64965564
-0.030832635,-0.6512198
0.034865417,-0.6302271
-0.18635948,-0.73874736
-0.14629255,0.32633525
-0.14557184,0.43089893
-0.06597107,-0.6788895
-0.17107774,0.45611718
-0.029120477,-0.42220005
0.014134487,-0.67923117
0.01896843,-0.6762052
-0.09823297,0.40380672
-0.034144204,-0.68821365
-0.095531814,-0.5730797
-0.16313031,0.41878697
-0.23729557,0.44939393
-0.018459499,0.09241911
-0.023229213,-0.642796
-0.13604288,0.38566917
-0.015795812,-0.6396832
0.042774342,-0.6778666
-0.06634117,-0.6849075
-0.22581275,-0.1237723
-0.0018374738,-0.5842359
-0.057905097,-0.7133738
-0.003713567,-0.6841564
-0.15055998,0.44941217
-0.26091683,0.43527207
-0.14298876,0.3633233
-0.0878456,-0.47561076
-0.12063873,0.4802814
0.019742766,-0.6034729
-0.18447949,0.45417887
-0.0898694,0.38572475
-0.1402216,-0.40241507
0.19481084,-0.5373017
-0.08009484,0.41382697
0.02323267,-0.72684854
-0.15881614,0.4153829
-0.03593071,-0.6800726
-0.18769813,0.5004548
0.03485045,-0.77949536
-0.05970012,-0.6530695
-0.14707571,0.49588335
-0.021346623,-0.64199585
-0.015382883,0.41060776
-0.110589474,0.45146465
-0.24401839,0.48714033
0.077246234,-0.687453
-0.045333557,-0.6697326
-0.24542718,0.25991356
-0.025114132,-0.63158923
-0.041302565,-0.65053445
-0.12589195,-0.637498
-0.014197906,-0.6084981
0.068105526,-0.74514574
-0.10705192,0.40143386
-0.040987328,-0.6709442
-0.06314194,-0.7224954
0.05006058,-0.68209887
-0.13559829,0.3284556
-0.1363345,-0.6595445
-0.07005936,-0.67912173
-0.15598182,0.3355944
0.032063875,-0.7525859
-0.08811421,-0.672846
-0.13077646,0.39854
-0.1466487,0.48276892
-0.09863685,0.4083828
-0.15600358,0.35719204
-0.19744784,0.50566393
-0.27387446,0.46675023
-0.10476875,0.42051756
-0.034398746,-0.63850975
0.012913306,-0.70317984
-0.13754772,0.4701649
-0.15813206,0.379957
-0.018210376,-0.6916251
-0.09400413,0.25236928
-0.07515142,0.45471692
-0.12264041,0.3697008
-0.18642223,0.47706965
-0.016496725,-0.40829727
-0.09055523,0.27867737
-0.032627966,-0.70022947
-0.060465068,-0.5164162
-0.2483363,0.214443
-0.039248504,-0.68302804
-0.2738905,0.0025227736
-0.026452694,-0.3444192
-0.18005677,0.43074313
-0.17852066,0.42066348
-0.08029719,0.3626721
0.14650369,-0.3760809
-0.17325316,0.3914507
-0.0012650031,-0.69008386
-0.08892948,0.3801725
-0.15474293,0.4568591
0.03744509,-0.62224805
-0.062599406,-0.7453457
-0.16141693,0.4514684
0.008350304,0.087839514
-0.03747381,-0.7958912
-0.21535845,0.47163227
-0.087500155,0.33464915
-0.20882636,-0.41872418
-0.17229713,-0.4362148
0.04199846,-0.70350796
-0.04741847,-0.7339821
-0.12527265,0.35484934
-0.093672484,0.38316068
-0.11058345,0.46028113
0.07388546,-0.6915517
-0.00773267,-0.6767796
-0.02708785,-0.6482952
-0.14050841,0.4861299
-0.046110816,-0.76117766
-0.026962202,-0.6296907
-0.15514699,0.40957403
0.046382226,-0.73401225
-0.037070155,-0.68206716
-0.066073686,-0.6169626
-0.05652405,-0.63200974
-0.022332115,-0.71028817
-0.049847785,-0.49943137
-0.16974558,-0.5580447
-0.027036494,-0.6685169
-0.09824173,0.41314453
0.18654555,-0.41274244
-0.21079025,0.43995413
-0.008198885,-0.7540964
-0.07731058,-0.6130873
-0.11862818,0.47056088
-0.09133639,0.4248089
-0.08382184,-0.6315625
0.03398172,-0.6902152
-0.043071114,-0.7228563
-0.16957365,0.4645682
0.017790725,-0.630905
-0.08608197,-0.61577326
-0.13195226,-0.6774969
-0.11703275,-0.4261503
-0.072647,-0.6670617
-0.17907673,0.36799654
-0.116309345,0.44810402
-0.034634493,-0.6394212
0.08859774,-0.6387185
-0.1817367,-0.59016985
-0.009502007,-0.662478
-0.17625387,-0.4113024
-0.09304193,-0.10098474
0.09163413,-0.14411698
-0.03224025,0.1977293
-0.014839029,-0.65192914
-0.057473533,-0.67794347
0.04132597,-0.7168723
-0.17187886,0.12822802
-0.15066198,0.43024167
-0.12793198,-0.6299488
-0.011946362,-0.67420524
-0.10708406,0.43833336
0.04783465,-0.7332208
-0.024113169,-0.6509508
-0.14070879,-0.64056134
0.031672988,-0.7360495
-0.1690227,0.43876848
-0.056071017,-0.6130628
-0.1327074,0.4550222
-0.0655587,-0.6534634
-0.14684045,0.4959023
-0.34558445,0.07199196
-0.14035583,-0.1421449
0.034787662,-0.71889395
-0.16041398,0.37985426
-0.016015586,-0.6234739
-0.19273064,-0.56393343
-0.14209247,-0.5233879
-0.0122650135,-0.37085888
-0.07012822,-0.67946696
0.1441971,-0.62382007
-0.121863626,0.3795096
-0.02922371,-0.64875746
-0.0065366332,-0.6129466
-0.020856854,-0.6750322
0.009326052,-0.71617
-0.11701736,0.43319574
-0.06950284,-0.6403928
-0.22937773,0.31867164
-0.042280048,-0.676427
-0.043114245,-0.63100106
0.09620541,-0.6280036
-0.16864082,-0.5892276
-0.029151712,-0.71522236
-0.016220821,-0.6866572
-0.15912941,0.39087722
-0.11775514,0.5148936
-0.03672325,-0.64759743
-0.06167076,-0.09622768
-0.17206036,0.43484664
-0.15981238,0.15310353
-0.08248552,-0.595387
0.018844215,-0.74315214
-0.08462234,-0.67797405
-0.01283926,-0.52834076
-0.06606151,-0.46033028
-0.1443661,0.35740414
-0.005902668,-0.65537566
-0.23709248,0.45248082
-0.16187961,-0.5745472
-0.006792952,-0.68542534
-0.10004053,-0.64308655
-0.042258624,-0.57644254
-0.060720235,-0.7499461
0.095536046,-0.7212319
-0.2052073,0.24383736
-0.15092587,0.327072
-0.17111674,-0.1634303
-0.042142864,0.37532613
-0.07077855,-0.6854092
-0.18392627,0.37925863
-0.03375291,-0.65495646
-0.122644246,-0.5401996
-0.058414634,-0.47911164
-0.22333325,0.40715572
0.06795588,-0.61969537
-0.15303351,-0.6086754
-0.30110374,-0.32816112
0.0081202,-0.66934776
-0.15289377,-0.6527665
-0.1411627,0.42832693
-0.1360518,0.49718338
-0.004962464,-0.7087135
0.05219217,-0.6246109
-0.042768467,-0.6659803
-0.078770384,0.39117163
-0.19436309,-0.544631
-0.12662621,-0.57118684
0.0026942126,-0.6951596
0.009553484,-0.62953407
-0.040216114,-0.63149214
-0.33337036,0.0036061325
-0.118185356,0.36039203
-0.011327767,-0.6143762
-0.0022491605,-0.7009019
-0.0045329877,-0.70952535
-0.040814344,-0.6491671
-0.023788052,-0.7050339
0.021152824,-0.2072679
-0.046395477,-0.44973174
-0.11731733,-0.59707713
-0.022957237,-0.6496481
-0.106244825,0.47647807
-0.08534484,-0.5286621
-0.2567084,0.01242235
-0.04922571,-0.47993025
0.062048707,-0.74250275
-0.07970999,-0.5740535
-0.07694836,-0.57780623
-0.18140239,0.39345065
-0.026476476,-0.6039636
-0.14175636,0.2963815
0.06390276,-0.64133203
-0.090234846,-0.56712127
-0.01813889,-0.66991115
-0.17012751,0.46028656
-0.21159823,0.47824678
-0.092602365,0.3900302
-0.1477096,-0.44139495
-0.018006766,-0.5995619
-0.04326,0.42505807
-0.17569263,-0.021574989
-0.05740241,-0.70561635
-0.052197453,-0.59327096
-0.14628212,-0.505595
-0.06339224,-0.73474455
-0.053011958,-0.7258166
-0.017498756,-0.61185384
-0.1741083,0.45999172
-0.14208461,0.38413876
0.109600216,-0.5922404
-0.0128824245,-0.25076658
-0.1427711,0.46135315
-0.031355284,0.23678206
0.035225518,-0.6816447
-0.07542847,-0.68011487
0.027193677,-0.7066122
-0.16944227,-0.2560168
-0.16073938,-0.5443555
-0.033864867,-0.65671927
-0.24745148,-0.08911968
-0.18341674,0.4440563
-0.022844743,-0.6447472
-0.06327284,-0.7184532
-0.030208463,-0.6425392
-0.12905104,0.4873339
-0.17199215,-0.5953196
-0.19405816,0.46372062
0.11072565,-0.78360844
-0.082305044,-0.76198065
-0.16925468,-0.5974814
0.010880313,-0.623385
-0.17096674,0.46352386
-0.035514127,-0.6327504
-0.026269238,-0.6302642
-0.008226667,-0.45744765
0.012145195,-0.5324669
0.0074285665,-0.80263114
-0.30485445,-0.17275292
0.022560362,-0.61693627
-0.0452215,-0.6746823
-0.1490526,0.42402294
-0.07232273,-0.6656774
-0.10930583,0.5342447
-0.057820972,0.054273292
0.16493292,-0.42632866
-0.30444267,-0.5443111
-0.1922463,0.42516354
-0.07377974,-0.7020948
0.01943383,-0.68697715
-0.17938705,0.44760036
-0.15547895,0.4381123
-0.17089976,0.48669788
-0.042632878,-0.640389
-0.054418523,-0.64173555
0.024690034,-0.62851954
0.010534329,-0.17034402
-0.056073554,-0.72635233
-0.019789035,0.21818496
-0.022660572,-0.6372006
-0.02399027,-0.6494658
-0.32839635,-0.41496125
-0.009163318,-0.69496596
-0.0264075,-0.55774003
-0.012822154,-0.6626045
-0.13774307,-0.49354038
0.039835956,-0.7765345
0.040106576,-0.6636004
-0.09979924,0.47038886
-0.11083105,0.46242303
-0.10620657,0.33545756
-0.27054593,-0.12948927
-0.011113605,-0.64650875
-0.04009795,-0.6345769
-0.26688954,-0.015296741
-0.0431866,-0.49451947
-0.15914759,-0.39365038
-0.085327744,-0.7002344
0.029640516,-0.69671
-0.12599897,0.4087874
-0.02786057,-0.64272076
-0.020942947,-0.63995206
-0.21615459,0.09864912
0.07996894,-0.68640965
-0.048321564,-0.644273
0.015343469,-0.73372716
-0.15000613,0.41766882
-0.14303064,0.03711202
-0.009395413,-0.6650285
0.009432365,-0.66116875
0.007153366,-0.70446295
-0.024813497,-0.6743599
-0.011205238,-0.72816294
-0.19914983,0.49744892
-0.034827404,-0.6419556
-0.0926621,-0.63086486
-0.04721394,-0.7417776
-0.07359064,-0.59339786
-0.031172853,-0.61210674
0.10116525,-0.47037363
-0.07949851,-0.6672857
-0.00012072156,-0.6658678
0.033074986,-0.15492596
-0.016770309,0.22020893
-0.11313944,-0.5897013
0.0436551,-0.6384259
-0.30210218,-0.48683065
0.082980715,-0.6440542
-0.1855815,0.38000798
-0.029951317,-0.6542368
-0.19197153,-0.56620467
-0.033830307,-0.63502085
-0.28845158,-0.25896183
-0.088125564,-0.57783806
-0.11904426,0.44114298
-0.19127263,-0.5453919
-0.14808491,-0.52650565
-0.10100061,-0.5984237
-0.13717707,0.47838
-0.38324943,-0.39074707
-0.13033271,0.44545457
-0.19207537,-0.15912898
-0.055230424,0.27101356
-0.16773066,0.4314372
-0.17869428,0.49575534
-0.12672105,-0.6496543
-0.22953506,0.15054946
-0.030929437,-0.56679434
-0.16431525,0.4481047
-0.012134696,-0.6660612
-0.16627343,0.20200239
0.06330836,-0.7106906
-0.0009114512,-0.46913376
0.036922164,-0.6100207
-0.075435214,-0.4506218
-0.039970107,-0.5644212
-0.15189694,-0.074642986
-0.23914851,-0.10699088
-0.044433184,0.17753567
0.06676625,-0.5466759
-0.114537686,-0.6204005
-0.24516842,-0.3118559
-0.10523485,-0.67517656
0.057778496,-0.68773526
-0.18153356,0.36653745
-0.09083129,-0.51703095
-0.046320837,-0.5754206
-0.16881137,0.41830474
0.032430086,-0.71703243
-0.05245118,-0.58262676
-0.015869703,-0.68802553
-0.14643684,-0.5174237
-0.05935391,-0.7300257
0.03776972,-0.66908085
-0.08299917,-0.66400623
-0.13259102,0.44709253
-0.13747022,-0.6819512
0.037862524,-0.7438954
0.0470277,-0.71050537
-0.20452492,0.4433027
-0.16315,0.5072152
-0.06124386,-0.6074513
-0.13122982,-0.54192895
0.021852981,-0.79556686
0.010523648,-0.6754033
-0.0635906,-0.7114966
-0.08512041,-0.6777264
0.0029818334,-0.66168076
-0.23256022,0.36938268
0.015142592,-0.6625477
-0.026988823,-0.8166696
-0.10620962,-0.52118534
-0.17596887,0.4320353
-0.16416608,0.45736974
-0.082341015,0.40678495
-0.14198159,0.22569491
-0.08060825,-0.6054822
-0.043289654,-0.6440165
-0.21269454,0.39254117
-0.12859811,0.3879547
-0.008610933,-0.6644804
-0.15722467,0.08833009
-0.017796163,-0.6174946
-0.09781625,-0.61986357
-0.17366728,0.34631014
-0.13464512,0.32896253
-0.18124214,0.4569783
-0.12847145,0.43389466
-0.10350572,0.26966557
0.03355236,-0.7506069
-0.12911773,0.4914448
-0.18784283,-0.60410845
-0.10264461,-0.6098586
-0.17229585,0.39552292
-0.012422299,-0.641021
-0.032921553,-0.61188906
-0.08004687,-0.7511482
-0.043921627,-0.67901474
-0.07208032,-0.66097414
-0.057169586,-0.67591596
-0.07212458,-0.6939132
-0.061437815,-0.564236
-0.11670166,-0.5234052
-0.029120458,-0.64332175
-0.10187783,-0.59025705
-0.015802484,-0.66878796
-0.20349169,-0.45837444
-0.057012532,-0.61742777
-0.21183996,0.4644034
-0.14812441,0.3843814
-0.11378029,-0.661657
-0.00478975,-0.6853687
-0.14781082,-0.5439452
-0.07358719,0.34276572
0.012485724,-0.63625175
-0.10663719,0.37503514
-0.11884868,-0.71363217
-0.1757006,0.46462008
-0.17790964,0.20183633
-0.14557065,0.43162242
-0.35306895,-0.19191034
-0.0005879738,-0.6170125
0.060057484,-0.5162295
-0.18880622,-0.44372094
-0.17732051,0.4555263
0.12617631,-0.071432635
-0.03497566,-0.67182875
-0.018863738,-0.65883416
-0.051840868,-0.45025465
-0.13353357,0.45017153
-0.087895624,-0.6519931
-0.10673727,0.39068148
-0.15572417,0.33878264
-0.03990866,-0.5050885
-0.17826284,0.4133036
-0.17739312,0.46051142
-0.14135608,0.46198136
-0.0278126,-0.6546942
-0.11859078,0.440684
-0.14505032,0.41886294
-0.13248126,-0.6670399
-0.0030910352,-0.6426083
-0.02593709,-0.6672487
-0.031545453,-0.6385733
-0.0014435671,-0.6736463
0.023283742,-0.60625756
-0.11875035,0.42703548
-0.06929217,-0.6167464
-0.10459757,-0.13178314
0.056140166,-0.75293756
-0.03129648,-0.71617717
-0.10114039,-0.67225575
-0.15483713,0.37597328
-0.05400785,-0.68608755
-0.0013731684,-0.65617925
-0.15443328,0.25624233
-0.1343495,0.3783603
-0.08295859,-0.6104471
-0.018358128,-0.75083864
-0.019739518,-0.60566336
-0.0233042,0.34693968
0.039505072,-0.6408611
0.05485286,-0.6135365
-0.07884134,-0.644677
-0.19705036,0.11793074
-0.040263098,-0.5899781
-0.00096737867,-0.66026694
-0.020668006,-0.73410386
-0.060913473,-0.4635131
-0.09718365,-0.72618574
0.0011863129,-0.6212887
-0.05849948,-0.63915455
-0.013553071,-0.64814186
-0.09498343,-0.65045077
-0.20194502,0.43161902
-0.16675274,0.19369617
-0.31583187,-0.2159533
-0.032564666,-0.66020006
-0.09153251,-0.55321413
-0.056869574,-0.6566983
-0.12039797,0.4743987
-0.22410251,0.49723366
-0.109691896,0.42574596
-0.11570222,0.4814241
-0.11135302,0.36806166
-0.21576647,0.44754094
-0.00019946665,-0.681493
-0.10675284,-0.6521344
-0.02954479,-0.5575035
-0.101399474,-0.607604
-0.18288882,0.50976706
-0.14273354,0.42830434
-0.050371815,-0.6591854
-0.026405936,-0.6271666
-0.013496431,-0.6508966
-0.012675755,-0.7013216
-0.046843894,-0.7065077
-0.16037461,0.4951284
-0.057745893,-0.5284383
-0.1018244,-0.57146037
-0.0060246205,-0.7118149
0.027050868,-0.65647787
0.095125705,-0.6765393
-0.14116298,0.5080468
-0.027418219,-0.6258585
-0.18735194,-0.4494866
-0.22982271,-0.4411297
-0.17726906,0.3908535
0.07938852,-0.7230189
0.023928247,-0.6820608
-0.2142368,-0.50717765
-0.07755558,-0.6382631
-0.089321315,0.24573754
0.018618565,-0.6131116
-0.16421199,0.4061104
0.041248802,-0.7590506
-0.051738434,-0.75821835
0.0012992959,-0.5232332
-0.17456709,0.4027275
-0.22020428,0.4922258
-0.11357941,-0.63889235
-0.072338365,0.3610905
-0.16460635,0.35731515
-0.11950302,0.44522083
-0.20297669,0.36172935
-0.07562586,-0.737641
0.020763,-0.6431791
0.0128808515,-0.6682277
-0.09286263,-0.65639806
-0.011306212,-0.68760425
-0.14020318,-0.6806722
-0.14373112,-0.39097232
-0.03538128,0.36555696
0.005122118,-0.5577627
0.057088073,-0.37388515
-0.15651815,0.47000432
0.01021988,-0.62635374
-0.066089615,-0.6795744
-0.15546569,0.4649514
-0.08315156,-0.63534427
-0.06330036,-0.6434941
-0.13331762,0.38417736
-0.2021656,0.4638955
-0.19805086,0.441614
-0.141595,0.40957287
-0.0676873,-0.5999346
-0.11712335,0.4460752
-0.17124192,0.4329564
-0.061930526,-0.60025203
-0.017993866,-0.6210152
-0.17639832,0.38965032
0.056529883,-0.68615377
-0.33067828,-0.5358187
-0.13755333,0.4134921
-0.1508296,0.40300915
-0.08299647,-0.6594809
-0.040265463,-0.68204445
0.16779613,-0.014108461
-0.23248315,0.43873817
-0.037357274,0.38631645
0.06464407,-0.68205863
-0.17123376,0.4431736
-0.14960834,-0.5296724
-0.14501908,0.549075
-0.14367044,0.44473514
-0.066173956,-0.6548991
-0.040565155,-0.6895021
-0.013769486,-0.62393045
0.061950933,-0.6858854
-0.032454673,-0.6070569
-0.074910685,-0.6696081
-0.16188009,0.41497517
-0.0028085685,-0.4596467
-0.102112755,0.2959341
-0.15580304,0.42755318
-0.25488034,-0.2660763
-0.18618633,0.47751567
-0.02921261,-0.6480075
-0.16890737,0.4237351
0.023116216,-0.62478304
-0.07230511,-0.6924113
-0.2759845,0.27147615
-0.03553387,-0.65425795
-0.041421458,-0.29360816
-0.010879757,-0.7338623
-0.15141626,0.3414268
-0.08687535,0.25839585
-0.16841744,0.44608897
-0.09664087,0.40336382
-0.07819461,-0.62517554
-0.1900937,-0.51825583
-0.1601573,0.10724665
-0.12563066,-0.71821344
-0.08281157,-0.67080975
-0.046760187,-0.6170274
0.15135117,-0.6341482
-0.032627176,-0.6369129
0.14499192,-0.5114179
-0.20165488,0.39112106
0.0018923316,-0.68087685
-0.13858971,-0.6740741
1.7177126e-05,-0.6658545
-0.24326906,0.38066858
-0.11080387,0.45244488
-0.031095138,-0.6732253
-0.12168723,0.36230925
-0.20235172,0.36471
-0.15946127,0.42690122
0.06180368,-0.72702354
0.011856118,-0.63077646
0.10225749,-0.617656
0.047500543,-0.67129487
-0.07676893,-0.59099144
-0.052728973,-0.66060257
-0.19857863,0.06385808
-0.12635459,-0.66259724
0.011187776,-0.54755896
-0.038071536,-0.6616389
-0.14002514,0.42362168
-0.04564638,-0.63102293
0.014620208,-0.7027006
0.017981116,-0.6908855
-0.15108608,0.46298286
-0.086607456,-0.5954017
-0.1635506,-0.65642375
-0.22096573,0.48369402
0.030594533,-0.5332766
-0.08473776,-0.412968
0.043425333,-0.3983726
-0.10186989,0.44865736
-0.023296904,-0.6519688
-0.15923412,0.4431085
-0.1420666,0.4632109
-0.09993989,-0.63499326
-0.13809885,-0.032299347
0.02483148,-0.70872754
-0.01860569,-0.65729296
0.05653524,-0.67258704
-0.14993504,0.42313072
-0.12907553,0.4450494
-0.13891055,0.45350048
-0.019702025,-0.7355716
0.0020770926,-0.63585013
0.11887235,-0.5791329
-0.15877025,0.27288747
-0.026581783,-0.7190237
-0.15596059,0.44364125
-0.02258412,-0.7017067
-0.18301003,0.47098345
-0.1744156,0.40440348
-0.084824584,-0.6236996
0.023814116,-0.6171577
-0.060929228,0.08567814
-0.18165594,0.50315124
-0.048066515,-0.6757843
-0.010988679,-0.64052045
-0.1695962,0.44184393
-0.025822992,-0.6802474
-0.12274234,0.39756805
-0.118050344,-0.616373
-0.17259435,0.4455719
0.026691725,0.34421915
-0.14180379,0.40163139
-0.15885344,0.47908968
0.099770606,-0.22226381
-0.04340427,-0.5950446
-0.12387676,-0.66256064
-0.07184011,-0.73312783
-0.15003657,0.448388
-0.14978778,0.39899674
-0.24296129,-0.3645397
-0.22190142,0.41710535
-0.033917893,-0.6023515
-0.14015062,0.4428453
-0.08951888,-0.6238577
-0.15061189,0.41483474
-0.18808766,0.5214212
-0.17411157,0.18466502
-0.1411976,0.48563904
-0.10600961,-0.21439715
-0.07397198,0.51305515
-0.15620588,0.43662074
-0.0545664,0.3697779
-0.11841632,-0.65565354
-0.21040708,0.4194223
-0.026429132,-0.64641166
0.062060412,-0.66229117
-0.123752914,0.42497256
0.015625624,-0.6405601
-0.23086154,0.461952
-0.17170408,0.43288994
0.060867462,-0.65275306
0.035971113,-0.6661887
-0.06362726,-0.68525517
-0.10029943,0.28375134
-0.0033790583,-0.6653009
-0.14558066,-0.6584503
-0.12374766,-0.67285496
-0.12248502,-0.45504236
-0.16757849,-0.08468407
-0.03437011,-0.63058496
-0.024166176,-0.62977487
-0.02628101,-0.7188836
-0.12683205,0.3573505
-0.052292734,-0.45489115
-0.07496863,0.5309166
-0.07708741,-0.64209133
-0.087295264,-0.6974145
-0.11743888,0.46369988
-0.1484543,0.40919286
-0.11251626,0.33798835
-0.07202704,-0.51231295
-0.10253864,0.41278043
-0.24686745,-0.12526256
-0.08311222,0.41715056
-0.027184024,-0.70503217
-0.03543819,-0.7021802
-0.09197838,0.38746575
0.08621945,-0.77351147
-0.026270682,-0.6575496
-0.024442198,-0.66619205
-0.020840773,-0.6587158
-0.09147003,-0.5673078
-0.13182132,0.47591487
0.031932663,-0.68029803
-0.020920051,-0.69691825
-0.103928834,-0.5511117
-0.10821184,-0.5647049
0.03711228,-0.39983097
-0.14593953,0.45384383
-0.14876468,0.38317603
-0.16397952,0.38930875
-0.0637397,-0.64354306
-0.13513096,0.24331419
-0.13821669,0.4530905
-0.13494486,0.39580095
-0.18700165,0.38293034
-0.094995186,-0.66440916
-0.011770458,-0.67197263
0.072595194,-0.63555735
-0.16101106,0.44779223
-0.12204472,-0.18350835
0.020991895,-0.7508826
-0.031211944,-0.6372815
-0.16604212,0.4123699
0.06474114,-0.70810884
-0.16877161,0.44538197
-0.2575936,0.42097113
-0.05669904,-0.6658481
-0.012187313,-0.0024379767
-0.1067839,-0.5636427
-0.06463523,-0.6422396
-0.20241426,0.45566547
-0.04330171,-0.7095583
-0.10763216,0.42830402
-3.7794554e-05,-0.61248773
-0.10547687,0.45507127
-0.029000169,-0.6367884
-0.110013306,0.43396124
-0.16757053,0.35388863
-0.32444248,-0.3747198
-0.32244763,0.36025056
-0.058148943,-0.6316142
-0.16026339,0.44137403
-0.21505809,0.36930877
-0.0016012272,-0.6015338
-0.057005905,0.29164147
-0.027854938,-0.65966225
-0.11289266,0.42962804
-0.16923536,0.25959447
0.021093376,0.18874393
-0.14507456,0.39176854
-0.17648217,0.3597215
-0.11554273,0.45418546
-0.107906036,0.43376124
-0.055281006,-0.63692015
0.07231992,-0.44883665
-0.11197672,0.4590741
-0.057823874,-0.59459394
0.052492596,-0.696477
0.04902085,-0.6950758
-0.12296219,0.43928602
-0.154276,0.4509752
-0.0039340258,-0.65081406
-0.10193836,-0.6973865
0.022412632,-0.62285376
-0.058611996,-0.5932282
-0.10796926,-0.63248295
-0.1956926,0.4555777
-0.07919466,-0.69947225
-0.1179656,0.4481568
-0.11917216,0.4613669
0.051438123,-0.6767379
-0.021147298,-0.66088575
-0.09103909,-0.41126868
0.02413517,-0.6637974
0.10547045,-0.5591083
-0.1793151,0.3929153
-0.15615296,0.4439958
-0.19010618,0.4131558
-0.023826418,-0.20334098
-0.03102526,-0.6433115
0.065360695,-0.6354514
-0.13076602,0.44935173
0.035320427,-0.75485015
-0.11707368,0.458573
-0.05010215,-0.79052097
0.054637726,-0.6885343
0.018739054,-0.6356253
-0.046439957,-0.66034085
-0.15341182,0.42168516
-0.13249291,0.48750505
-0.06720078,-0.7146208
-0.2530452,-0.30388662
0.03467892,-0.46338108
0.017083043,-0.4544647
-0.050258704,-0.6910215
-0.1404415,0.4676062
-0.11325929,0.51751363
0.0757506,-0.7234634
0.017409597,0.28069934
-0.14937146,0.36900228
-0.0042877323,-0.59826636
-0.111705944,-0.077535346
-0.015147814,-0.7071972
-0.2223883,0.41803324
-0.025614155,-0.6679121
-0.16085143,0.3559451
-0.0057187877,-0.6571663
-0.18807264,-0.1688902
-0.03166815,-0.7134152
-0.21617515,-0.60712624
-0.025282118,-0.6455403
0.03269611,-0.67155
-0.1602681,-0.683496
0.0438253,-0.62995666
0.009590207,-0.7442772
-0.14557299,0.4285581
-0.027742127,-0.6453156
-0.15802778,0.4539726
-0.19763897,0.27136886
-0.08422178,-0.551082
-0.005418153,-0.69359255
-0.14633642,0.44304454
-0.16546544,-0.66893923
-0.14848149,0.43310863
-0.156013,0.5203948
-0.12882572,0.48676813
-0.22155392,0.25178033
0.018924002,-0.6500631
0.028300367,-0.78383166
-0.018350774,-0.7027438
-0.16704482,0.45721477
-0.055485394,-0.70056826
-0.13717692,-0.2758659
-0.09081611,-0.35690892
0.010089474,-0.6037792
-0.09036509,-0.66208327
-0.14890759,0.4283244
0.016617263,-0.7739306
-0.030925998,-0.76767856
-0.15638462,0.46181864
-0.14065164,0.43710226
-0.1808925,0.46985835
0.0465643,-0.6058963
-0.11418316,0.31546593
-0.2704196,0.43223938
5.5709017e-05,-0.6927107
-0.008942713,-0.7579621
-0.13028608,0.41471103
-0.069798835,-0.14260317
-0.020124856,-0.6592186
-0.11773818,0.51668125
-0.12862141,0.39690652
-0.024926653,-0.6351833
-0.12254069,0.4488441
-0.14018367,0.4825352
-0.14902258,-0.45610204
-0.031643633,-0.72673887
-0.028437525,-0.6427582
-0.16320452,0.40145415
-0.055920146,0.22494574
0.0441015,-0.73811066
-0.08673577,0.4081974
-0.007102523,-0.6395011
-0.19648336,0.45986646
0.03473093,-0.6745409
-0.11150002,0.36957473
0.040725674,-0.5573739
-0.060912196,0.28213486
-0.14715758,0.44348827
-0.01963099,-0.5854699
-0.14688355,-0.0043755923
0.004037258,-0.68969554
-0.088866144,-0.5836918
0.06604347,-0.7724622
-0.1268588,0.41564736
-0.024034446,-0.63535035
-0.18131703,0.4646843
-0.09939099,0.46364275
-0.1073171,0.44863328
-0.16676751,0.37140313
-0.1989068,0.45097277
-0.1104563,-0.71154934
-0.11832481,0.42367077
-0.07959755,0.38251862
-0.08914287,0.35525352
-0.010892874,-0.6629758
0.035551388,-0.7166802
0.034400165,-0.6014895
-0.2586619,0.4279084
-0.043151006,0.43522447
-0.12559788,0.49413523
-0.028011028,-0.64244765
0.08829791,-0.7609977
-0.10520843,0.39950544
-0.1826722,-0.41515788
-0.05434641,0.3452289
-0.14611799,0.3781805
0.07759321,-0.70203614
-0.027954696,-0.65046597
-0.028126655,-0.6463745
-0.17148736,0.46469203
0.024200032,-0.7013585
-0.11314477,0.3782469
0.0435536,-0.589227
-0.15729418,0.45493045
-0.2740124,-0.52272886
-0.121468365,0.22002904
0.089288324,-0.7119641
-0.18974873,0.121192746
0.025216348,-0.7860194
-0.018234046,0.30422053
-0.13091424,-0.10692776
-0.098478965,-0.5635956
-0.09988928,0.42519343
-0.035812803,-0.66550916
-0.07739204,0.39697847
-0.0011260074,-0.6115143
0.07863286,-0.69199145
0.0453339,-0.68102187
-0.17798603,0.4397885
-0.031767312,-0.6386242
-0.075411685,-0.36613366
-0.1737841,0.4749071
-0.06197803,-0.63114905
-0.107688285,0.44010362
0.0048291753,-0.7007781
-0.044732794,-0.6277557
-0.13085668,-0.35409462
-0.030675376,-0.6429999
-0.023962082,-0.66613096
-0.009360711,-0.70108443
-0.21190843,0.50110185
-0.11128105,0.29210633
0.04259456,-0.77504635
-0.017194131,-0.64648986
-0.16047603,0.4240119
-0.03242461,-0.6443512
-0.19392389,0.27003422
-0.0538348,-0.666339
0.01615201,-0.67134684
-0.14473478,0.40070778
-0.014312239,-0.7161519
-0.18462822,-0.14214286
-0.08514226,0.4280734
-0.13520157,0.42745915
-0.07175913,0.5421533
-0.024824547,-0.645975
-0.1489226,-0.01884521
-0.10185988,-0.7263467
-0.0033357225,-0.6616251
-0.10504231,0.48821118
-0.18745552,0.40020365
-0.009419434,-0.6918573
-0.040851027,-0.60671103
-0.36283353,0.16076759
-0.17140037,0.43908504
-0.039630797,-0.61758405
-0.13689293,-0.70513713
-0.1127908,0.3499149
-0.2111668,0.49495125
-0.10817452,-0.3820941
-0.0034621444,-0.6569386
-0.14486514,0.4349528
0.14615874,-0.121173546
-0.15706778,0.44843137
-0.044274256,-0.72380286
-0.035236906,-0.6686406
-0.017305974,0.10339617
-0.1308696,0.40237468
-0.11836115,0.40635177
0.0128713,-0.5561466
-0.06888583,-0.21756223
-0.26736394,0.098993264
-0.14580785,0.4199212
-0.14968207,-0.3198954
-0.07532064,-0.6288185
-0.15122192,0.45776278
-0.027977133,-0.64298296
-0.16382088,0.41936937
-0.17053755,0.43760523
-0.025251215,-0.6565112
0.084971316,-0.68090403
-0.3073726,-0.32536885
-0.21363045,0.25980145
-0.054244716,-0.6309268
-0.16438454,0.43801647
-0.11871583,-0.44773275
0.2368232,-0.3518595
-0.012652793,-0.6832048
-0.01927288,-0.7055062
-0.14027318,0.43786198
0.033060078,-0.6745477
-0.1624448,0.44669604
-0.08255817,0.23165165
-0.14031017,0.47596616
-0.14095634,0.43613476
-0.14480087,0.44894716
-0.15645091,0.4389089
-0.18641151,0.41532266
-0.010006078,-0.5610351
-0.12499613,0.34932402
-0.1663743,0.35728294
0.035769247,-0.7231215
-0.020749483,-0.64022994
-0.023810575,-0.7636136
-0.14371414,0.42971846
-0.12413958,0.40990806
-0.07015658,-0.030544158
-0.07362628,-0.59016335
-0.21080841,-0.47611487
-0.13183594,0.4172631
-0.10412463,-0.7236822
-0.14597034,0.43098912
0.0014214215,-0.68555355
-0.14390863,0.45537424
-0.13632734,0.42979333
-0.02918304,-0.6461174
-0.030340029,-0.6406785
-0.03056737,-0.62020946
0.079421856,-0.68872285
0.032527886,-0.4763338
-0.23941816,0.411195
-0.13839413,0.47910127
-0.19229634,-0.14994578
-0.15623352,0.46471277
-0.024742663,-0.65470916
0.028930208,-0.73515505
-0.05230589,-0.62811935
0.0029710804,-0.73758733
-0.034021273,-0.64261436
-0.1362228,0.43908888
-0.06535626,-0.4283415
-0.025304906,-0.74581426
-0.18333319,0.4625274
-0.02761933,-0.65283203
-0.0976203,-0.62480754
-0.019129984,-0.66676706
-0.10996819,0.41517666
-0.09455678,-0.67519253
-0.028416632,-0.65509355
0.070803516,-0.6947745
-0.027868485,-0.6561941
-0.0275111,-0.64485633
-0.023294035,-0.55707496
-0.027836155,-0.6427214
-0.15157029,0.36877915
-0.095577136,0.049467895
-0.029506233,-0.6503593
-0.18535393,0.43736184
-0.15107912,0.44785565
-0.1463915,0.41191134
-0.031593334,-0.59889674
-0.08561373,-0.15294653
-0.02445438,-0.5970436
-0.029670369,-0.6590233
-0.23024228,0.3876695
-0.06380974,-0.61146325
-0.16591763,0.5292262
-0.029181402,-0.6631863
-0.105812065,-0.29045805
-0.07766882,-0.6378849
0.0071282187,-0.66685754
-0.16033222,0.43729207
-0.1567596,0.44440234
-0.17960209,0.47086143
0.012105049,-0.67100596
-0.24577188,-0.47858176
-0.25159812,-0.67850035
-0.0370892,-0.5047885
-0.039781813,-0.7356115
-0.014292887,-0.6891911
-0.1374889,0.43790564
-0.18888603,0.46021292
-0.07209729,0.36562496
-0.18480164,0.45688286
-0.21450347,0.46958682
-0.034702037,-0.34881613
-0.13653521,-0.5938156
-0.13175316,0.27752316
-0.19725913,0.4228973
-0.0028134268,-0.6201781
-0.10199513,-0.6697772
0.008632141,-0.64498824
-0.16728903,-0.035621814
-0.051311344,-0.6376581
-0.105050385,0.47073755
-0.023754433,-0.6527863
0.053814247,-0.5361946
-0.10615595,0.37141296
-0.26004702,-0.1934475
-0.06690278,-0.6554111
-0.10366146,0.28187194
-0.065359846,-0.59364897
-0.17356372,0.47965834
-0.0010253025,-0.65264755
0.12504931,-0.6448737
-0.15705667,0.4232257
-0.20062473,-0.5784899
-0.03048624,-0.67061514
-0.17112634,0.4906001
-0.14764184,0.43054146
-0.027991595,-0.65374976
0.020738581,-0.70310974
-0.14493355,0.13055141
-0.01894631,-0.64386934
0.017946627,-0.6195452
-0.21543919,0.44488257
-0.18500045,0.38971877
-0.12878665,0.4851597
-0.12695554,-0.4696299
-0.040680088,-0.665034
0.052600347,-0.31915584
-0.1780154,0.42681438
-0.080405265,-0.66605216
-0.008319653,-0.6719962
-0.12981977,-0.5675175
-0.04386448,-0.6642483
0.0191196,-0.61285895
-0.09406018,-0.5603241
-0.18157624,0.43282163
-0.028840724,-0.16824059
-0.14871338,0.43668503
-0.000627486,-0.6929105
0.06899438,-0.68042946
0.003947488,-0.023458222
-0.15842523,0.42148554
0.01613084,-0.63622844
-0.058434676,-0.682528
-0.1241098,-0.61945677
-0.11191981,0.4412581
-0.034541942,-0.7070718
-0.18218821,0.48178613
-0.12439214,-0.54815835
0.0085235555,-0.7369967
-0.022993214,-0.47579962
-0.088666625,0.3415383
-0.1618033,0.41152838
-0.24862204,0.41583076
-0.25495887,-0.40783006
-0.03155908,-0.6257382
-0.11371011,-0.6597198
-0.1284568,0.5092925
0.033977237,-0.72144467
-0.13665104,0.38658568
-0.075886965,0.3280309
-0.006992845,-0.66977686
-0.13452429,0.3984924
-0.22194093,0.48250404
-0.17624006,0.4173934
-0.0815296,-0.63249046
-0.1979697,0.51680535
-0.020211741,-0.6177091
-0.12584847,-0.6609602
0.04055196,-0.67605865
-0.097313024,0.42513573
-0.1135573,0.3403335
-0.0008371436,-0.74777526
-0.10440596,-0.71149194
0.017084317,-0.70142674
-0.075354666,0.4250211
-0.0002807439,-0.68288285
-0.09900891,0.27772075
-0.0633012,-0.64875895
-0.13375962,0.3965155
-0.1259048,-0.61780816
-0.15390125,0.06851801
-0.041307226,-0.62118393
-0.15642492,-0.37672696
-0.014534256,0.3633909
-0.07219661,-0.48511988
-0.103660665,0.3379146
-0.14082985,0.3620509
-0.21136764,0.4371365
-0.014765027,-0.6452371
-0.036612496,0.3545256
-0.021718035,-0.71413
-0.03376494,-0.5698959
-0.1558714,0.398277
0.0723695,-0.656526
0.02644722,-0.63111025
-0.15349565,0.4121238
-0.053062767,-0.64043933
-0.021903528,-0.606557
-0.16174187,-0.43324557
-0.037200417,-0.75623035
-0.051914632,-0.68046886
-0.14813095,0.4072542
-0.026051026,-0.6563827
-0.23813948,-0.503876
-0.032052502,-0.63994527
-0.055370945,-0.6373977
-0.18100226,0.47528672
0.03973169,0.2991767
-0.026235402,-0.6497475
-0.17953832,0.40690273
-0.0055167587,-0.65302294
-0.13975333,0.33023223
-0.14473312,0.40933356
0.030836174,-0.5240359
-0.023148559,-0.6223919
-0.005861542,-0.67922485
-0.08746508,-0.67977464
0.022554751,-0.61608577
-0.18918943,0.33264548
-0.21702465,0.42478085
0.016618937,-0.69693387
0.12176091,-0.081537664
-0.07059761,0.42041945
-0.03952489,-0.6827457
0.10119935,-0.6704404
-0.033464514,-0.48564595
-0.114758074,0.09444743
-0.036487337,-0.39099628
-0.009413125,-0.6534431
-0.10563002,-0.66080874
-0.20143823,0.40729237
-0.14271791,0.44517982
-0.0014925668,-0.6998572
0.05436088,-0.5226305
0.009183051,-0.7129841
-0.17249012,0.4257668
-0.12444848,0.32396278
0.018337514,-0.52745306
-0.041299775,-0.6764156
0.039699044,-0.7105128
-0.19875062,0.3806869
-0.10119074,0.42016375
0.009068522,-0.72561073
-0.27459753,0.28838497
-0.058162466,-0.68021125
-0.056620266,-0.6980752
0.014223454,-0.67903614
-0.120568074,0.34100422
-0.2349198,0.40927798
-0.16603082,0.44447678
-0.14140977,0.42628825
-0.20227508,0.48909166
-0.06854132,-0.54869866
-0.037447266,-0.6813454
-0.15228978,0.4565588
-0.0650433,-0.63544977
0.046642955,-0.6537893
-0.029687177,-0.69947624
-0.032603096,-0.650731
-0.14530681,0.41733435
-0.13421887,0.4596201
-0.027866382,-0.6586593
-0.13619694,-0.07288906
-0.13431966,0.14235769
-0.075546406,-0.55561167
-0.15135626,0.44987956
-0.02228256,-0.65388906
0.026877834,-0.6757425
-0.18267423,0.40533113
-0.04469713,-0.6159255
-0.2057874,0.49686643
-0.13748246,0.46255794
-0.16314614,0.45652723
-0.1171975,-0.6867162
-0.06481154,-0.0658892
-0.12916124,0.49832174
0.010980428,-0.56175053
0.11771814,-0.75406003
-0.16969644,0.047472678
-0.23956035,0.047358226
-0.10722066,-0.6898953
-0.092023,0.1216373
0.15606032,-0.2962748
-0.14460169,0.4315212
-0.19463597,-0.29181862
-0.15633407,0.40196985
-0.16174692,0.37887213
-0.115683,0.37452397
0.0037288214,-0.72178787
0.017609524,-0.66603166
-0.13400458,0.4000738
-0.053154558,0.3473919
-0.04031442,-0.5924333
-0.01515355,-0.7545281
-0.1440286,0.43268007
-0.2233778,0.38383657
-0.16156079,0.44882146
-0.05047108,-0.6352838
-0.16151483,0.36864492
0.030058177,-0.690441
0.0069460073,-0.7016335
-0.056401648,-0.46764863
0.01072799,-0.58258927
-0.007734261,-0.69778305
-0.04443634,-0.6691585
0.05283656,-0.45516488
-0.13474292,0.36350513
-0.036575258,-0.65533376
-0.05554599,-0.6521866
-0.19274032,0.4500947
-0.046417963,-0.6792461
-0.012588906,-0.74761796
-0.12393973,0.3802867
-0.07027191,0.36259574
0.050550915,-0.6655551
-0.0024986991,-0.6546471
-0.05491297,-0.7161751
-0.032826636,0.24288413
-0.13091639,0.30480424
-0.022336934,-0.026828384
-0.06949044,0.39928645
-0.036471393,-0.6563013
-0.042751867,-0.47069868
-0.007598429,-0.66740775
-0.013838923,-0.6415426
-0.02395532,-0.66786164
0.003816171,-0.71227604
-0.16864859,0.45580375
0.028736679,-0.6690192
-0.16065265,0.44532344
-0.06152593,-0.666486
-0.15767753,0.15676326
0.016726961,-0.74189705
-0.16039684,0.45842078
-0.20510682,0.44786724
-0.20178486,0.41828984
0.001786628,-0.76384443
0.02215824,-0.5702638
-0.14769517,0.4670531
0.018635694,-0.72483385
-0.11249101,-0.6246786
-0.17037317,0.4623474
-0.025124185,-0.66700447
-0.0252776,-0.6458481
-0.024179388,-0.675543
-0.04355934,-0.40603602
0.10566913,-0.7636143
-0.011809042,-0.61161613
-0.17627354,0.43857765
0.094922066,-0.28033647
-0.16370715,0.39620042
-0.075075775,0.42464074
-0.27868134,-0.4640486
0.0339184,-0.6755846
-0.022780346,-0.59486127
-0.20526013,0.43042865
-0.04915938,-0.6685015
-0.1721511,0.41395497
-0.16290751,0.34854668
-0.17471264,-0.62352157
-0.174915,0.50321317
-0.028477376,-0.6368089
-0.13280901,-0.3588996
-0.046940025,-0.23993017
0.112505734,-0.7579422
-0.027465036,-0.6479069
-0.1646933,0.45645124
-0.13155407,0.3924228
-0.051349293,-0.67705387
-0.032869186,-0.6497412
-0.07433726,-0.66724855
0.04736889,-0.55020946
-0.071190715,0.30104336
-0.02258334,0.42236128
-0.13632035,0.4667323
-0.14525156,0.44852337
-0.049164474,-0.46573517
-0.21317415,-0.5150409
-0.16142616,0.22243813
-0.20630763,-0.18492562
0.0077340156,-0.6408677
-0.14698942,0.43266466
-0.017913222,-0.6475133
-0.1708923,0.4587751
-0.14735912,0.46909603
-0.11625999,-0.6904333
-0.16486967,0.038734037
-0.022678262,-0.6504931
-0.026503403,-0.65142953
-0.1536779,0.44795042
-0.009073151,-0.69633645
-0.017505977,0.13613932
-0.13037279,0.45589757
-0.039019734,-0.65664697
-0.054519653,-0.63777876
-0.03769726,-0.6980539
-0.1548969,0.43795654
-0.037199438,-0.76077396
-0.1628601,0.43758062
-0.019197796,-0.6603842
-0.01639632,-0.34824517
-0.16594544,0.41380176
0.10411258,-0.6910058
0.12015815,-0.72315335
-0.09876626,0.43900156
-0.14331959,-0.20114431
-0.1768936,0.39854524
-0.14034885,0.42394033
-0.16207218,-0.6644987
-0.12173247,-0.6472291
-0.057445392,0.3008102
-0.03628547,-0.6502293
-0.06635322,-0.50102484
0.054924466,-0.7096752
-0.14153263,0.48496103
-0.121638745,0.4558019
-0.12091702,0.43996465
-0.13480622,-0.3840348
-0.1178483,0.36635828
0.016893549,-0.7256327
-0.19329418,0.39487743
-0.14366658,0.42267397
-0.1614561,0.32797506
-0.1524314,-0.3205356
-0.0816798,-0.58523035
-0.11940618,0.47374597
-0.029342059,-0.6431981
-0.14507513,0.44375163
-0.026509887,-0.6527573
-0.08455597,-0.6370988
-0.15005626,0.4186963
-0.13909562,0.4656827
0.14114392,-0.73423845
-0.08147215,0.15388529
0.022558011,-0.70202893
-0.026834909,-0.64561427
-0.2644999,-0.02049055
0.070956714,-0.6050188
-0.021294564,-0.68777806
-0.06670344,-0.6430968
-0.024857227,-0.6499538
-0.19702117,0.47024235
-0.04543784,-0.6206339
0.113430195,-0.6313136
-0.032544296,-0.6506888
-0.03365783,-0.6822706
-0.026569733,-0.65274674
0.052697554,0.03478975
-0.02842867,-0.65149945
-0.037146095,-0.647225
-0.18154149,0.43646592
0.014434148,-0.72835237
0.018513873,-0.7245697
0.04706149,-0.7328127
0.032591783,-0.63370067
-0.08658944,0.41517466
0.06153699,-0.7265746
-0.13381189,0.32199246
-0.1396847,0.41455156
0.10490647,-0.62290466
-0.101254754,0.46170464
-0.15943724,0.44834733
-0.10771023,0.39969444
-0.16976777,0.4298353
-0.14616019,0.4043523
0.032944936,-0.68876016
0.05200938,-0.7618817
0.01520906,-0.7090197
-0.037747733,-0.66207683
-0.14611086,0.4491443
-0.0033220095,0.37072384
-0.04214369,-0.4411955
0.014974098,-0.6286424
-0.20466726,0.3775952
-0.1631332,0.3776208
-0.12647933,0.37180004
-0.08834559,-0.64311874
-0.011858029,-0.71834314
-0.19770272,0.3908035
-0.060910475,-0.60626245
-0.16825083,0.44295913
-0.21800724,0.43398315
-0.15924412,0.52022535
-0.10049077,0.5047112
-0.022919832,-0.6679917
0.19980705,-0.30881506
-0.1308627,0.4181114
-0.1497513,0.46341747
-0.059822127,-0.10598067
-0.118024096,0.31397352
-0.1486036,0.466969
-0.16077308,0.3927677
-0.12972392,0.44356942
-0.020059234,-0.66017103
-0.17212528,0.4627434
-0.060920253,-0.5760254
-0.1428773,-0.5097167
-0.040765725,-0.66855794
-0.1982265,0.49144003
-0.1905747,0.47308704
-0.16817783,0.4904458
-0.18240903,0.42499042
-0.012382995,0.38002223
0.008456352,-0.7027843
-0.05880335,-0.6194762
-0.02848245,-0.6501315
0.02822495,-0.71584016
-0.0009114172,-0.6781875
-0.02929734,-0.65132487
-0.15997797,0.4523287
-0.14707486,0.46140707
-0.154797,0.21183476
-0.07462861,0.4310958
-0.3268455,-0.39326835
0.027622493,-0.6554983
-0.14676724,0.41675654
-0.024335802,-0.6544563
-0.116125435,0.42368606
-0.026255718,-0.64603335
-0.15831637,0.46847838
-0.10458466,0.39074722
-0.10645445,0.4497013
-0.16131108,0.4215546
-0.01716143,-0.67951405
-0.15806663,0.45335355
-0.0074645476,-0.7772971
-0.1272109,0.41795245
-0.015533809,-0.64506996
-0.027605584,-0.6591366
-0.0342171,-0.6477567
-0.1629704,-0.68046767
0.0075951847,-0.6752582
-0.10234756,0.33448762
-0.017985085,-0.778372
-0.19278856,0.5373588
-0.114964694,0.4873028
-0.09836953,0.51986974
-0.041284148,-0.60670066
-0.11908072,0.45688197
-0.01697861,-0.64245814
-0.2000869,0.43498132
-0.10884404,-0.6059807
-0.045838542,-0.6631145
-0.14111973,0.41065088
-0.073400274,-0.6676065
-0.19261536,0.42099935
-0.002632877,-0.56909394
-0.029342981,-0.6431367
0.03000113,-0.71537197
-0.051927082,-0.62465006
-0.18575203,0.41907707
-0.027929107,-0.65188646
-0.16323571,-0.18806067
-0.14844143,0.44623134
0.013450817,-0.7518937
-0.20128378,0.009466609
0.10502734,-0.655159
-0.11339173,-0.37862897
-0.020116951,-0.6351586
-0.025404606,-0.7284307
-0.05421719,-0.7183012
-0.028689306,-0.639995
-0.110418364,0.1182802
-0.17956664,0.46506378
-0.14737658,0.46203205
-0.0077828434,-0.6776709
-0.120879054,0.47925052
-0.15747297,0.3970573
-0.023710573,-0.6525795
-0.08601757,-0.70552087
0.047692943,-0.71591735
-0.14563107,0.44627738
-0.18317021,0.39109117
0.037422724,-0.32539737
-0.032485005,-0.4792707
-0.32836688,0.14845896
-0.15179975,0.42749292
-0.10116314,-0.6300722
0.14066416,-0.4124575
0.00565485,-0.6471809
-0.0981316,0.35785934
-0.02907559,0.33513424
-0.036910318,-0.6721214
0.08352166,-0.7601638
-0.14903566,0.42108068
-0.0006087284,-0.6472761
-0.06755352,-0.7252053
-0.13080758,0.47803566
0.043678433,-0.4110721
-0.04379842,0.13666503
0.015106047,-0.73878366
-0.008358596,-0.69777954
-0.06534617,0.40998736
-0.14860027,0.46321136
-0.14523932,0.41948912
-0.14469707,0.4634639
-0.029020034,-0.64428043
-0.14586402,0.4297627
-0.05299733,-0.508335
0.053643025,-0.67769575
-0.26929194,0.3918098
-0.017995354,-0.7004801
-0.14966625,0.43077296
-0.0011845038,-0.5299366
-0.10539965,0.32356378
-0.15332821,0.455188
0.09169796,-0.63292754
-0.18552984,0.5181247
-0.05265771,0.28185645
-0.006706533,-0.65677816
-0.07766921,-0.7260948
-0.018543385,-0.5321277
0.080788925,-0.69788563
-0.106214605,0.43315047
-0.11441168,0.42246
-0.056120414,-0.7132061
-0.019315148,-0.65156806
-0.011690392,-0.66461545
-0.09720706,0.43808106
-0.05910281,0.4738508
-0.20928186,0.4027633
-0.11939635,-0.6736224
0.05069693,-0.62462384
-0.07360171,0.352967
-0.15517576,0.4292486
-0.046310052,-0.60410845
-0.15722045,-0.58400893
0.003763356,-0.6844892
0.011077473,-0.75315577
0.011471815,-0.6576199
0.03745762,-0.5835756
-0.094425805,-0.6554382
-0.028885387,-0.44611192
-0.26124907,0.23615319
-0.056970857,-0.6295808
-0.15472476,0.49215013
0.02389518,-0.62695205
-0.033895988,-0.7230649
0.01496006,-0.7086083
-0.11602701,0.41387907
-0.0952923,-0.5331481
0.047192823,-0.6827646
-0.0685765,0.46351343
-0.17259789,-0.34521082
-0.17168371,0.46896398
-0.06127094,-0.6957799
-0.119367756,-0.5633907
-0.01989504,-0.6398256
-0.04233055,-0.59874624
-0.10623255,-0.601242
-0.2514112,-0.51925164
0.009791443,-0.74281186
0.07524873,-0.6756388
-0.047240317,-0.62182593
-0.04597233,-0.63438225
0.035537366,-0.59254843
-0.2463223,0.1116306
-0.04014367,-0.6475544
0.0057670083,-0.6858176
-0.12002037,0.55351
-0.0577226,-0.6733088
-0.23569618,-0.5772632
-0.22917688,0.40152696
-0.19255883,0.33125994
-0.0332815,-0.65189075
-0.13372996,0.44669813
-0.095489666,0.4486996
-0.12684497,0.025118778
-0.18239406,0.43574053
-0.15807854,0.4353582
0.00045066327,-0.67806625
-0.10437207,0.46797794
0.034930225,-0.59578943
0.0068614297,-0.6752564
-0.03985712,0.25355262
-0.16877668,0.3017043
-0.050775558,-0.7847657
-0.08946299,0.22057593
-0.10505911,-0.6428568
-0.16623524,0.24415278
-0.03344538,-0.6483811
-0.1974231,0.53150564
0.075984076,-0.6988252
-0.13368882,0.4833467
0.0144546265,-0.6759429
-0.19644397,0.3549029
0.070848554,-0.75509745
-0.14468674,0.39653018
-0.11523514,0.4395096
-0.20609584,0.5062472
-0.10728301,0.5024547
-0.114388354,-0.6353378
-0.15209995,0.4507291
-0.15479472,0.42572555
-0.10353946,0.45359716
-0.1690821,0.48230755
0.0010104827,-0.6799682
-0.13198447,0.450742
-0.21667352,0.3966301
-0.06669798,-0.54843044
-0.11070662,0.43218642
-0.035717197,-0.40412435
-0.18886273,0.45181146
-0.036841292,-0.61029696
0.12990087,-0.57565033
-0.15477508,0.45922413
0.046065494,-0.7433644
0.03783042,-0.7989359
-0.024030296,-0.65832955
-0.013835751,-0.64211047
-0.22183582,-0.47640383
-0.041442465,-0.5954548
-0.09746605,0.38258547
-0.110602275,0.44936833
-0.14084686,-0.48768228
-0.1829945,-0.07378655
-0.06489441,-0.6678572
-0.12620082,0.4493366
-0.13582617,-0.06057347
-0.15370518,0.44230223
-0.17173682,0.42948073
-0.18206535,0.5071575
-0.14519215,0.42413306
-0.30792916,-0.4962949
-0.22913805,-0.50626767
-0.06943422,0.3936072
-0.26076633,0.088792205
-0.046491582,-0.66536134
-0.06607143,0.3048415
-0.0074806027,-0.68697137
-0.119711705,-0.6268236
-0.11242528,0.4567562
-0.13334522,0.45768458
0.038196523,-0.65116566
0.0117101,0.14016405
-0.056569993,-0.67868114
-0.017951136,-0.661877
-0.19086887,0.48446938
-0.035271633,-0.5052006
-0.16250136,-0.66953427
-0.16184746,0.4449829
-0.0131354,-0.6917639
-0.026437962,-0.65214324
-0.2557679,-0.5409009
-0.1473422,0.39667407
0.01166564,-0.7589189
0.078605525,-0.72072977
-0.1611362,0.36346775
-0.14982224,0.40425614
-0.09109625,-0.8138386
-0.020565715,-0.64233893
-0.1603976,0.42562133
-0.022816354,-0.6881799
-0.124145,-0.7147655
0.02773351,-0.7086521
-0.09267369,-0.6440904
-0.122725695,-0.62475336
-0.025596455,-0.6501685
0.018756293,-0.71475905
-0.033638094,-0.6283932
-0.09499411,-0.5992263
-0.15173392,0.41498244
-0.025292413,-0.6483073
-0.008562133,-0.29280728
-0.12913476,0.4309357
-0.0989137,-0.69008416
-0.091249675,0.47723958
0.013698031,-0.73573226
0.03673775,-0.63957757
-0.035760105,-0.7370718
-0.018028304,-0.72856903
-0.16111593,0.45389637
0.19670539,-0.21747532
-0.16320619,0.33787668
0.025533468,-0.7268828
-0.14386788,0.41665074
-0.10337482,-0.7016242
-0.039603684,0.3203948
-0.14128625,0.4355439
-0.009665173,-0.6817254
-0.046295572,-0.6574703
-0.08622665,0.41478902
-0.175947,0.36139408
0.0097582815,-0.68738765
-0.1110067,-0.7364613
-0.05370576,-0.68415374
-0.18003157,0.43047756
-0.11373906,0.4610956
-0.00945045,0.2678852
-0.31919858,-0.3525943
-0.07868645,-0.60903245
-0.15812804,0.32918128
-0.19055462,0.41328242
-0.11831924,-0.61633015
-0.051619884,-0.7119241
-0.20032713,-0.53215206
-0.15897469,-0.41984546
-0.15420698,-0.7183911
-0.1289847,0.4385502
-0.23009643,-0.3915638
-0.08803902,0.41086093
-0.03641793,-0.61775297
-0.11475676,0.23709561
-0.16401057,0.4357271
-0.22611432,0.5297671
-0.16125777,-0.65178186
-0.15140794,0.45048404
-0.10874824,-0.68981254
-0.13684021,0.42930105
-0.089344054,-0.6927494
0.02571167,-0.7010557
-0.18028927,0.48363975
-0.14659825,0.42203218
-0.039932426,-0.67352855
-0.028380863,-0.6474643
-0.040645238,-0.67360276
-0.02423518,-0.68516755
-0.056480218,-0.63808143
-0.14433098,0.37793633
-0.18669209,0.4672607
-0.16128558,0.40324774
-0.18309529,0.42191896
-0.1130767,0.41881874
0.054283287,-0.74507594
-0.075020194,0.37749404
0.04569593,-0.6325998
-0.1390353,0.44499442
0.01917247,-0.6972246
-0.14896326,0.4399986
-0.21899365,0.29906207
-0.18309152,0.2615988
-0.025863104,-0.56192434
-0.08019573,0.40641132
-0.17990203,0.39123568
-0.068464644,-0.5619805
-0.03344244,-0.6206115
0.0072030993,-0.6989449
0.08564656,-0.70105904
-0.14999877,0.36751997
-0.1298242,0.48257554
-0.037061274,-0.5777041
-0.027827175,-0.63804364
-0.022378288,-0.64886147
-0.09281626,-0.52989334
-0.17325333,0.38326448
-0.123828776,0.44705808
-0.021228008,-0.6493626
0.06739508,-0.7355125
-0.083615795,0.2901451
-0.104030386,0.39790955
-0.12932381,-0.58261615
-0.010423575,-0.6804793
0.06163731,-0.43027857
-0.19582872,0.4905782
-0.14398876,0.4558263
-0.08298198,0.36267105
-0.18197663,-0.07150184
-0.18981518,-0.02415025
0.09590997,0.012058972
-0.07848669,-0.6689767
0.07017384,-0.7084078
-0.025181958,-0.6032996
-0.14926784,0.4008006
-0.18614262,0.37219507
-0.18398345,0.40507016
-0.1980589,0.22450651
0.010596287,-0.6657022
-0.121779874,0.42458555
-0.2835061,-0.27685055
-0.1811671,0.48858112
0.009345102,-0.7762231
-0.11433603,0.3385404
-0.17171523,-0.664243
-0.017045144,-0.6616935
-0.10990378,-0.6107653
-0.017419547,-0.66862595
-0.07149884,0.4365059
-0.057996884,-0.6127304
-0.06857111,-0.65303385
-0.13951102,0.37099713
-0.2292338,0.41636825
-0.354923,0.19004516
-0.018575193,-0.42572132
-0.10403469,0.43090168
-0.021647263,-0.6580147
-0.0066700303,-0.71246064
-0.08440943,-0.69027334
-0.0019887614,-0.6752874
-0.18057029,0.48149315
-0.23083332,-0.55087405
-0.14916088,0.44039065
-0.022839202,-0.6363833
-0.2809885,-0.025363626
-0.11787281,-0.5824595
-0.027583865,-0.73779875
-0.029359976,-0.7191363
-0.24329571,-0.5263018
-0.079252414,-0.6846085
-0.041589558,-0.61338884
-0.17049424,0.45094365
-0.14630805,-0.60840994
-0.17634577,0.4100105
-0.011586768,-0.69245446
-0.08764959,0.49218997
-0.26038867,-0.49317443
-0.11834253,0.49569607
-0.0688456,-0.80153906
-0.05409706,-0.6261573
-0.000361957,-0.6057279
-0.21315067,0.4353056
-0.087343454,-0.6299185
-0.21449888,-0.64447975
-0.21147026,0.14543502
-0.13448378,0.34665555
-0.028897725,-0.7145131
-0.101848684,-0.59710956
-0.18033634,-0.64575994
-0.039758295,-0.7409291
-0.022477755,-0.6420971
0.09457302,-0.68958676
-0.20318264,0.40495044
0.054124553,-0.6485101
-0.00038890092,-0.6494399
-0.034701787,-0.6369353
-0.008085693,-0.6539853
-0.031549137,-0.65318197
-0.067409374,0.5067586
-0.16696805,0.39586568
-0.13935076,-0.71719456
-0.03558065,-0.6240513
-0.11804207,-0.18124475
-0.0332419,-0.7145755
0.021770854,-0.59337234
-0.12479009,0.41235918
-0.030113745,0.14945795
-0.16719198,0.37220588
0.05845053,-0.6839102
-0.08162646,-0.37512654
0.025280604,-0.6607566
0.012325309,-0.6716133
-0.09490645,0.20180437
-0.04234381,-0.6803865
-0.07885705,-0.66889364
-0.037568286,-0.6313316
-0.11694871,-0.5952547
-0.027868858,-0.57598275
-0.00726875,-0.5967297
-0.094695464,0.45946634
-0.06767665,-0.65520656
-0.06796491,-0.68757856
-0.1116504,-0.6398478
-0.13921317,0.41897836
0.030881058,-0.6937004
-0.034669105,-0.64313585
0.07958358,-0.56777984
-0.021523481,-0.6780152
-0.15810573,-0.3882474
0.044031844,-0.15121739
-0.19121835,0.49253714
-0.13210937,-0.59278834
-0.15128447,0.45592818
-0.20613298,-0.44033194
0.024047373,-0.7941167
-0.15477589,0.5213672
-0.10452247,0.3818477
-0.13832685,0.38304552
-0.14902145,0.4296422
-0.026195515,-0.47496206
-0.15431926,0.45725155
-0.096972845,-0.67491883
-0.14725997,0.5262887
0.1452343,-0.7270925
0.0013089388,-0.7024057
-0.029843919,-0.6763244
-0.047267273,-0.6459862
-0.18886074,0.44570354
-0.124067254,0.4034168
-0.09988312,-0.6734053
0.122600235,-0.16219163
-0.07298624,-0.6515137
-0.06641237,0.45551968
-0.24737453,0.18865065
-0.09512056,0.32484412
-0.1442348,0.43517667
-0.14720473,0.4340283
-0.06901107,-0.5189271
-0.010404052,-0.6919947
-0.14774196,0.47205365
0.049383704,-0.67590904
0.016595148,-0.5680253
-0.23977667,-0.017014055
-0.13627948,-0.1718527
-0.0052977,-0.15613973
-0.30894035,-0.08678155
-0.048562363,-0.7058971
-0.14132291,0.42375985
-0.05852692,-0.662413
-0.071267694,-0.60542834
-0.06928294,-0.6583207
-0.19718114,0.48797727
-0.27996725,0.34894577
-0.29773784,-0.23219408
-0.012707758,-0.68750495
-0.17380689,0.42855158
-0.14950769,-0.5884131
-0.14009051,0.28648603
-0.13158011,-0.5836782
-0.04774249,-0.60747147
-0.051608898,-0.061837573
0.008999705,-0.64164203
-0.19062689,0.49060392
0.024846142,-0.7389955
-0.15228191,-0.48782486
-0.14553134,0.424279
0.014124887,-0.64693797
-0.071576305,-0.6306181
-0.08953701,-0.61939967
0.04113491,-0.68558216
-0.028763345,-0.65663105
-0.15219024,0.4356091
-0.035238016,-0.6661483
-0.021131234,-0.2818542
0.03756089,-0.7652032
-0.115766525,0.40020832
0.15450741,0.17677896
-0.024728136,-0.6910551
-0.17502765,0.38453946
-0.15700968,0.44253805
-0.11463668,0.32834882
-0.15038289,0.45207408
-0.0023317644,-0.59717655
-0.15563141,0.42523012
-0.1870025,-0.3329613
0.047852404,-0.71157897
0.042819925,-0.7053367
-0.09365815,-0.5700816
-0.031475518,-0.59563905
-0.07895855,-0.63828593
-0.051788192,-0.6514627
-0.0007866002,-0.6654612
-0.12078381,-0.63070065
-0.096849024,-0.5223979
-0.21890394,0.22894996
-0.032403372,-0.6394601
-0.08824664,0.4737368
-0.043177478,-0.6939281
-0.09679118,-0.7315337
-0.13654163,-0.59395164
-0.0725913,-0.7863787
-0.096284114,-0.6476743
0.0263247,-0.7348104
-0.18042485,0.4974505
-0.19043511,0.50312006
-0.041715205,-0.5296373
-0.15863355,0.48043263
-0.20519517,0.49131858
-0.06450893,-0.6450279
-0.16712913,0.3339204
-0.09265942,0.36951196
-0.05556404,-0.6148994
0.038880818,-0.737358
-0.157534,0.43718126
0.034895007,-0.58155715
-0.026979413,-0.6521113
-0.16762449,0.3131948
0.013944643,-0.6740459
-0.14250346,0.37400913
-0.1298095,0.44013643
-0.13756825,-0.65043265
-0.06862611,-0.64450645
-0.06083808,-0.40235704
-0.043508694,-0.6957569
0.013495108,-0.6428731
-0.23396976,0.21052617
-0.10709106,-0.6326961
-0.036446154,-0.6669252
0.028294588,-0.17132935
-0.18881896,0.34936884
0.022003813,-0.7045039
-0.10838168,0.45745024
0.05410109,-0.74367785
-0.19071698,0.46449432
0.056514565,-0.65085953
-0.010169571,-0.5471056
-0.015434555,-0.7040526
-0.18196896,0.44019097
0.057518277,-0.6520339
-0.12851088,0.33226022
-0.07502011,-0.76504225
-0.11091663,-0.4453232
-0.09280621,-0.26723304
-0.1877169,0.44342124
-0.15684244,-0.70291364
-0.048643973,-0.65325755
0.035293013,-0.7100788
-0.15709125,0.35953727
-0.29218698,0.26092008
-0.0031097268,-0.67650694
-0.14820838,0.43153375
0.015831405,-0.602954
-0.105138324,-0.17338277
-0.118674986,0.367534
-0.0054813283,-0.7781223
0.034233134,-0.7099467
-0.0704123,-0.737787
-0.023111347,-0.6491626
-0.14171037,-0.5872034
-0.24643546,0.31501412
-0.00551479,-0.7168817
0.011907107,-0.64998776
-0.14736158,-0.3208293
-0.044056103,-0.6781097
0.057771243,-0.6527859
-0.054564465,-0.6865468
0.006254314,-0.6479732
-0.24247575,-0.6135276
-0.06933925,-0.027987564
-0.10797314,0.39645246
0.04133179,-0.6753479
-0.06334011,0.11500954
-0.035695486,-0.67319906
-0.0059824237,-0.58889735
-0.11248035,0.30817747
0.052000515,-0.73776287
-0.13325708,0.28388682
0.0781363,-0.7277143
-0.13392697,-0.38042122
-0.16672827,0.38205403
-0.06606299,-0.6044266
0.017783772,-0.67686695
-0.022017606,-0.6231767
-0.04370771,-0.6108796
0.08864454,-0.1176005
-0.008027639,-0.6406672
-0.21352395,-0.58934504
-0.017177928,-0.692594
-0.15850349,0.30045512
-0.14062579,0.45849052
-0.0673225,-0.63588977
-0.19845538,0.4899565
-0.073245026,-0.6798111
-0.18558773,0.05352706
-0.0040921746,-0.59054416
0.10787865,-0.74002063
-0.025272554,-0.37413442
-0.023620239,-0.6577513
-0.10035101,-0.6089805
-0.2080603,0.4483299
-0.14518474,-0.20731974
-0.0346656,-0.6970117
-0.06309743,-0.6391158
-0.03089867,-0.34133965
0.048402037,-0.64819074
-0.11639932,0.45891947
-0.18027237,0.42975348
-0.0127466265,-0.30928534
-0.09850317,0.44701105
0.014121536,-0.6739479
-0.04899282,-0.65944004
0.054561686,-0.68537116
-0.14625685,0.43384355
0.015651299,-0.6878925
-0.15792625,0.4986089
-0.09660062,0.38774738
-0.20007946,0.39069492
-0.1501826,-0.56999314
-0.09759033,-0.07579212
-0.19930352,0.46053952
-0.028758327,-0.6372756
-0.20829746,0.490984
-0.07017123,-0.6322124
-0.07187423,-0.16153596
0.02907049,-0.7217505
-0.18278018,-0.5725634
-0.079760425,-0.6530442
-0.023612631,-0.44341195
-0.12566607,-0.6431564
0.040915668,-0.7421341
-0.0171645,-0.65324616
-0.16873187,-0.51381975
-0.093858056,0.4129327
-0.29010743,-0.5120792
-0.023629764,-0.5659672
-0.06151435,-0.5998276
0.04853094,-0.7522435
0.075784795,-0.05341274
-0.15772563,-0.61534154
-0.032349195,-0.4869692
0.019158911,-0.61512333
-0.024226747,-0.61911863
-0.12269825,0.40206665
-0.035443455,-0.45382136
-0.054650526,-0.6687222
-0.019762747,-0.6363098
-0.11292182,0.4052417
-0.16169602,0.45671618
-0.014463582,-0.6702539
-0.1721319,-0.5778141
-0.01292764,-0.6699246
-0.041310966,-0.64881223
-0.15863042,0.41570315
-0.029008938,-0.5905274
-0.008961423,-0.6290194
-0.09047789,-0.5589835
0.017853571,-0.76322836
-0.04673581,-0.7181473
-0.11254751,-0.48382604
-0.17146684,0.39155814
-0.15950343,0.44181716
-0.065609686,-0.21481927
-0.05175568,-0.63473564
-0.12985297,0.24632537
-0.041021798,-0.63001287
-0.064175904,-0.58320606
-0.21084332,-0.094163045
0.0044494965,-0.7299295
-0.14908615,0.40018025
-0.18661849,0.46868828
0.08900044,-0.68997806
-0.033008233,-0.13920173
-0.30121383,-0.39891428
-0.091558814,-0.34818426
-0.19766359,0.4303944
-0.030230336,-0.6551437
-0.034818847,-0.6494331
-0.05553319,-0.74913937
-0.03134236,-0.70235217
-0.40769315,-0.4616696
-0.09762287,-0.7213142
-0.17659768,-0.2581942
-0.014471286,-0.6427576
0.05524332,-0.5879124
-0.010039524,-0.70362455
-0.014005316,-0.7237318
0.016925745,-0.572244
-0.1137905,0.38136318
-0.08262932,-0.67456365
-0.10531519,-0.45207223
0.010799786,-0.35253868
-0.039997566,-0.65398175
-0.09138469,0.34215063
-0.14804111,0.5464114
-0.040405773,-0.5181111
0.0648534,-0.59422696
-0.082294926,0.3864104
-0.15035594,0.046191942
-0.08010015,-0.62101537
0.037933316,-0.46555567
-0.19715804,0.41250372
0.0418629,-0.7014782
-0.09587598,0.4245068
-0.16668077,0.49656817
-0.14507264,0.4686574
-0.005532647,-0.6815057
-0.0015157048,-0.6587239
0.017364146,-0.66135687
-0.15282483,0.42802796
-0.11039982,0.45510408
-0.08821539,0.112026066
-0.21255645,-0.5407645
-0.11370815,0.44715244
-0.16844837,-0.31053963
-0.20904134,-0.53510666
-0.0503932,0.08046042
0.007467842,-0.5221034
-0.2322249,0.33333254
-0.14112487,0.31957272
-0.09339608,-0.34354654
0.111631185,-0.70420784
-0.022618793,-0.6754309
-0.11584521,-0.6045308
-0.02494806,-0.69945186
0.049658366,-0.66174793
-0.11898673,-0.54478556
-0.13008565,-0.610106
-0.17579164,0.40081513
-0.027563326,-0.6472817
-0.10684866,-0.7528975
-0.16913691,-0.43530446
-0.18774971,0.45685768
-0.065925494,0.4596033
-0.045646124,-0.6889115
-0.032096334,-0.6953299
-0.07312156,-0.71936065
-0.2303886,0.36570603
-0.22577916,-0.560184
0.019078488,-0.78222054
0.018471893,-0.71054846
-0.10708548,-0.63851595
-0.14089918,0.43723416
-0.10758508,-0.13135906
-0.013641794,-0.64193225
-0.08557469,-0.628254
-0.022906,-0.5438274
0.03127351,-0.7015149
-0.033785302,-0.6600063
-0.055773333,0.2589805
-0.053995647,-0.5072132
-0.24894847,-0.45057705
-0.08419446,0.37869626
0.17199068,-0.1439185
0.0035831982,-0.015761776
-0.041466806,-0.6321172
-0.22379775,-0.15859587
-0.04841149,0.16286577
0.049310137,-0.6590516
-0.018260432,-0.6986165
-0.3207514,-0.485479
-0.14914262,0.4438142
-0.0649881,-0.6338997
-0.1677519,0.204207
-0.10428331,-0.6106556
-0.016923241,-0.47422582
-0.11974825,0.40482864
-0.025377667,-0.6209893
-0.10498742,-0.41041753
0.12749928,-0.7558807
-0.1700585,0.43626708
-0.15400937,-0.57009107
-0.010178056,-0.6770983
-0.0155372685,-0.6117657
-0.18270805,0.41331664
0.04670785,-0.7326429
-0.15927018,0.14687422
-0.17264639,0.42997363
-0.045963425,-0.55570716
0.020641124,-0.69273174
-0.04494841,-0.6960751
-0.1711582,-0.008793845
-0.2701223,-0.49638286
-0.08748789,-0.6054774
0.03573206,-0.63806874
-0.013586299,-0.59329355
-0.1920675,-0.01517755
0.020768883,-0.69334275
-0.13318396,0.42906728
0.05688859,-0.65679157
-0.041883446,0.2580128
-0.27488282,-0.5619778
-0.10157785,-0.6216828
0.01193909,-0.69951755
-0.085726224,-0.6425924
-0.16845371,0.42049927
-0.19525136,0.48395577
-0.05672372,-0.658938
-0.12511663,-0.6549532
0.049911734,-0.69405895
0.002531639,-0.5030698
-0.09929432,-0.69869816
-0.11876763,-0.61380047
-0.23815568,0.44286177
-0.10449384,0.090406224
0.0106358,-0.6995636
-0.011414848,-0.7079441
0.011529993,-0.6524449
0.050820313,-0.18941095
-0.050453357,-0.73860264
0.11820747,-0.35569662
-0.023345303,-0.58289546
-0.12743877,-0.31461337
0.012085364,-0.7255082
-0.18817733,0.43137318
-0.093229264,-0.68355656
-0.15393522,0.48313415
-0.030927151,-0.65528184
-0.008710566,-0.63142467
-0.03163426,-0.60430306
-0.1742855,0.24608521
-0.18020304,-0.45910558
0.0032494545,-0.65902567
-0.24208228,0.047179166
-0.0573735,-0.61056757
0.24338467,-0.22870292
-0.11155517,-0.6084742
-0.14464514,0.43771902
0.021046719,-0.250349
-0.03767095,-0.70758563
-0.123150416,-0.58914334
0.0050729313,-0.7325078
-0.016110947,-0.63647693
-0.016667333,-0.62763685
-0.14326467,0.3167189
-0.109072186,0.5172644
0.002097788,-0.6732156
-0.037255436,-0.6349097
-0.0548882,-0.25947884
-0.16315357,-0.5986952
-0.16930667,-0.50105864
-0.11456975,-0.57754076
-0.089548774,0.3862563
-0.0299275,-0.62790424
-0.026482565,-0.66236335
-0.029534765,-0.67085254
-0.10721902,-0.5129589
-0.20541295,-0.64713097
0.02875563,-0.6527192
-0.18499504,-0.6870154
-0.046631776,-0.63929105
-0.08059944,-0.55296034
0.0059260977,-0.71252745
-0.040314045,-0.6689719
-0.16781749,0.28600082
-0.13034275,0.47587216
-0.05290279,-0.6115662
-0.20219366,0.098748334
0.1112001,-0.40852052
-0.21630208,-0.61480045
-0.4122743,-0.021703532
-0.05721545,-0.6471266
-0.1059712,0.42983556
-0.18854325,-0.46044636
-0.033528626,-0.15907608
-0.061970636,-0.6258905
-0.12570487,0.4381846
0.0529547,-0.718437
0.034094334,-0.66624665
-0.006745681,-0.6990898
0.05230759,-0.7464419
-0.29863814,0.032712266
-0.041509673,-0.62951785
-0.26574478,-0.54012394
0.05934982,-0.7367154
-0.0004078381,-0.6768894
-0.13786517,0.45166773
0.02311663,-0.7056913
-0.29898965,-0.5100566
-0.12400505,-0.5998952
-0.124167144,0.44626436
