0.06502763,-0.008739053
-0.1741474,0.90673864
0.79986095,-0.3616527
-0.12015901,0.91577756
0.79770017,-0.35357767
-0.16914344,0.8374565
0.71383643,-0.4274225
0.5723104,-0.3875593
0.31777298,-0.30166093
0.8045557,-0.360306
0.79237473,-0.3723814
-0.1476488,0.51702046
-0.18041089,0.8946309
-0.2701651,0.8319461
0.793893,-0.36462405
0.111938685,-0.0024686486
0.7730526,-0.4073777
0.79317135,-0.3767325
0.8063627,-0.34539843
-0.043717768,0.19821967
0.63048935,-0.46863848
-0.24632615,0.6968957
-0.0069888365,-0.05981089
-0.2696912,0.6229828
-0.1786337,0.90433913
-0.11997868,0.9127608
0.77896124,-0.38712698
-0.21730673,0.5129453
-0.16544642,0.830965
0.79495645,-0.3701187
0.7690776,-0.39963162
0.7393032,-0.41935238
0.6919319,-0.45318657
0.74751806,-0.39624262
-0.30636233,0.8166601
0.8185338,-0.32753822
0.802976,-0.3483368
0.6498197,-0.43131492
-0.113173835,0.9085165
0.7366091,-0.42973498
0.78263485,-0.3755163
-0.23807092,0.87884665
-0.33743933,0.7051365
-0.059428886,0.41133854
0.814206,-0.33486584
-0.25467515,0.87880105
0.7473517,-0.41115892
0.76966333,-0.39451742
-0.18599316,0.3725571
0.7939512,-0.3598134
-0.34450942,0.72095233
-0.124487564,0.91367
0.42465556,-0.4340644
-0.1292972,0.67145795
0.7636379,-0.41252607
0.7640425,-0.4080943
0.77214146,-0.3852406
-0.17562,0.90683174
0.8030427,-0.35613325
-0.24495201,0.87930834
0.7956879,-0.3597271
-0.24961396,0.88234425
-0.2604007,0.87393486
-0.19380061,0.8998002
0.18048589,-0.11292421
0.20204403,-0.3149433
0.14824565,-0.041692562
-0.31186524,0.7725318
-0.25662932,0.6212955
0.07841072,-0.17988561
0.58517283,-0.45657486
0.59748113,-0.48796302
-0.116554014,0.9092081
0.7749806,-0.37575728
-0.11186306,0.9149614
-0.11349582,0.90847987
0.7954677,-0.35892212
0.749957,-0.42183006
0.7672822,-0.3995099
-0.24958058,0.8821035
-0.30495885,0.82847434
-0.37512738,0.7143964
-0.1110405,0.9125974
0.75595766,-0.40801278
0.08099233,0.049314838
0.13757244,-0.19528057
0.75717854,-0.41756696
0.6054371,-0.47711992
0.8103419,-0.34862036
0.09624716,-0.097277075
-0.3472895,0.59573275
0.7886545,-0.37265092
0.027239831,0.20902786
0.18135215,-0.32555315
0.25233588,-0.2643561
-0.17731833,0.900744
-0.15892494,0.90835017
-0.31263602,0.8135555
0.74864626,-0.41605055
0.7945612,-0.36525792
-0.20493181,0.90193963
0.8168148,-0.32808936
-0.17680043,0.9018712
-0.1935637,0.8986465
0.76640934,-0.39937177
0.48548946,-0.46111113
0.80837166,-0.35032207
0.521703,-0.45461762
0.78621227,-0.3789542
-0.23841497,0.883344
-0.37422615,0.6877395
0.81140643,-0.34513888
0.01717587,0.020841885
0.77084523,-0.3882795
-0.26990727,0.46939617
0.08636628,-0.010863703
0.7906046,-0.37108117
-0.10599499,0.9100603
-0.22984281,0.79301775
-0.29434875,0.6211471
0.6813187,-0.40710843
0.3990915,-0.42232358
0.7863649,-0.3738854
0.7744634,-0.38725784
0.78293866,-0.38688612
0.78578967,-0.37501416
0.7202921,-0.42952824
-0.24492346,0.88680476
0.7211754,-0.411324
-0.19393446,0.90122503
0.620937,-0.46129492
0.8033112,-0.35250762
-0.12836371,0.91261774
0.80173063,-0.35363764
-0.24033377,0.7834498
-0.13250281,0.91204756
0.807179,-0.3459752
0.8074469,-0.3579033
0.7724188,-0.39892623
-0.19927521,0.8943468
0.72860366,-0.4326438
-0.10831592,0.9116312
-0.23903356,0.8796056
-0.23713885,0.8579027
-0.23294264,0.88766855
0.79215044,-0.3628107
-0.1872394,0.9019866
0.16444185,-0.11042801
-0.21043457,0.8315233
-0.28693455,0.81776184
0.49750555,-0.46474242
-0.23786497,0.7928439
-0.15444507,0.8838398
-0.1915444,0.898112
-0.0996845,0.91113603
-0.357647,0.5740877
0.009189706,0.12846702
0.47656736,-0.514099
-0.14443627,0.9096681
0.7323752,-0.4216706
-0.1175746,0.9054145
-0.16287042,0.9046342
-0.34549463,0.76235354
-0.10738427,0.91241693
0.008907486,-0.053738095
0.115052745,-0.012259321
-0.23655373,0.88805
0.043932408,-0.010751935
0.74356204,-0.40918764
-0.24980181,0.88124615
-0.24390383,0.8559013
0.73024184,-0.42261428
0.60507184,-0.4692189
-0.14981812,0.9020127
-0.16375118,0.8986176
-0.17967053,0.324416
0.058170225,-0.0010412188
0.5720076,-0.49654013
-0.19622812,0.90137696
0.7856198,-0.38365015
0.5124048,-0.48718253
-0.15531112,0.9057417
0.74328977,-0.42912105
-0.15344779,0.91032183
-0.13074139,0.9129699
0.01467912,0.10422741
0.790477,-0.36483812
-0.15063764,0.9055614
-0.007953102,0.22816531
-0.24859779,0.8392821
0.80730003,-0.34615555
0.30776402,-0.3164973
-0.117300734,0.90351397
-0.11719291,0.8859143
-0.19911183,0.8997118
0.70649177,-0.43238503
0.7922003,-0.3737355
-0.28987348,0.8269822
0.075659454,0.09311813
0.07823276,0.20449252
0.145069,0.038981155
0.41979307,-0.4728187
0.7937686,-0.36000437
0.79567444,-0.37346148
0.8101585,-0.3479263
-0.16274011,0.90712756
0.3455899,-0.20383354
0.77468145,-0.39071494
0.7509978,-0.4031013
0.1227221,-0.074806035
0.78760815,-0.36806557
0.78598183,-0.3708718
-0.15419331,0.90447974
0.7713344,-0.38911906
-0.14300305,0.91442883
-0.18981618,0.8944165
0.02732909,-0.11786035
-0.12427365,0.909211
0.7551363,-0.41319093
0.7873579,-0.37505394
-0.1546375,0.7209952
-0.13223587,0.91347677
0.8022446,-0.36073986
-0.16336513,0.9107665
-0.25929412,0.8749164
0.7555436,-0.36933854
-0.12245698,0.90828884
-0.122391775,0.9105276
-0.23111486,0.8876247
-0.38636252,0.5291075
0.77807033,-0.39616758
0.7270973,-0.4285618
-0.21391949,0.8830586
0.7911732,-0.37377045
0.42019457,-0.3799058
-0.09857242,0.9135553
-0.21266259,0.8916793
0.8000914,-0.36188683
-0.14816934,0.39419702
-0.1453405,0.9083303
0.66512305,-0.4567925
0.78343016,-0.3755053
0.15176393,-0.29946685
-0.249414,0.8833179
0.78819406,-0.3575058
-0.109824166,0.90767974
-0.23161368,0.8880887
-0.15657553,0.90469563
-0.011009502,0.010288687
-0.26245257,0.8529984
-0.1301122,0.89503914
-0.21364936,0.89435804
0.77968705,-0.3749598
0.7871902,-0.3724293
0.7660542,-0.3982993
-0.18941541,0.9047508
0.80624956,-0.34472686
-0.24080169,0.77029747
0.7824751,-0.37331566
0.74317294,-0.42373046
-0.23170905,0.83259875
-0.028164549,0.07368544
0.76564056,-0.4061368
-0.2847022,0.45102793
0.7233011,-0.42092434
-0.25999722,0.87323976
0.7997413,-0.3598382
-0.37746212,0.5577056
-0.121545866,0.91238517
0.7785251,-0.38936925
-0.27771482,0.3923153
0.68263036,-0.44181278
0.70926976,-0.43384683
0.7866663,-0.36941764
-0.3271855,0.75182736
-0.26955608,0.85929954
0.8055197,-0.3403014
-0.2088102,0.88754237
-0.12027504,0.9117525
0.06594423,-0.10027582
-0.21011665,0.8940354
-0.26034072,0.86866933
0.79071933,-0.37941182
-0.25937885,0.8756998
-0.28830808,0.82763785
-0.21716693,0.86620915
0.66784984,-0.44748336
-0.2311099,0.4628768
-0.2418436,0.8895357
0.7226791,-0.43225613
-0.19525728,0.8985945
-0.28648245,0.8389117
0.72510487,-0.43146434
0.7512484,-0.39671308
0.6661759,-0.4458997
0.7739017,-0.40075046
0.783551,-0.38175446
0.686342,-0.41939393
0.8170644,-0.34003353
-0.112267986,0.91549134
-0.16983664,0.90554637
0.7974587,-0.3702714
0.7217565,-0.43136135
-0.11586875,0.90829253
0.6886809,-0.44374502
0.72659814,-0.41386685
0.7051567,-0.42343718
0.7959509,-0.36371905
0.083193585,0.030082304
0.7532788,-0.40537533
-0.19465314,0.89799774
-0.09956738,0.22603197
0.77819103,-0.39650714
-0.23728746,0.8878537
0.020485992,-0.048329797
0.05321166,0.21996067
0.8067179,-0.35193312
0.7693554,-0.390506
0.79343444,-0.36983904
0.088190936,0.008526498
0.71150684,-0.44266948
-0.019458542,0.7729495
0.74733853,-0.4114708
0.73575413,-0.40413216
-0.1487827,0.9101469
-0.35744286,0.7528134
0.79028076,-0.37272188
0.27505192,-0.2748045
-0.26957932,0.8556385
0.79649884,-0.3580944
0.7054196,-0.4283424
-0.08768726,0.36968732
0.030695641,0.017265508
-0.10050233,0.47502673
-0.2299543,0.8844142
0.7682058,-0.40948883
0.6849294,-0.45763063
0.78634655,-0.3796263
-0.2412333,0.8877409
-0.21392879,0.8919283
-0.1527665,0.9127447
0.7853521,-0.38100526
-0.27477455,0.8621363
-0.11750551,0.91167545
0.7416135,-0.4123504
-0.25573334,0.881572
-0.112329684,0.90884244
-0.16972278,0.89803237
-0.1078131,0.9073944
-0.22583601,0.89284074
-0.073474504,0.047952775
-0.3600792,0.5546796
-0.14735712,0.90929925
0.63687325,-0.46659333
0.15002945,-0.20037612
0.7840208,-0.38872916
-0.13649544,0.86637056
-0.2455772,0.88842076
0.7676251,-0.40861797
0.7229266,-0.4420576
-0.21323618,0.89055055
-0.23332565,0.89266944
-0.3322441,0.6588162
0.7527745,-0.3996468
-0.39574206,0.6283429
-0.17990041,0.9046711
-0.069472246,0.23305157
0.047349613,0.105842814
-0.31501082,0.5175726
0.41241622,-0.4753668
0.7845753,-0.38221827
-0.18505149,0.9045334
-0.27198166,0.5583044
-0.12813087,0.91263396
-0.20459321,0.8932735
-0.025124274,-0.016465578
0.2044976,-0.31033674
0.08137682,-0.08876056
0.58892983,-0.48534077
-0.16974032,0.9073768
-0.21112266,0.8935782
-0.26829642,0.41737318
0.09261767,-0.07305134
0.7992022,-0.36192676
0.019436024,-0.0056348513
-0.2644456,0.86096483
0.8056882,-0.3517893
-0.24707252,0.87657005
-0.25889286,0.88459355
-0.18121299,0.43213624
-0.27319205,0.4232217
0.7068091,-0.41961858
-0.2800808,0.847685
0.79856485,-0.36880144
-0.28210348,0.82824045
0.7956064,-0.3659394
0.12868482,-0.05970984
0.20441084,-0.24371266
-0.26532245,0.87032634
0.66636693,-0.43995976
-0.2454731,0.87982434
-0.21179084,0.84929997
-0.11062474,0.9095399
-0.35167238,0.48426488
0.0054481993,0.007333101
-0.18223158,0.47907382
0.7790921,-0.38307357
-0.23991735,0.79947096
-0.24920388,0.88147825
-0.25991902,0.27236167
-0.2135164,0.8933718
0.7553067,-0.4108556
-0.23967284,0.870114
0.581133,-0.4928759
-0.2558441,0.87845355
-0.18605931,0.6103617
-0.11327714,0.9133849
-0.19296765,0.87040895
-0.21172084,0.48610637
-0.2440371,0.88141
0.81267583,-0.3353228
0.74163616,-0.42595962
-0.29142892,0.81393325
0.021149464,-0.0068819406
0.719871,-0.45164752
0.44771728,-0.5169471
-0.2565102,0.8656512
-0.19395764,0.8857085
-0.2237214,0.89319485
0.1267248,0.06393166
-0.027474077,0.22491015
0.5836004,-0.48157212
-0.16948006,0.8854258
0.76073873,-0.39680672
-0.15508321,0.897629
-0.25162804,0.87678784
-0.17381904,0.9067299
0.055473436,-0.06280417
0.026020968,0.04378393
-0.12928213,0.904257
0.56093717,-0.49226135
0.49491945,-0.49816728
0.17919765,-0.36322325
0.7169772,-0.46252233
-0.10583761,0.9108107
0.8064524,-0.35507843
-0.28147757,0.83350164
-0.3229801,0.79372305
0.062878564,-0.016459795
0.80076146,-0.35378963
0.010007789,0.11434522
-0.09828361,0.9130429
-0.3913234,0.67392576
-0.20174898,0.89736354
-0.23865941,0.8782364
0.79299927,-0.36795402
0.75366324,-0.40593573
-0.10641725,0.90639967
-0.11799338,0.909139
-0.21616386,0.89924747
0.77961385,-0.38497415
-0.10289436,0.9149028
-0.09003229,0.15240584
-0.1343486,0.8973888
-0.34371108,0.79870534
-0.12066094,0.9116884
0.22277741,-0.15363602
0.70853627,-0.43783295
-0.15788436,0.9120762
0.031846084,0.021376008
-0.22343238,0.8919591
-0.11734303,0.9091483
-0.25332707,0.8755866
0.10545542,-0.03563312
0.17756754,-0.114309765
-0.08947129,0.32820937
-0.11463285,0.9114564
0.79430556,-0.3793356
-0.29098186,0.79559386
-0.056628708,0.15296625
-0.12901753,0.91224295
-0.17491314,0.9058915
-0.11938259,0.91140664
-0.12319702,0.9135479
0.46519724,-0.45625243
-0.10712416,0.91071635
0.55331653,-0.4737862
-0.17675644,0.90751773
-0.20341799,0.88499373
-0.0984365,0.9150028
0.7994686,-0.3617919
0.7989543,-0.35982567
0.74386597,-0.4281354
-0.24801795,0.85534185
-0.27723682,0.85777116
0.44865844,-0.5002366
0.5721566,-0.49338767
0.0,0.0
-0.17623633,0.90474087
0.05809837,0.009098984
-0.17132074,0.9077732
-0.27257755,0.8611633
-0.09988445,0.91118497
0.8009465,-0.35753286
0.7309498,-0.43393677
-0.018830761,0.11696215
0.02881144,0.041231
0.801059,-0.35354915
0.68155986,-0.45830134
-0.25042713,0.8888935
-0.22209074,0.89222026
-0.34162045,0.70206964
0.0700129,0.04531663
0.04205828,0.0023108227
-0.26026732,0.861952
0.049796376,0.046213303
0.73552984,-0.4244818
-0.09338819,0.9086402
-0.2074263,0.9021102
-0.20031147,0.89726996
0.78716606,-0.3760847
-0.2193133,0.88352007
0.62824655,-0.48175964
0.07848515,-0.06198829
-0.34572434,0.79253757
-0.3643675,0.5233857
-0.16115506,0.48860934
0.7463624,-0.42493454
-0.15681833,0.89843667
0.061434627,0.030283565
-0.06749807,0.13377644
-0.12777965,0.90530026
-0.2100897,0.41434303
-0.03832107,0.12424872
-0.1305461,0.9106141
-0.2285853,0.8925309
0.7753149,-0.4014905
-0.11487584,0.9137876
0.77384144,-0.3857606
0.1457488,-0.09421098
0.14112455,-0.11126161
-0.3814494,0.72904885
0.71888155,-0.40622118
-0.21197239,0.89567447
-0.31247345,0.5494113
0.7606074,-0.40433145
0.71825254,-0.43993622
0.8098932,-0.34508836
-0.11220717,0.90991616
-0.2168921,0.8986279
-0.10217294,0.9120071
0.15132573,-0.19522603
-0.18564676,0.90072787
0.32601273,-0.4072615
-0.2493088,0.8825723
-0.1811599,0.8983344
-0.33437765,0.69217086
-0.15949158,0.8905622
-0.21544212,0.76829207
-0.13612731,0.9033011
-0.23446018,0.8735476
-0.29584634,0.5719627
-0.24294543,0.8814283
0.7877269,-0.37407285
0.7091435,-0.44683793
0.6122083,-0.47471052
0.0036999607,0.07223195
-0.18312275,0.9069019
-0.36367533,0.60741925
0.21549828,-0.23498362
-0.18460253,0.74433404
-0.0571627,0.10644025
-0.18864162,0.8973142
-0.29770648,0.83837956
0.78000516,-0.39300472
-0.12379928,0.91348326
-0.15413584,0.9068707
-0.11119925,0.26105177
-0.24288213,0.6573095
-0.21628918,0.89198965
-0.24428836,0.88417995
0.76871055,-0.40179777
0.36147082,-0.46271047
-0.30035353,0.7878145
-0.3083913,0.5332706
-0.11781174,0.9027617
-0.10893768,0.9103187
-0.33749762,0.41287228
0.8011691,-0.34936622
-0.17829098,0.9001364
0.036509298,0.07416975
-0.3363901,0.5961631
-0.04262798,0.16925901
-0.10291344,0.9094538
-0.29901248,0.44954365
-0.26229295,0.8736101
-0.11379209,0.91170484
0.109873906,-0.165133
0.6336219,-0.44733456
-0.30257893,0.62367606
-0.29175663,0.8258168
-0.31336942,0.6129787
-0.14096977,0.9033511
0.45027676,-0.48648876
-0.27880672,0.8555717
-0.21314624,0.89610595
-0.25004825,0.882804
-0.3874511,0.63430697
-0.15595295,0.8814737
0.77910924,-0.38950816
-0.0991822,0.16644062
-0.19449519,0.50380504
-0.23136921,0.85486263
0.8147841,-0.34029937
-0.38075602,0.64186764
0.78644276,-0.38069156
0.13690677,-0.10101589
0.10625695,-0.12985377
0.7916705,-0.3753541
0.811194,-0.3510618
-0.27377173,0.8675308
0.5325715,-0.49853194
-0.10745222,0.91088676
0.77285326,-0.3943232
-0.33386785,0.72735727
0.2550997,-0.34579706
-0.27399337,0.84121495
-0.26771358,0.8081029
-0.37487063,0.45701686
-0.3092303,0.70284206
-0.11187475,0.32125902
0.1801954,-0.18138763
0.09152551,-0.09806603
0.3403763,-0.44196886
-0.22967343,0.8892859
-0.27520704,0.8454455
-0.35687014,0.5422523
-0.24607785,0.8805458
-0.2588732,0.85775495
0.7674845,-0.3857871
-0.29172865,0.76253235
0.065687105,0.04708868
0.6903897,-0.45733863
-0.31860387,0.7011169
-0.111750506,0.91325223
-0.26760814,0.7322161
-0.2201524,0.86352855
-0.21368137,0.70670795
-0.2823036,0.8360556
-0.16864908,0.90589064
0.7687295,-0.3996284
-0.24872811,0.8681736
-0.32131594,0.7782735
-0.20128256,0.89252424
0.79585737,-0.36748585
0.8027959,-0.35436475
-0.11011103,0.91399
-0.1777015,0.9016275
-0.2993668,0.7554486
-0.12235414,0.9120694
-0.25557116,0.8756634
-0.30603492,0.84375817
-0.1210391,0.914272
0.59504527,-0.47729447
-0.21670158,0.8964506
-0.12542903,0.27641806
-0.114164986,0.30382195
0.79169315,-0.37553436
0.79513747,-0.36868885
0.7660864,-0.40054074
0.44204473,-0.35663077
-0.27449214,0.86256355
-0.1997122,0.8839276
0.75326645,-0.40582392
0.75492555,-0.41492563
-0.10827883,0.91108644
0.15298805,-0.25935698
-0.20348872,0.88643557
-0.24910972,0.8826143
0.60882384,-0.47651902
0.5734119,-0.4739859
0.8073527,-0.35052592
0.7409552,-0.43072104
0.7909551,-0.36905244
-0.2735908,0.6068293
0.7313606,-0.43500927
-0.2670105,0.85804296
-0.21715535,0.8898488
0.7756308,-0.39107364
-0.058026165,0.0029491442
-0.28737006,0.7089089
-0.19770385,0.8922873
-0.18910508,0.9032628
-0.25274304,0.88417125
-0.23993595,0.8944909
-0.25660637,0.8763891
-0.34434026,0.6956631
-0.13220838,0.90214294
-0.23724718,0.8908195
0.15336001,-0.07370554
-0.1736424,0.89259243
0.012816104,0.06763597
-0.21449603,0.8958722
0.8054586,-0.34974745
0.78321326,-0.3643888
-0.26813608,0.8719971
-0.23162667,0.8831186
-0.11642149,0.91143876
0.79997367,-0.3535418
-0.17678292,0.88873374
0.77819425,-0.3972698
-0.1542823,0.90837705
0.797548,-0.36866832
0.13580799,-0.20763753
0.7765177,-0.3879996
-0.38718665,0.6817319
-0.13028865,0.90447277
-0.02931657,0.25795123
0.04356363,0.0630321
0.81219727,-0.3452836
0.07238884,0.010732585
-0.20259993,0.8996606
-0.2039429,0.89722574
-0.26412174,0.78013057
0.713461,-0.43409538
-0.16879487,0.87648654
0.7992159,-0.37071174
0.7527158,-0.3994095
-0.28172132,0.60632324
0.7493105,-0.41629845
0.7904824,-0.38244915
0.735912,-0.42794102
-0.20939116,0.89829165
0.7759667,-0.3832224
0.8100555,-0.35323548
-0.16317365,0.8968536
-0.11986473,0.91508496
-0.008570892,0.17450137
-0.1005239,0.91166776
-0.10631996,0.9119577
-0.30330476,0.8090369
0.7826114,-0.3832893
-0.20412987,0.9023587
0.1083548,0.05290105
-0.18654607,0.888538
-0.15321666,0.9089317
-0.12889624,0.90109456
0.78007096,-0.38693592
-0.19935417,0.890842
-0.11367369,0.90833074
0.5474737,-0.4780018
0.8024072,-0.35869196
-0.26246515,0.88309443
-0.21981299,0.8917549
-0.23124738,0.86660147
0.5050048,-0.4743314
-0.29140264,0.82284313
0.026813112,0.10835174
-0.10766183,0.9110952
0.05891663,-0.22797002
-0.0994084,0.91390425
-0.13853963,0.9117497
-0.29249147,0.5484463
0.07500204,-0.12302297
-0.23376198,0.8870951
-0.1696748,0.90477866
-0.100552164,0.91219586
-0.21738389,0.8935689
-0.21502449,0.889448
0.80861723,-0.34336844
0.13372645,-0.16785039
0.11999117,0.0010819908
-0.33468962,0.8096497
-0.17873341,0.9035844
-0.11568517,0.91072816
0.7965171,-0.369906
0.8071306,-0.35109308
0.7484924,-0.42837256
0.76873475,-0.40052623
0.63036144,-0.4651555
0.80173635,-0.3583722
-0.26434615,0.8650666
-0.21556632,0.88805276
-0.18507034,0.90577996
-0.093685746,0.9152209
0.79737437,-0.36674172
0.6842079,-0.43792617
-0.17448227,0.8896071
-0.1944346,0.8992983
-0.13059318,0.91268784
-0.23286225,0.8866361
-0.1099922,0.907171
0.810341,-0.3439718
0.014289193,0.12013316
-0.12364542,0.90787476
-0.16594361,0.9088563
-0.27320623,0.43162733
-0.21378799,0.2784719
0.6424108,-0.46521497
-0.15714478,0.91102815
0.0468069,-0.13379458
-0.17879894,0.8338371
0.80454415,-0.3433971
-0.24302875,0.86758566
-0.19946349,0.86175716
0.06652395,0.07769794
-0.26689175,0.8556711
0.5283337,-0.47988966
-0.26886815,0.8475288
0.731572,-0.42477244
-0.2776997,0.7985006
-0.17805158,0.9043533
-0.28137183,0.8552016
0.7987831,-0.36674577
0.79786956,-0.3544885
-0.114480674,0.9115595
0.81473434,-0.3432536
0.6472798,-0.47089884
0.8128533,-0.344599
0.3986921,-0.46476865
-0.3337242,0.7785917
-0.2497617,0.8754065
-0.24763477,0.8764533
-0.004405048,0.10086574
-0.11105428,0.91426295
-0.27411845,0.8652499
0.09455291,-0.13110909
0.7988254,-0.35951257
-0.25551426,0.8722173
0.053591013,-0.069428205
0.7948215,-0.3709171
-0.19622816,0.8898388
-0.113752246,0.9108172
0.80504644,-0.34931195
-0.22796433,0.8551293
-0.11208408,0.877387
0.49983814,-0.46181908
0.80820334,-0.3463446
0.76828474,-0.40344697
0.8051432,-0.34567916
0.061960835,0.02627297
0.79417086,-0.36984545
0.7834608,-0.38360792
-0.1864582,0.8985444
-0.07693367,0.6178769
0.34802628,-0.41847548
-0.20376812,0.89688665
-0.004218038,-0.03662313
0.74049616,-0.42077658
0.7462967,-0.4130719
-0.26261124,0.8790187
-0.026989505,0.13312644
0.21585995,-0.2071431
0.7433754,-0.41804063
0.5023405,-0.44318894
-0.2803025,0.827459
0.7697656,-0.39749402
-0.12856981,0.9049452
0.7792789,-0.3798968
0.78041434,-0.38974413
-0.14262652,0.9093005
-0.14473245,0.9106349
-0.2094148,0.86244375
-0.21656932,0.89298785
-0.15384433,0.90745974
-0.21495214,0.89286786
0.6442529,-0.46698645
-0.015371482,-0.115557015
0.71865916,-0.43232197
0.7776318,-0.38729087
0.03743459,0.0749358
0.80432713,-0.35813332
-0.18279447,0.9059997
0.78545445,-0.37313324
-0.09992542,0.90612954
-0.22915506,0.8800588
0.704564,-0.43040428
-0.1507253,0.911087
0.2139654,-0.38124245
-0.330907,0.6451289
0.81521577,-0.3367484
0.5183611,-0.42124677
0.80653906,-0.34215963
0.7949321,-0.36292318
-0.264798,0.8726127
-0.2597094,0.6249994
0.06776088,0.028990122
-0.19535482,0.89818907
-0.19299258,0.89065075
-0.2484948,0.8782083
-0.354079,0.72447324
-0.2813745,0.5743026
-0.06299727,0.33984506
0.64587003,-0.43317604
-0.112155035,0.91489124
-0.19072776,0.89830184
-0.1355487,0.9095668
0.7933044,-0.35219762
0.8007027,-0.3644777
-0.2228964,0.86866534
0.5636406,-0.46620566
0.7052676,-0.45192403
0.79677033,-0.36630335
-0.11054786,0.91396016
-0.06253592,0.2974651
-0.34149268,0.56338036
0.007035974,0.13563024
-0.054332238,0.16656847
-0.11053341,0.9122295
0.046611845,-0.10436222
-0.20381661,0.88793784
-0.12988552,0.8150594
-0.1893226,0.8935428
0.7977459,-0.3675071
-0.114990674,0.9141982
-0.2782705,0.8455269
-0.22907358,0.887534
0.81120807,-0.34194246
-0.18603902,0.90313894
-0.12015517,0.912432
0.8052448,-0.35048547
-0.10474634,0.8587616
0.074730664,-0.083334245
0.13639666,-0.16256441
0.74630815,-0.4271841
-0.16631196,0.9079323
0.7843709,-0.3730986
0.7759809,-0.38961887
-0.22196445,0.8907819
0.121111326,-0.2900299
-0.2062046,0.89886385
-0.18081088,0.6289384
-0.27198192,0.839806
0.77533454,-0.3955828
0.78191715,-0.395047
0.78810644,-0.37394232
-0.258126,0.8816908
-0.11701263,0.9142072
-0.21821596,0.87201095
0.80039775,-0.3576026
-0.24740672,0.81859547
0.80844486,-0.3421987
-0.28555167,0.84304166
0.76238203,-0.40535584
0.772982,-0.40150192
-0.09619053,0.91260356
-0.10041428,0.9139234
0.21784249,-0.36734468
0.81675303,-0.33578837
-0.25391158,0.86978203
-0.12343936,0.911635
0.7929301,-0.37084767
0.007412269,0.021774685
0.73586017,-0.42872632
-0.23590976,0.8869767
0.7776868,-0.38049558
0.42906472,-0.4249888
0.7520691,-0.41319764
0.8098765,-0.33466637
0.12900059,-0.046590995
-0.11680082,0.91147435
-0.33636904,0.4629225
-0.328608,0.55608445
0.7977359,-0.37167147
0.7304431,-0.43979737
0.037651137,0.07116498
0.6781719,-0.4350618
-0.27155,0.84850484
0.7931869,-0.36514497
-0.1827524,0.9053385
0.8024498,-0.35872546
0.8182635,-0.33619982
0.16774678,-0.22824576
0.8008813,-0.35366547
0.074084714,-0.0055867718
0.58374524,-0.46951225
0.7870636,-0.37784848
0.7948962,-0.37037456
-0.2314689,0.8784927
0.79364836,-0.3715549
-0.11391159,0.91117764
-0.12479202,0.9118149
0.79061496,-0.37658498
-0.19758189,0.89854765
0.78090775,-0.378479
0.79382676,-0.36300436
-0.11300559,0.9176927
-0.26326,0.870693
-0.25296172,0.8629763
0.551432,-0.44351438
-0.14540371,0.90385485
-0.17625429,0.9032313
-0.1527827,0.9115193
0.03628223,0.056508776
0.08005787,-0.13285787
0.0045808884,0.101710714
-0.21234895,0.9002545
-0.29551765,0.83017415
0.76286036,-0.39680317
-0.011954499,0.15766422
0.7602244,-0.41491595
-0.2769631,0.84092706
-0.21056275,0.88342345
0.78506655,-0.37400672
0.73343295,-0.43490764
0.7938925,-0.35807538
-0.1430816,0.9076479
0.7651935,-0.40411922
0.26686847,-0.3850554
0.7692183,-0.39198413
-0.12581432,0.9136239
-0.2759377,0.86119366
0.5676105,-0.5044576
-0.0019181118,0.24595451
-0.113102324,0.9116074
-0.1981957,0.9002707
-0.1308409,0.9086578
-0.25350004,0.8765383
0.78791904,-0.3803476
-0.25450224,0.8673624
-0.24589837,0.8738423
0.05718212,0.14863752
-0.20782883,0.72371566
0.11135662,-0.12384248
0.7899284,-0.3797768
0.7165108,-0.42591786
0.7519387,-0.4064524
-0.13758981,0.9111851
0.70655674,-0.44712758
0.78450525,-0.38055372
0.7418049,-0.41887864
0.78751254,-0.37077627
-0.22974968,0.8779183
-0.18676548,0.9066898
0.09551207,0.22167702
0.7285471,-0.42526275
-0.017532814,0.07851555
0.09928027,-0.095927596
-0.10653498,0.91811866
0.7604616,-0.4125753
-0.30674207,0.83200175
0.7671147,-0.39673424
0.69483006,-0.43201163
-0.15994531,0.9114793
0.26836836,-0.14843476
-0.18389678,0.902311
0.036739215,0.012711346
0.78143907,-0.36756787
-0.29735294,0.8215928
0.81561,-0.34594613
-0.2610367,0.8692964
0.74949956,-0.40880114
-0.12190097,0.9110763
0.6914586,-0.448957
0.74604225,-0.4145551
-0.067815505,0.18093713
0.36625004,-0.47862038
-0.20989239,0.89287645
0.8091095,-0.3475383
0.7229746,-0.43087712
0.11832153,0.02620909
0.7743263,-0.3888035
-0.2493544,0.883097
0.7453855,-0.41374305
0.74323505,-0.3863969
0.1618872,-0.2870023
0.6302415,-0.45244926
0.7346386,-0.41215083
0.7858242,-0.37745702
0.7929338,-0.36989558
-0.1080983,0.9141406
0.11158,-0.06977484
0.79969734,-0.359722
-0.1148982,0.9094197
-0.33409917,0.6140598
-0.21289426,0.6027006
0.7993475,-0.3682106
0.78644437,-0.37369534
-0.23848504,0.88826907
-0.21279825,0.56260246
-0.11491225,0.22235493
-0.101683885,0.8934859
-0.11563442,0.9134789
0.79936254,-0.349914
-0.21240027,0.88808405
0.7841502,-0.38246396
0.79848397,-0.3688557
-0.23811764,0.88190025
-0.24855304,0.8818298
-0.05706061,0.07976821
-0.105288476,0.91039777
-0.10582165,0.24351539
0.79303396,-0.3660326
0.78587836,-0.37586704
0.79322356,-0.37005904
0.023045115,0.040547453
-0.10664303,0.9123383
-0.25775793,0.8781487
0.7483703,-0.40853012
-0.2513005,0.8732005
0.78255606,-0.38201866
-0.24989974,0.87863684
-0.23908943,0.8893439
-0.23592985,0.8877924
-0.23921572,0.861974
0.80143696,-0.3645819
0.7961252,-0.37148288
-0.2601258,0.8812125
0.12256032,-0.18557785
0.009495546,0.17961873
0.030054806,0.06862255
-0.2881565,0.8341616
0.7550322,-0.40163603
0.5200691,-0.48905313
-0.24909528,0.8709344
0.39732975,-0.42825705
0.77896005,-0.3826707
0.014131179,0.04908184
0.1749965,0.0014988638
-0.11240565,0.9143557
0.68275386,-0.43296596
-0.18303423,0.9034526
0.7191239,-0.4324725
-0.15685673,0.8942545
0.095357046,0.059949264
0.026501304,0.073799506
-0.39876974,0.54970306
-0.13995832,0.9090664
0.14790508,-0.066256516
-0.2818311,0.86731076
-0.001300752,-0.021126932
-0.2566,0.8870945
0.7768412,-0.39569768
-0.16341805,0.90614444
0.79626435,-0.36408693
0.71804285,-0.44151786
-0.23218957,0.8725878
-0.107427396,0.9148208
0.8000707,-0.35864013
-0.25350416,0.8462025
0.7942053,-0.36472815
0.7874561,-0.38074774
0.7950581,-0.36566576
0.15852454,-0.26472118
-0.10494637,0.9142138
-0.16864572,0.5693345
-0.19574368,0.9039058
0.8004818,-0.35268137
-0.31328303,0.68666106
0.015963238,0.01674739
0.021092545,0.15224846
-0.14445011,0.9157795
-0.24633795,0.87336105
0.75625956,-0.3839112
-0.3290953,0.7995864
-0.2567337,0.8786617
0.7568859,-0.40972564
0.78750765,-0.38185495
0.7861245,-0.3709207
-0.19374992,0.9004464
0.6776311,-0.44538313
0.79388887,-0.36422905
-0.29125798,0.8343827
-0.27541077,0.85814077
0.6435064,-0.46300426
-0.13240989,0.26360416
-0.2341581,0.8904246
0.8083502,-0.35305706
0.77679837,-0.3828474
-0.21623619,0.8821624
0.78804016,-0.37317514
0.7750911,-0.3964888
-0.06417471,0.17564511
-0.26171866,0.87497497
-0.25409636,0.87679625
0.796833,-0.36674652
0.6290591,-0.47124165
-0.14203207,0.86710614
0.7117649,-0.455589
-0.118561365,0.90995467
0.7998938,-0.36022583
-0.32691965,0.6943898
0.7159738,-0.45209768
-0.23015445,0.5933283
0.22975755,-0.35911092
0.79789215,-0.36769044
0.023064494,0.00894218
0.18006328,-0.2955385
-0.11605933,0.90844417
-0.106133126,0.9174579
-0.11492473,0.8931947
0.69605255,-0.45461217
-0.11933257,0.9112934
0.77910024,-0.3883088
0.793933,-0.3690574
0.605745,-0.48587456
0.75878346,-0.4162326
0.7787149,-0.38366994
-0.2565526,0.86919254
0.7927472,-0.36802
0.667408,-0.4631456
0.7120314,-0.4307076
-0.105495684,0.9164799
-0.32767957,0.74660563
-0.190128,0.9027995
0.80441797,-0.348923
0.79276615,-0.3728574
0.80200756,-0.36129758
-0.124729626,0.9086273
-0.043083742,0.1978334
0.76161057,-0.40459278
0.050198328,0.10548165
0.65199244,-0.474662
0.7795435,-0.38516802
-0.3008778,0.83048636
-0.16981922,0.90987086
-0.1682902,0.907368
0.7936933,-0.36858338
-0.11035177,0.90651315
0.49049863,-0.45513862
-0.14049411,0.36057585
0.7900918,-0.37986836
-0.3821587,0.6413638
0.16979514,-0.2730389
-0.2194808,0.89300525
0.21834747,-0.093212
-0.33103365,0.5319423
0.5961131,-0.4588555
0.03661366,0.002167694
-0.08148227,0.1950586
0.758778,-0.4098553
-0.23343001,0.88759476
0.34216848,-0.41714895
-0.12505989,0.90972394
-0.17924653,0.9060088
-0.23264408,0.8908757
0.7955601,-0.36598104
-0.11182335,0.9110851
0.14712837,-0.19411668
0.8025535,-0.35852584
-0.1651185,0.9047075
0.80660427,-0.35644993
-0.2113341,0.8940216
-0.22340728,0.8927752
0.0475167,0.050791383
-0.12633803,0.9116104
-0.15560304,0.8290619
-0.051164277,0.18610597
0.8130859,-0.33340758
0.5427363,-0.47760284
-0.33451375,0.7389644
-0.104743205,0.914755
0.7688187,-0.399386
-0.163519,0.8951082
0.15835416,-0.10894617
-0.22120003,0.8924069
-0.24701133,0.8876594
0.637514,-0.46807763
-0.3004419,0.44998798
0.10113153,-0.043736853
0.7380804,-0.42270446
0.7790711,-0.38590574
0.7701659,-0.40146902
-0.16062792,0.9085154
0.116483375,-0.14229758
-0.014093774,0.08768639
-0.21538256,0.8945822
0.77111554,-0.4032226
0.79761094,-0.36666775
-0.19102868,0.88033015
-0.22704701,0.87730193
0.09435238,-0.16263539
0.80451787,-0.3522174
-0.25532275,0.8794776
-0.2437564,0.8882016
0.5831342,-0.46658775
0.7463422,-0.41853794
-0.09424743,0.8382991
-0.13061288,0.9134627
0.7469938,-0.40765882
0.16498168,-0.05040323
0.78792185,-0.3759923
-0.2407274,0.88687134
-0.18248212,0.9024067
0.09792037,-0.26850212
0.6689538,-0.44066054
0.7618746,-0.41977134
-0.28038952,0.8536239
0.09533038,0.020157093
0.1668793,-0.30971596
0.7149325,-0.44135493
-0.1600688,0.40164188
-0.115472935,0.9142448
0.7871428,-0.37047178
-0.14985795,0.9051364
0.78824556,-0.3708981
0.7546042,-0.40267026
-0.34428948,0.6280386
-0.09999685,0.91056365
-0.0064403117,0.19642729
0.11596753,-0.18065028
-0.13723505,0.9106752
0.71018165,-0.42788532
-0.23607919,0.8394253
0.2281006,-0.19496022
-0.22660415,0.8946599
-0.36589894,0.5988073
0.79625654,-0.37397662
-0.14392956,0.90950686
0.8001257,-0.35743892
0.5306582,-0.47653463
0.80925924,-0.35154882
0.7952146,-0.3589968
0.79221874,-0.3714886
0.7849939,-0.37569794
0.52829725,-0.42389145
-0.20881256,0.88794637
0.7764192,-0.39201447
0.7040576,-0.44781688
-0.12105801,0.9035389
-0.20822735,0.89576966
-0.2998846,0.84061134
0.77392834,-0.39720398
0.73216355,-0.432902
0.01397721,-0.07944768
-0.2624147,0.7452551
-0.25788543,0.8539253
0.79331344,-0.36650997
-0.25463438,0.81675386
0.76840293,-0.39091018
-0.2739544,0.8667559
0.7768261,-0.3898505
0.7639836,-0.3907766
-0.2063663,0.31934878
-0.09193212,0.90633047
-0.123409145,0.9010647
-0.12664494,0.9151757
-0.009619863,0.09462308
0.76133037,-0.40419725
0.7854214,-0.3719639
0.28645542,-0.40887648
0.79217327,-0.37996757
-0.204136,0.89760274
-0.20149843,0.88688415
-0.12625913,0.91188675
-0.29462087,0.80983603
-0.25157085,0.88223505
0.574755,-0.44990444
0.001281982,-0.025354974
-0.2584117,0.8735928
0.7964915,-0.3573584
-0.26981327,0.8581291
-0.22314213,0.8959574
-0.18838614,0.90134495
0.77121776,-0.4031485
-0.12202056,0.91048
-0.24458873,0.88678247
-0.20207624,0.51324975
-0.29669747,0.815375
-0.12211755,0.9131708
-0.053354274,0.20293556
-0.25334817,0.8866405
0.6625146,-0.46237653
0.15354677,-0.22498652
-0.2726338,0.8648121
0.7874909,-0.37082416
0.39085138,-0.4696988
0.75277567,-0.4156796
-0.20330912,0.87363034
0.010543055,0.348443
0.015973395,-0.0031135178
-0.23825571,0.89144313
0.42203817,-0.45931122
-0.24440634,0.87873346
0.7918843,-0.36641622
-0.10167464,0.9154924
0.033966348,-0.03187838
-0.21050335,0.8919342
0.05962038,0.11678942
0.7836409,-0.38615093
0.7897,-0.37173346
0.74456674,-0.41595498
-0.20141229,0.9014556
0.058638614,0.087218165
-0.41767588,0.6106952
0.08961048,0.023200128
0.08557364,0.09959507
-0.25658587,0.8704278
0.80108255,-0.36196458
0.7981088,-0.35739952
0.79023445,-0.36502784
0.8072053,-0.355481
0.26881003,-0.3648591
0.02540403,0.057439208
-0.019446619,0.2479284
0.5909854,-0.47053167
0.80630237,-0.34547135
-0.10764295,0.31321976
-0.2490582,0.88408667
-0.2449848,0.8780833
0.09119149,-0.17800191
-0.2629256,0.86386585
0.8055903,-0.35148853
-0.111503385,0.9113624
-0.21586464,0.8940733
0.7336314,-0.40637568
0.15463652,-0.061965574
-0.26918945,0.86758286
0.73924035,-0.41529575
-0.23055115,0.89003146
0.78758025,-0.37454414
-0.16894297,0.8897974
-0.011833315,0.20438394
0.7999594,-0.3627787
-0.35379326,0.7586053
-0.2781005,0.85667455
0.79819524,-0.35949698
0.8049893,-0.35224324
-0.30521408,0.7977338
-0.30401537,0.8437776
0.08574955,-0.036600407
-0.14278696,0.91039705
-0.23159999,0.8853184
0.80982196,-0.34609574
0.79145426,-0.36630127
0.7994958,-0.35729304
-0.23484923,0.8896752
-0.11184634,0.91575277
0.015286115,0.095693246
0.81061846,-0.35024965
-0.20375124,0.8996679
-0.20277762,0.89662886
-0.20039438,0.8967917
-0.3009515,0.6587428
-0.23485488,0.8812229
-0.24616462,0.81281227
0.77713567,-0.39039117
0.13378596,-0.05427915
0.8069361,-0.3562894
-0.097735085,0.9116017
-0.31690505,0.8009033
0.3360199,-0.23511165
0.8010467,-0.36116093
-0.12991081,0.90829617
-0.17255975,0.8943138
-0.105114065,0.91373825
0.73268604,-0.42738155
-0.16667177,0.77142185
0.7864616,-0.3747083
-0.27592063,0.85368234
-0.27378246,0.85080194
-0.0013141311,0.10400943
0.5187823,-0.51435095
0.7408915,-0.41761383
0.8053426,-0.3502714
-0.37947652,0.6532269
-0.15987709,0.90665054
0.020562042,0.014321985
0.80331093,-0.36544618
-0.10408997,0.9149195
0.71252364,-0.42766607
0.37788606,-0.4086069
-0.26243907,0.8549921
0.7841483,-0.38049525
0.8019732,-0.35270986
0.7941667,-0.3776815
-0.10436934,0.90568256
0.81174034,-0.33565187
-0.09618501,0.9127904
-0.2410559,0.8749565
-0.12008324,0.90837145
0.74949706,-0.36944434
0.566124,-0.4463403
-0.16954638,0.40443632
-0.2132762,0.22668439
-0.191905,0.8738605
0.69270283,-0.45595637
-0.114197604,0.90871793
0.67236084,-0.45728043
-0.26581475,0.87510383
0.80444044,-0.35778373
-0.20979668,0.8957241
0.53057003,-0.3987566
-0.20212524,0.8990641
0.046895713,0.12978618
0.7433799,-0.4104499
-0.30869788,0.7218712
0.68208605,-0.44321737
0.7348759,-0.42164302
0.7845156,-0.3733062
-0.21664125,0.8952194
0.808686,-0.34473363
-0.29936424,0.8257098
-0.0997028,0.90849
0.44046676,-0.37743595
-0.22944288,0.8793536
-0.12031852,0.9070169
0.73430103,-0.43552905
-0.27187592,0.86058354
-0.18465795,0.898897
0.12901297,0.055977277
-0.27007973,0.82735664
-0.13982347,0.9119809
0.7780528,-0.39956546
-0.22793436,0.88125414
0.11464003,-0.0031210983
-0.26346457,0.8709723
-0.2246066,0.8855536
0.78073156,-0.37923554
0.4540541,-0.45868418
-0.22181754,0.89303607
0.7483483,-0.4190219
-0.108139314,0.90750754
0.63679504,-0.4565931
0.35228002,-0.3033858
-0.07946081,0.8461745
-0.22506352,0.89463055
-0.18692338,0.89728206
-0.23344155,0.8916226
-0.10753219,0.9164651
0.69130266,-0.4380402
0.801454,-0.36009103
-0.32684085,0.80957353
0.5063647,-0.39203736
0.77447,-0.39455494
-0.17814162,0.9057198
0.076366775,0.11951059
0.10038474,-0.021878852
0.17381191,-0.2841649
-0.13360885,0.37182832
-0.12098178,0.91515136
-0.20191702,0.89567685
0.78147453,-0.38004407
0.80797714,-0.35762894
-0.25855145,0.8679692
-0.15776739,0.33358145
-0.18656392,0.48820245
0.79818004,-0.36377248
0.554625,-0.4915406
0.00949979,0.020900255
-0.111687906,0.9090003
-0.09890274,0.9175399
0.7841858,-0.39003778
0.8055127,-0.35990354
-0.115632355,0.91719556
0.06434058,0.033221174
-0.20282614,0.8811128
-0.20015623,0.8873725
-0.21925671,0.85776126
0.67468446,-0.45880628
0.77157766,-0.39357084
0.79205775,-0.3725038
0.7962209,-0.36763477
0.80330545,-0.35423312
-0.11755047,0.8760666
-0.23802803,0.8815214
0.7895427,-0.37417433
-0.19893794,0.8952537
-0.14368902,0.9034811
-0.0018504151,0.3507163
-0.21910462,0.8945235
0.78686553,-0.374085
0.8112936,-0.34135577
-0.2086707,0.8976995
0.036387004,-0.011874331
0.20372598,-0.043153744
-0.16710927,0.29406512
0.76337445,-0.40933183
-0.14166513,0.9116532
-0.11961829,0.91139144
0.7906438,-0.3693694
-0.15227094,0.91100717
0.8056758,-0.3473545
0.77659965,-0.3920272
0.80928427,-0.3419953
-0.10960296,0.9118133
0.06640946,-0.03975711
0.7848848,-0.37383193
-0.17314236,0.41585568
0.06941641,0.11893548
0.11518155,-0.378052
0.019323478,0.06943222
-0.2691799,0.75549257
0.064589046,-0.21595155
0.13158691,-0.023277475
0.7840027,-0.3831767
0.14546251,0.013900035
0.7496774,-0.4237237
0.7035215,-0.4422361
0.77257454,-0.39184406
-0.24036399,0.89247686
-0.1321615,0.9079092
0.6425662,-0.47298124
0.21722049,-0.33674598
-0.15613484,0.9105097
-0.26122203,0.85434043
0.789264,-0.34526497
0.685375,-0.43801293
0.7990981,-0.36520806
-0.12573847,0.91330534
0.69141006,-0.43054473
-0.31596255,0.74796206
-0.14836279,0.9106814
0.04025444,0.1905436
-0.054226797,0.2125544
-0.24211735,0.8809304
-0.1443934,0.9095991
-0.012017873,0.3343106
0.34869018,-0.43982625
-0.12719335,0.91058534
-0.1838796,0.9017379
0.8138336,-0.3274756
-0.12279195,0.90936166
-0.14483373,0.9024228
0.7662898,-0.40825075
0.74099743,-0.43600357
0.029734742,0.117258556
-0.15569109,0.9090983
-0.1517008,0.908352
0.7175612,-0.43465343
0.62556607,-0.34843615
0.63671243,-0.37545004
0.79372203,-0.37012005
-0.16636793,0.21894094
0.15060976,-0.117829196
-0.29495522,0.799139
-0.10973781,0.8920879
-0.22411266,0.8875441
-0.2595245,0.8587461
0.80260736,-0.36258125
0.03354144,0.026447155
0.80607873,-0.35214302
-0.2271751,0.8894345
0.4151332,-0.46116608
-0.37272942,0.6726028
0.8094435,-0.34318268
0.7794051,-0.38767433
0.7897262,-0.37032425
-0.25716764,0.3930214
-0.21933217,0.8872387
0.81512785,-0.3382427
-0.23636691,0.8840859
-0.22189958,0.87280726
0.81080127,-0.33360448
-0.1298786,0.9042031
-0.10793596,0.9075428
-0.20362036,0.8987756
0.06563502,0.11242697
-0.15057148,0.90938735
-0.10593939,0.9058375
0.7784167,-0.386788
-0.14958747,0.3680513
0.75096786,-0.4111823
0.46846074,-0.50148726
-0.32529294,0.47846
-0.113492794,0.90080875
-0.14733434,0.87782776
0.6494806,-0.45260617
-0.1656735,0.90569544
0.78230745,-0.379843
0.4494548,-0.50457567
-0.10998358,0.9151511
0.8031767,-0.35688466
-0.1321302,0.91131985
0.0799935,-0.09926154
0.041601114,-0.16267896
-0.29034454,0.84164715
-0.22360739,0.89267963
0.80479354,-0.35257292
0.70864576,-0.43129635
-0.22986399,0.89002025
-0.13860805,0.91370916
-0.2714681,0.848284
-0.0685684,0.43079194
0.7074315,-0.435995
0.6651966,-0.4668804
0.7899449,-0.37085742
0.80130726,-0.36095035
0.054520737,0.0286192
-0.058182124,0.1388747
0.20239645,-0.31595594
-0.1867833,0.75479186
-0.11366736,0.90970343
0.79443574,-0.37157732
-0.23914221,0.8892443
0.78547615,-0.39019406
0.7935646,-0.37700188
-0.2569703,0.85357046
0.28530407,-0.45106977
-0.21035907,0.89760065
-0.1698205,0.906614
0.8078316,-0.35142246
-0.2916431,0.8376076
0.25059608,-0.27667525
0.7732845,-0.39199474
-0.110574104,0.91085625
-0.1251009,0.9118159
0.036290016,0.04111533
0.78812927,-0.3801367
-0.31507793,0.7469559
0.8030266,-0.35842383
-0.24559303,0.883759
-0.02706235,0.033528574
0.65288067,-0.4637833
-0.3275667,0.7370645
-0.2674793,0.8002486
0.7901238,-0.37669826
0.071318716,-0.07472209
0.80625874,-0.35286465
0.7582348,-0.40123975
0.13287199,-0.05610511
-0.26580337,0.860829
0.43905595,-0.47227538
-0.15775694,0.9095914
-0.055824768,-0.10809599
-0.3579161,0.61685675
0.77850115,-0.3777736
0.7821455,-0.37981993
0.7596194,-0.40600777
0.070672415,-0.1894856
0.7899283,-0.3792171
-0.1271865,0.91106415
0.77837664,-0.38929865
0.7736644,-0.38504797
0.47624063,-0.4764713
0.10959504,-0.2551204
0.07655996,-0.09106747
0.7165248,-0.44081783
-0.11480055,0.9112165
0.7917138,-0.37304053
-0.27953085,0.85621005
-0.35253522,0.69515216
0.79326767,-0.36776406
0.7937597,-0.36620975
-0.3232168,0.70997596
0.3125298,-0.39780745
-0.2367679,0.85422045
-0.12062734,0.9144899
-0.0013999632,0.12832135
-0.3333295,0.7706945
-0.22045928,0.8911304
-0.20479098,0.8993693
-0.25008348,0.87715644
0.7885802,-0.37452117
-0.11322879,0.9130408
0.12863286,-0.21799995
-0.1785057,0.9052969
-0.31196013,0.8402318
-0.19383474,0.90149367
0.23419785,-0.33819172
-0.20125857,0.89812714
-0.1083149,0.91385657
0.7961713,-0.3630394
-0.32252246,0.7690066
-0.09818634,0.9094956
-0.19620578,0.8473976
-0.24000993,0.89117557
0.6975305,-0.44295004
-0.12807733,0.39970368
0.73558694,-0.41123787
0.8046445,-0.3480909
-0.30179888,0.7205316
0.7966006,-0.3704075
0.77941775,-0.38739514
0.7023907,-0.44131234
0.7291703,-0.4209003
0.69764906,-0.43825144
-0.2878867,0.83771724
-0.0025043916,0.021605315
-0.20704229,0.8897404
-0.10263479,0.9151395
0.6972861,-0.44016117
0.70697784,-0.4365859
0.22116446,-0.38525316
0.1259176,0.13019054
0.80047953,-0.35503638
0.7485302,-0.42000008
0.7612991,-0.41219246
-0.21565038,0.89650524
-0.29252166,0.8606057
0.7831919,-0.38502407
0.03576296,0.014213958
0.804219,-0.3517204
0.7302231,-0.4193051
0.8026588,-0.35724655
0.79629225,-0.37161982
-0.11900543,0.9128863
0.050366666,-0.0023127412
0.65504766,-0.48496336
0.75870246,-0.4000844
0.037379365,0.08948133
0.6390987,-0.4198464
0.69029737,-0.4430807
0.7951826,-0.36589855
0.7287894,-0.42776117
-0.28226182,0.55104876
0.81774205,-0.34005323
-0.06139275,0.28536674
-0.26353922,0.83584076
-0.15364072,0.90834224
0.7972192,-0.365107
0.76576,-0.4013144
0.78395253,-0.3847907
0.6078571,-0.45572066
0.710088,-0.43254352
-0.19526282,0.89815986
-0.1926881,0.89628637
-0.116479784,0.915161
-0.11076421,0.11413456
-0.24662475,0.87897575
-0.1954838,0.90182287
0.7492549,-0.4292999
0.80576193,-0.3527709
0.53867674,-0.46571583
0.7834758,-0.390171
-0.39022377,0.6350447
-0.121778056,0.91393393
0.77387726,-0.40368614
-0.27589703,0.8340908
0.77532494,-0.39033976
-0.14085782,0.91256124
0.7753312,-0.39878833
0.7362991,-0.43272683
0.78941476,-0.36861068
0.7871911,-0.38312647
-0.099292934,0.9120677
0.7629609,-0.4054747
-0.21609065,0.38136297
0.7922782,-0.37706104
-0.023618676,0.097442515
-0.1778342,0.9047075
-0.13241449,0.9117868
-0.25653693,0.8776776
-0.28509352,0.70193243
0.36249557,-0.46044928
-0.15700671,0.26749787
0.80422074,-0.35876974
0.7892968,-0.37615514
0.7399087,-0.42682928
0.070818044,-0.098462276
0.7507193,-0.4139267
-0.13193004,0.9086467
0.7922733,-0.3640273
-0.07738358,0.3883402
-0.15295124,0.9047465
0.7619659,-0.41430262
-0.22891587,0.8898397
0.80654776,-0.34730947
-0.12968831,0.8969532
-0.1331955,0.9114719
-0.25652257,0.8823332
-0.23918498,0.8824722
0.8169954,-0.32746485
-0.199255,0.9003407
0.10275976,-0.0474694
0.7871117,-0.37618962
-0.22599979,0.8924276
0.02512585,-0.09985989
0.047592986,0.013387919
0.1753588,-0.055042874
-0.11220981,0.91301775
-0.09879855,0.9129408
-0.29416564,0.8455454
-0.116937645,0.91050655
0.19770989,-0.1443154
0.7987903,-0.35838604
0.80350816,-0.35553
-0.26519185,0.8455775
0.8026925,-0.35704437
0.7828729,-0.38456655
-0.24997596,0.8865211
-0.2740078,0.8475367
-0.28998187,0.8088513
0.7167899,-0.44646138
0.81825125,-0.32801536
0.15102947,-0.04517791
0.07875558,0.010515475
0.3985017,-0.40882406
0.79222256,-0.37243503
-0.13190727,0.91311616
0.03775186,-0.118765116
-0.16379412,0.9001995
0.6345392,-0.4457928
0.71210194,-0.4477675
-0.3817438,0.65722054
-0.012228508,0.024459459
0.7985655,-0.36574835
-0.23632114,0.889975
-0.39281878,0.7152594
0.73727024,-0.43127862
0.0922745,-0.15815417
0.5150392,-0.50029784
-0.25366375,0.8736801
-0.2560568,0.8785035
0.777028,-0.38633308
0.7895848,-0.3720106
0.7478453,-0.4143305
0.796645,-0.3717119
-0.11192849,0.9119876
0.8112059,-0.34788877
0.071461506,-0.13717128
-0.1705834,0.71143365
0.6099919,-0.45674726
-0.27171603,0.87420255
0.72991735,-0.42385143
-0.2942119,0.62283343
0.32308614,-0.39156175
0.79278046,-0.3712715
-0.04727347,0.109713644
0.7881305,-0.37932462
0.5542276,-0.4906858
-0.27337334,0.8699951
-0.21865675,0.8907392
-0.1259198,0.90678
-0.3136162,0.7449101
0.76911396,-0.4056478
0.8064212,-0.34912807
-0.11872052,0.908435
-0.12946308,0.91238415
-0.2747698,0.8499207
0.7656678,-0.40052068
0.34552157,-0.444734
0.77278936,-0.39708388
-0.31172898,0.8070286
-0.13081758,0.907497
0.5581778,-0.46000698
0.7466958,-0.41165888
-0.13462202,0.9099956
-0.21245246,0.8933914
-0.16120563,0.9063464
-0.20038587,0.89657956
-0.2448484,0.8842797
-0.09114688,0.2299072
-0.120490074,0.91022253
-0.31853464,0.7364289
0.53247195,-0.51821095
-0.1425407,0.9043843
0.73726815,-0.4257839
-0.14459588,0.87480867
-0.3128802,0.8136314
-0.15187001,0.9100861
0.7693233,-0.4020181
0.048479725,0.055343382
-0.26072183,0.8684816
0.79103595,-0.37069172
-0.17427592,0.28971905
0.7603844,-0.3989191
-0.23084843,0.880365
-0.17817727,0.8998226
-0.12669194,0.9142978
-0.14877807,0.91187763
-0.3129095,0.7419727
-0.0824504,0.9111792
-0.15263645,0.6251901
-0.121643834,0.19258057
-0.12959923,0.90844905
-0.19562687,0.90080494
-0.18765436,0.9046456
0.14914702,-0.14100003
-0.17459124,0.90693474
-0.13345012,0.2643705
0.79786444,-0.36888143
-0.17981988,0.90353996
-0.2510106,0.8732701
0.7818723,-0.3639887
0.4138505,-0.4440324
-0.113890804,0.91397345
0.78206617,-0.3775624
0.729733,-0.41588143
0.5075094,-0.49640748
0.77178144,-0.38713726
0.7945636,-0.3733273
-0.16523367,0.9089768
0.7889629,-0.37663755
-0.21090746,0.8802738
-0.19454224,0.89853793
0.75209624,-0.3991634
0.23366137,-0.3152662
-0.35821187,0.584141
0.077839755,0.06340156
-0.24572195,0.8864391
0.5580597,-0.46288288
-0.1988718,0.9025642
0.7556735,-0.41244918
-0.32016474,0.548066
0.7806445,-0.39448768
-0.22522901,0.89035577
0.7306405,-0.4367097
-0.23192862,0.81375885
0.7786201,-0.38446468
0.8063139,-0.3550149
0.78651226,-0.37636182
0.704388,-0.4440268
-0.16242038,0.906803
0.80143356,-0.354062
0.7591395,-0.40154308
0.7772435,-0.37922797
0.78683853,-0.37783238
-0.3208537,0.55687314
0.7585424,-0.40865457
0.72790504,-0.4104243
-0.050993763,-0.031117056
0.7771491,-0.4002283
0.066174164,0.13629626
0.8198802,-0.3235246
-0.014093841,0.051568907
-0.33595723,0.44894493
0.7787656,-0.39243537
0.040665288,0.16625796
-0.25432545,0.8817414
-0.21995623,0.8932935
-0.2572465,0.86795187
0.024098758,-0.014899203
-0.11149853,0.90681237
0.78550136,-0.38507447
0.7984844,-0.35704678
0.059829835,0.04862817
0.14287655,-0.15384912
-0.20835014,0.89493734
0.78849775,-0.37638405
0.028464427,-0.22604513
0.80173016,-0.36007494
0.777877,-0.3946344
0.80189025,-0.35543716
0.72957087,-0.43484053
-0.3520356,0.6936955
0.04427721,0.10205592
0.7615268,-0.4107311
0.38479853,-0.39057437
-0.25289935,0.88813835
0.5118835,-0.46601263
-0.1972166,0.8965927
0.13603938,-0.021311337
0.78706634,-0.3809432
0.808927,-0.34408188
-0.23927365,0.88995177
0.44045502,-0.47690848
-0.11792448,0.91068846
-0.18207498,0.8999176
0.56275165,-0.48493862
-0.30724895,0.79901505
-0.1144021,0.90781856
0.7853202,-0.37760898
-0.22029105,0.89435434
-0.19147831,0.9041174
-0.3397229,0.65331376
0.7468999,-0.41079023
-0.3300156,0.8104135
-0.17007688,0.87548155
0.76929647,-0.39382717
0.79104996,-0.37843677
-0.46471867,0.5684864
-0.15540618,0.89466864
0.7972465,-0.36631048
-0.14609449,0.91182166
-0.13877323,0.9116732
-0.27077717,0.8392801
-0.1520554,0.91034305
-0.11727248,0.91338545
-0.20119512,0.89613456
-0.2674136,0.8600677
-0.12270218,0.9102318
-0.18496516,0.88747793
0.76704675,-0.39786085
-0.14320144,0.9026039
0.040656924,0.050707553
0.80868846,-0.35100174
-0.22953038,0.8950431
0.763213,-0.40894663
-0.37825254,0.6978839
-0.13360703,0.910546
-0.10257397,0.9097644
-0.22138788,0.8845237
0.8107341,-0.34358776
0.12058836,-0.09966405
0.77982914,-0.38414288
-0.2264422,0.7992621
0.78316015,-0.38216296
-0.15938216,0.8938994
0.70975065,-0.43013763
0.77993023,-0.38149145
-0.28470165,0.8271751
-0.23048049,0.8900301
0.7586044,-0.40142694
0.6833533,-0.4520052
-0.120816655,0.9109365
-0.2820975,0.83950084
-0.20714597,0.89972323
0.7930575,-0.36051685
0.75202215,-0.4144827
0.10777893,-0.13657692
0.032049716,-0.15858
-0.31538352,0.79291964
0.73297685,-0.4206667
0.78500146,-0.37161583
-0.11079804,0.913654
-0.32871294,0.7192395
-0.36092803,0.52843964
0.11439945,-0.15057975
-0.2632795,0.8707035
0.7804487,-0.38669425
-0.13124233,0.10970784
0.7550642,-0.39951947
-0.16849571,0.7991691
0.46872395,-0.4720175
0.7226493,-0.41959167
0.7940052,-0.3578573
-0.33395383,0.75021
0.8077758,-0.34534147
-0.23753881,0.8805481
0.7717637,-0.3980289
-0.24930349,0.8672254
-0.12730241,0.9101216
0.80328256,-0.35946572
0.76148176,-0.4102304
-0.15425856,0.91020447
-0.16561702,0.9066443
-0.3479848,0.54921335
-0.34702352,0.58287334
-0.17609496,0.9072548
0.8090373,-0.34815523
0.78951645,-0.38168046
0.7220608,-0.41918966
0.7871164,-0.3889676
0.8055056,-0.3592485
-0.12282179,0.9085377
0.8030562,-0.35898066
-0.11951914,0.90933233
0.80597967,-0.35919216
-0.30625457,0.8210311
0.79551744,-0.35611403
0.599069,-0.45838505
0.39726692,-0.46771458
-0.19990033,0.8891298
0.7369376,-0.4207901
0.8074168,-0.34646782
-0.058531333,0.17343464
-0.29263917,0.68957335
-0.16697212,0.9040075
-0.23491259,0.8863201
0.8111443,-0.34773225
0.7928841,-0.35152635
0.13933472,-0.170102
-0.1281367,0.91119206
-0.12175605,0.91076505
-0.23966801,0.83583885
0.7321616,-0.42223394
0.79438096,-0.37282002
-0.15377659,0.90996844
-0.12651497,0.4387266
0.67106354,-0.487171
0.79514927,-0.37625813
-0.30176085,0.7986653
-0.14336553,0.90958047
0.07545167,-0.35117075
0.78549296,-0.3826459
0.8030535,-0.36325803
0.7542753,-0.39901838
0.23801179,-0.21495537
0.23826857,-0.3314231
0.15293968,-0.30988508
-0.3407141,0.40868762
0.10423798,0.1364233
0.015237855,0.16644253
0.74207354,-0.4167568
0.7264159,-0.43078628
0.46120316,-0.45914146
0.80649817,-0.36482587
-0.23920244,0.8769501
0.7799465,-0.38422802
-0.006513908,-0.2703214
0.8070742,-0.34444222
-0.101466954,0.26298138
0.770051,-0.4019706
-0.26462534,0.87171596
-0.10952559,0.9085242
-0.10439857,0.90137863
-0.27983648,0.8571921
0.3151343,-0.39548308
-0.22701305,0.8902841
-0.30609822,0.81377375
0.7542936,-0.41197765
0.78148615,-0.38369706
0.12782134,-0.15506181
-0.31302655,0.7818011
0.7368002,-0.43742147
-0.20531508,0.89168084
-0.362576,0.6180237
-0.2339892,0.88206875
-0.10959578,0.9147057
0.7774073,-0.39348254
-0.066130824,0.28539172
0.7555094,-0.40663916
-0.10359163,0.91304725
0.0470501,-0.10066233
-0.14300276,0.91065204
-0.27525958,0.8383067
-0.058195964,0.24531877
0.06485701,0.06653966
-0.31157544,0.7940959
-0.1787745,0.9029929
0.80673516,-0.34823838
-0.10582852,0.91481715
0.80773115,-0.35062203
-0.24379393,0.6379391
0.7927054,-0.37392876
-0.026750557,0.11576875
0.7811656,-0.3869884
-0.24237727,0.88525033
-0.116369896,0.9122677
-0.2698969,0.86152387
0.81089765,-0.3417619
-0.14252305,0.9092875
0.039549418,0.092689104
0.15223828,-0.2844473
0.7143448,-0.4306319
-0.24701583,0.8835959
-0.31545493,0.8240829
-0.2571748,0.5937376
-0.29068917,0.8561527
-0.26458982,0.8714753
-0.31964168,0.36269027
0.705569,-0.44262514
-0.16978063,0.8980962
-0.12031499,0.9102808
-0.16698931,0.9107836
-0.29340506,0.7867822
-0.1690262,0.90471053
0.70881265,-0.43934718
0.6484389,-0.4275573
0.011421461,0.116897054
-0.23995936,0.8837869
0.090067156,-0.19969754
-0.24450658,0.88591146
-0.22853114,0.8950974
0.77990264,-0.37867892
0.31131148,-0.3818016
0.7855209,-0.3824003
-0.20519523,0.8892084
-0.010538962,0.09382874
-0.1075693,0.9159161
-0.20437832,0.8987141
0.22235812,-0.40318164
-0.09448823,0.90431976
-0.19575313,0.23472507
-0.29192165,0.53012395
-0.07938165,0.26073802
-0.33616608,0.41488215
-0.27843702,0.83636385
0.8005271,-0.36522612
-0.112985685,0.9120707
-0.03822554,-0.09369138
-0.20221142,0.9010632
0.78346664,-0.3834331
-0.18113862,0.9006533
-0.14685324,0.29645503
-0.2378481,0.86121035
-0.13247094,0.9090218
0.010939559,0.19751485
0.43848094,-0.36313117
0.79133594,-0.36654657
-0.120101236,0.9099495
0.7877378,-0.37494543
-0.08515917,0.24497806
-0.28730112,0.47957084
0.8076084,-0.34712824
0.7587485,-0.41682577
0.73158216,-0.42751622
0.758468,-0.39810067
-0.059992995,0.20179483
0.7914207,-0.37607282
-0.10356508,0.9158218
0.70710266,-0.45036885
-0.20585679,0.44604397
-0.2627036,0.87445873
-0.121316746,0.9139784
-0.19455679,0.89849216
0.7763328,-0.38187176
0.6284942,-0.4822524
-0.15972708,0.9093264
0.18679374,-0.10505569
-0.12063068,0.9111549
0.73697275,-0.42926505
0.18303709,-0.36012658
0.24077387,-0.41670457
0.7853155,-0.37883228
0.7876876,-0.37815785
-0.10809903,0.91474575
-0.008018455,-0.011356811
0.7965365,-0.37002793
-0.19325551,0.9037913
-0.10489478,0.9128494
0.18602754,-0.19294949
0.15326281,-0.16555686
0.4308754,-0.44429418
0.13090608,-0.35197124
-0.34273705,0.48618683
0.777393,-0.38613755
-0.27024394,0.86779857
-0.14479204,0.9036218
-0.2557189,0.8757586
0.7982611,-0.3607223
0.2836805,-0.38556355
0.061256345,0.2030452
-0.23800556,0.88401073
0.7719485,-0.38151318
-0.20121482,0.5261063
0.4786837,-0.40832296
-0.11775549,0.90842104
-0.26051348,0.8582279
0.65366143,-0.4400735
-0.120726384,0.91170037
0.8119042,-0.34678867
-0.22357096,0.4741267
-0.1486925,0.9091378
0.7721259,-0.39809093
-0.20633927,0.8991329
-0.23075092,0.88055915
-0.15888253,0.9073105
-0.19476482,0.90138555
-0.2246545,0.35023594
0.7745851,-0.3865908
-0.24140713,0.88801265
0.04880994,-0.0062817023
-0.21511282,0.8769746
0.55211,-0.49349126
0.30274633,-0.3790748
-0.20041177,0.8925083
0.7389693,-0.4102073
0.7975162,-0.36344346
0.7886195,-0.37363827
0.7691748,-0.4020296
-0.17037964,0.9052532
0.76481736,-0.39967817
-0.0039692936,0.024219142
-0.27315542,0.5765593
-0.31009984,0.63005656
-0.19453779,0.89823693
-0.31158143,0.43621472
-0.16488005,0.90125895
-0.3153256,0.81355757
-0.32400656,0.773393
-0.23298787,0.8866455
-0.10221469,0.91095585
0.73812973,-0.41485664
-0.13761556,0.91151047
0.79559135,-0.37049815
-0.2533125,0.87438375
-0.24016602,0.8327662
-0.15887134,0.9053769
-0.2731761,0.8542906
-0.20051636,0.87690353
-0.26580286,0.8678651
0.7840341,-0.38034087
0.79813623,-0.35869518
-0.13556015,0.9074973
0.7878172,-0.37600407
0.7806745,-0.387251
-0.2533049,0.87918085
0.70466983,-0.45304194
0.705564,-0.44314972
0.10191747,-0.047024567
-0.055752937,0.135714
0.78232396,-0.38777328
-0.21835569,0.41110244
-0.02883803,0.099687204
0.22555842,-0.3427566
-0.19027382,0.89639044
0.7243771,-0.43836206
0.75259745,-0.42011058
-0.13194586,0.90595776
-0.27334338,0.85012
0.016196627,0.20217663
-0.2185285,0.8953771
-0.10994996,0.9160359
0.4475046,-0.41812167
-0.19382127,0.89831483
-0.27586156,0.8558056
0.15359117,-0.06334341
0.743586,-0.42253056
-0.26349804,0.87458444
0.77352834,-0.3921766
-0.33149594,0.7173063
0.8065145,-0.35344264
0.025526738,0.0032852804
-0.021613536,0.091019124
-0.10372028,0.9142784
0.8008329,-0.36075285
-0.13526464,0.38311124
0.45167792,-0.34753287
-0.09829329,0.9112662
-0.12013425,0.9153468
-0.2355092,0.66113704
0.79168475,-0.3658716
-0.3676024,0.70207584
-0.1293253,0.9159205
-0.10237057,0.91458017
0.76496977,-0.38565585
0.70586354,-0.4103686
-0.2277828,0.89457124
0.7535694,-0.40983623
-0.09925251,0.9138725
0.22433136,-0.29488182
0.56026846,-0.49506724
-0.29754683,0.8190576
-0.25185835,0.8726977
-0.2432375,0.86443096
-0.248081,0.8870107
0.014054996,-0.055851024
0.76698834,-0.39624858
-0.19816406,0.8973484
-0.21125631,0.89629024
0.0800841,0.12743738
0.02330766,0.048843585
-0.11474498,0.912045
-0.2370861,0.8726433
-0.13478169,0.9069671
-0.34050247,0.6382523
0.17950384,-0.06911094
0.69891423,-0.4342282
-0.11701985,0.91081613
0.09031345,-0.097563595
-0.11474269,0.9100759
-0.1302755,0.9137142
0.40769115,-0.43338564
-0.18814701,0.32341108
0.8153999,-0.34373838
-0.257898,0.8818695
-0.004802331,0.32153636
0.7668132,-0.4057082
-0.12923658,0.901469
-0.26693213,0.4791829
-0.10605824,0.90756243
-0.10474634,0.91117984
0.17353301,-0.16727914
-0.27273926,0.8659832
-0.36831102,0.6218732
-0.10903703,0.912148
0.20343418,-0.22521
0.8146329,-0.33585685
-0.118034065,0.9116989
0.79804,-0.36110914
-0.31073657,0.682358
0.09977068,-0.038691666
-0.18453129,0.9051731
-0.11778752,0.1822708
-0.25729904,0.6823226
-0.36537662,0.7611292
-0.2155665,0.9013222
0.79756266,-0.36173004
0.09631872,-0.21334343
-0.32892293,0.77181643
0.04652282,-0.02112903
0.13176411,-0.195089
-0.1978816,0.8813395
0.79745877,-0.37969625
0.7839862,-0.37856027
-0.024157627,0.0850584
0.7201326,-0.41320634
-0.28175935,0.8590707
-0.24819417,0.88316005
-0.18220069,0.9066947
0.79594135,-0.36645782
-0.24557929,0.87520975
0.73355305,-0.4374153
0.79616565,-0.36479995
0.8005351,-0.3558896
-0.100985594,0.9057797
0.023587007,0.0078991605
0.80961317,-0.3456753
-0.11669377,0.9133903
0.8030651,-0.3594589
-0.23048954,0.8884683
-9.405874e-05,0.1200356
-0.36766937,0.6703288
-0.32855347,0.6480019
-0.24066347,0.86994064
-0.0056412946,0.094470255
-0.09847844,0.46387142
-0.25859308,0.86735857
-0.27787444,0.81944525
-0.19050607,0.84437513
0.79466236,-0.36941373
0.060808253,-0.112413384
-0.0903471,0.9106812
-0.3021686,0.8318876
-0.13930221,0.9126337
0.12420734,-0.037812494
-0.19295534,0.89194465
-0.17361589,0.89506716
-0.142526,0.9095589
-0.11025429,0.91541225
0.74442345,-0.420878
-0.0036216679,-0.019577738
-0.2137582,0.8949841
-0.24868532,0.8759244
0.77523255,-0.4002588
0.81268895,-0.33861554
-0.22803396,0.88017493
-0.099648446,0.91180634
-0.31646034,0.7565546
-0.12217197,0.9123003
0.71002525,-0.44516656
-0.25019065,0.533171
-0.16388215,0.9050169
-0.36201894,0.7035955
-0.35465035,0.78242207
-0.3634179,0.50748193
-0.28196782,0.48558918
0.47330618,-0.47511244
0.79322886,-0.36844984
0.102559276,0.040618997
-0.2369052,0.88626313
0.17858002,-0.16416053
0.012496176,0.10121622
-0.314556,0.49784428
0.109794006,-0.023077557
-0.3708812,0.7250751
0.7746924,-0.39898115
0.7645458,-0.3955432
0.048227932,0.18530025
0.18211807,-0.3117211
-0.32936886,0.6552681
-0.003061751,0.06816163
0.7861387,-0.3812227
-0.2227573,0.8980104
-0.10901732,0.91340256
-0.21489325,0.88935614
-0.38580483,0.69674516
-0.41258052,0.5994752
-0.23739982,0.8860174
0.086757824,-0.019500334
-0.1260108,0.91267097
-0.33752614,0.59268
-0.12849009,0.9119515
-0.11174775,0.9124526
-0.13654813,0.9075838
0.5873017,-0.4845534
-0.27574533,0.8673508
-0.10678693,0.4522725
0.056694362,-0.016104005
-0.1303417,0.9117232
0.48156422,-0.48504874
0.7877514,-0.3703375
0.059495047,0.103900656
0.093967736,-0.08541671
0.70789653,-0.44234782
0.0014137289,0.1537309
-0.25531214,0.87931347
0.106228985,-0.013651973
0.7110952,-0.4346494
0.08322627,0.007943303
0.7913635,-0.38132903
0.800111,-0.35720444
0.7490754,-0.4043239
-0.14243568,0.91055244
-0.11095705,0.91267055
-0.29774514,0.83626777
0.8062762,-0.35573184
0.7846795,-0.3857932
0.2889852,-0.209796
-0.23058625,0.8743514
0.74833727,-0.4145668
0.23066162,-0.15808879
-0.037312422,0.14191607
0.016543709,-0.1571485
-0.109101444,0.9109176
0.76806396,-0.39168844
0.68466675,-0.46088514
-0.046015996,-0.089041285
0.08877833,0.060712945
-0.07342999,0.088208534
-0.12648018,0.91094345
-0.27618968,0.8495817
-0.32034475,0.6942648
-0.100462034,0.907867
-0.10912837,0.91453284
0.7988597,-0.35922152
-0.21092372,0.89344704
-0.19010516,0.9035894
-0.051246513,0.061073273
0.809406,-0.34063587
0.78327876,-0.3773436
-0.19707115,0.25443843
-0.10990506,0.90808105
-0.27367967,0.86826205
0.5444373,-0.4265367
-0.20828219,0.8969884
-0.34893072,0.76545185
-0.22135489,0.89002836
-0.24070261,0.88570225
0.7697064,-0.38371143
0.08901519,0.051407553
-0.10162126,0.9102684
-0.15331085,0.91104716
-0.17929131,0.90221995
-0.35155627,0.7880033
-0.18336086,0.900207
0.32979777,-0.42475626
-0.21199076,0.8881383
-0.043301452,0.19536775
0.75410813,-0.41036907
0.22162458,-0.34217575
0.11126855,-0.14123064
-0.323426,0.7521
-0.28860012,0.8029981
0.39002898,-0.4683354
-0.111291416,0.912402
-0.10757844,0.91516876
-0.14065228,0.015344042
0.75636315,-0.4113159
0.080553144,-0.100772716
0.16521911,-0.18160208
-0.19789991,0.90151554
-0.30934495,0.7895813
0.64312947,-0.4769782
-0.28141367,0.5995396
0.017195249,0.10122176
-0.31488886,0.7112176
0.74897635,-0.41593656
-0.24740027,0.81390995
-0.10852748,0.9078953
-0.112358026,0.90784
0.60865974,-0.46229607
-0.30272067,0.68819606
0.50509423,-0.42906567
0.78954554,-0.379953
-0.33936098,0.8147631
-0.10652542,0.911179
-0.10827861,0.9065162
0.1464014,-0.2012195
-0.39545205,0.708145
-0.3601033,0.655742
-0.11419647,0.91245586
-0.22126287,0.8918083
0.3493678,-0.39106083
0.083452106,0.05134995
0.7297897,-0.42450446
0.06171782,0.057879906
0.55388445,-0.47138003
-0.42518023,0.7005757
-0.15672688,0.91000617
-0.2507356,0.8811834
-0.2538611,0.871393
0.7986614,-0.3713612
0.8023292,-0.35208994
-0.10920059,0.91705704
-0.01145232,0.011140436
0.011123469,0.08452657
-0.0076105176,0.12704656
-0.2932294,0.75239664
-0.28381926,0.8454995
0.6917156,-0.46607128
0.14862639,-0.188271
-0.09699845,0.91542023
-0.24534273,0.8876984
-0.15757872,0.91049904
0.01594658,0.037592348
-0.3083997,0.8313857
0.08779398,-0.20005897
-0.11234653,0.9051529
-0.034733765,0.10992105
-0.3310909,0.67294514
0.57178646,-0.4714985
-0.14218925,0.66784424
0.7860635,-0.3725025
-0.25532934,0.8758306
-0.11940872,0.913159
-0.17028506,0.9048866
0.50467694,-0.48781925
-0.007971085,-0.13353367
-0.32617167,0.77364767
0.26740506,-0.22099927
-0.22948182,0.87769467
0.21489787,-0.32535788
-0.16983433,0.72130954
0.7959933,-0.36564058
-0.23092775,0.89057857
-0.24609706,0.8723346
-0.116321914,0.9090892
-0.3364856,0.80312824
-0.09725102,0.91106844
-0.25591406,0.87998164
0.5168988,-0.45681843
0.81325847,-0.34085882
-0.22042973,0.6015153
-0.11175129,0.9114076
0.007946998,0.09522392
-0.2584887,0.86062866
-0.28035837,0.82853436
-0.31982878,0.7470665
0.6485541,-0.47792664
-0.12028394,0.910407
-0.22385494,0.89674705
-0.17409758,0.4237857
-0.16082634,0.9030919
-0.31200218,0.81965446
-0.2113619,0.8951146
-0.1414821,0.91322947
-0.12139176,0.9108503
-0.3481316,0.5263835
-0.10670023,0.910195
-0.109686345,0.9127223
0.21374632,-0.28350648
0.7670165,-0.40255994
-0.17292981,0.90530455
0.07929886,-0.19622652
0.16524526,0.035409186
-0.36231843,0.5544438
0.123097986,-0.020749029
-0.23487648,0.88654333
0.7660922,-0.3974821
-0.25510073,0.8608764
0.08282891,-0.052150823
-0.14248815,0.7557532
0.7055565,-0.4434019
-0.216336,0.89394516
-0.25110954,0.8842737
-0.02076169,0.07205931
-0.26317096,0.8217324
0.07758998,0.03374746
-0.3173988,0.49709138
-0.37543052,0.7375723
-0.17308955,0.8964681
-0.10335477,0.9149848
0.780816,-0.38860446
-0.25487584,0.8820781
0.035714597,0.082198285
-0.11656846,0.9091456
0.76520634,-0.40411717
