-0.08463307,-0.50356525
-0.7014629,0.46436462
0.24864326,-0.9015864
-0.6252445,0.5464598
0.25093213,-0.8976162
-0.61393243,0.36610314
0.19116163,-0.8963006
0.14371337,-0.83424026
0.037780765,-0.72659844
0.2509752,-0.9028839
0.24164343,-0.902864
-0.35981306,-0.038569767
-0.69584715,0.4382492
-0.74307203,0.248692
0.24519008,-0.90044135
-0.049231116,-0.50204676
0.22124685,-0.90916014
0.24030095,-0.90484244
0.2575045,-0.89782363
-0.1763642,-0.33685958
0.14453596,-0.8864652
-0.58557004,0.110377215
-0.13767233,-0.5382402
-0.5561426,0.009997779
-0.70525426,0.45506296
-0.6212338,0.54150736
0.23092972,-0.90353066
-0.4343453,-0.0759507
-0.6017143,0.36038285
0.24350102,-0.9029732
0.22252344,-0.90474087
0.20394768,-0.901833
0.17400576,-0.89928997
0.21531948,-0.89564794
-0.7681604,0.19097005
0.26937512,-0.8957419
0.2550321,-0.89763474
0.16390902,-0.877025
-0.6043823,0.5424326
0.19931479,-0.9049485
0.2366855,-0.90039915
-0.75743705,0.34527215
-0.69168395,0.042247042
-0.2253048,-0.12818454
0.26474,-0.89684767
-0.77883065,0.32483026
0.20995831,-0.90144795
0.22461174,-0.902974
-0.34469038,-0.20441353
0.24706039,-0.89859474
-0.7129263,0.051804755
-0.6300419,0.5375296
0.06327855,-0.8167935
-0.41902617,0.16341013
0.21578534,-0.9077541
0.2175264,-0.9061919
0.22897969,-0.900277
-0.7038268,0.4626463
0.25201246,-0.9006856
-0.76698685,0.33743915
0.24776904,-0.8992302
-0.776747,0.33560452
-0.78007746,0.31168157
-0.72207254,0.42924055
-0.0129917655,-0.58821446
-0.02810278,-0.71412575
-0.026435485,-0.53455406
-0.72807974,0.13668194
-0.5408341,0.01723057
-0.08622132,-0.6210689
0.12920418,-0.8682389
0.12544177,-0.88481253
-0.61104435,0.53956425
0.23360878,-0.8976264
-0.60989,0.5552111
-0.60489535,0.5419835
0.24799381,-0.89883244
0.2072244,-0.90650815
0.22187315,-0.9040424
-0.7764057,0.33533657
-0.77967346,0.20572805
-0.7367183,0.017588388
-0.60558754,0.5520872
0.21442547,-0.90327144
-0.06939329,-0.460024
-0.050745558,-0.6360506
0.21150924,-0.907401
0.13179176,-0.8826192
0.25777596,-0.9006406
-0.06826044,-0.56848335
-0.6149067,-0.07206283
0.2401024,-0.9015575
-0.112754405,-0.32264775
-0.040898252,-0.7171547
0.008063398,-0.69348687
-0.69876283,0.45127603
-0.67985046,0.4860168
-0.77171326,0.18068922
0.20874174,-0.9038091
0.24520627,-0.90094304
-0.7408444,0.41825354
0.26848292,-0.8952608
-0.6993855,0.45362827
-0.7202786,0.42785373
0.22158512,-0.9036726
0.084624104,-0.8436428
0.2563452,-0.9005226
0.102314495,-0.8500026
0.23678076,-0.90307564
-0.7634215,0.3507668
-0.7122777,-0.006673853
0.2595626,-0.8997156
-0.11958057,-0.48001325
0.22735566,-0.90098315
-0.4653865,-0.14601882
-0.06893985,-0.50637597
0.24145286,-0.901689
-0.5937113,0.5537054
-0.65175545,0.2428503
-0.5808072,-0.009372515
0.18479127,-0.8771881
0.05382692,-0.8055054
0.23874824,-0.90117055
0.22913851,-0.90191853
0.2325543,-0.9049134
0.23809938,-0.90139145
0.19300246,-0.8993108
-0.7762371,0.3472034
0.19956324,-0.8923935
-0.72406226,0.43115243
0.14279677,-0.880615
0.25353003,-0.89938617
-0.63530415,0.5309756
0.25247595,-0.89920783
-0.6555482,0.22037865
-0.6415435,0.52491164
0.25759426,-0.8983694
0.25302204,-0.9030834
0.22406979,-0.90568346
-0.72318625,0.41448963
0.1952051,-0.90334857
-0.5996626,0.5536823
-0.75963163,0.3450904
-0.73120624,0.318935
-0.76153594,0.36329165
0.24520817,-0.89906925
-0.71517175,0.4407096
-0.023444964,-0.5844231
-0.66604704,0.3137124
-0.7472767,0.21342775
0.08904751,-0.84824944
-0.66177136,0.2346126
-0.6431087,0.45289654
-0.71665627,0.42959964
-0.58383256,0.56311554
-0.60947245,-0.09931226
-0.12659849,-0.39417547
0.067990646,-0.8646231
-0.65827084,0.5062057
0.20043337,-0.90034497
-0.6082451,0.53183186
-0.6814039,0.47525388
-0.7532258,0.0925652
-0.59897363,0.55617994
-0.1265235,-0.5341789
-0.04775523,-0.50962526
-0.76681226,0.35929367
-0.10029979,-0.5041675
0.20916913,-0.8993414
-0.7756291,0.33396217
-0.73764485,0.30846372
0.19927154,-0.89998174
0.13391547,-0.8792509
-0.6575252,0.48721543
-0.67534,0.46479475
-0.32379693,-0.24774767
-0.08937091,-0.49752384
0.11258625,-0.88130933
-0.7275959,0.42847764
0.23479316,-0.9046657
0.08989382,-0.8617769
-0.6708769,0.4863941
0.2021147,-0.9070095
-0.67362195,0.49601457
-0.6397356,0.5286325
-0.12162064,-0.41426033
0.24378131,-0.89921755
-0.66319954,0.49189287
-0.14635551,-0.3066769
-0.724636,0.281897
0.25757006,-0.89848727
0.029407876,-0.7326827
-0.6055143,0.5289074
-0.584944,0.49916008
-0.7296708,0.42242578
0.18658479,-0.8958117
0.24106215,-0.90332043
-0.7608276,0.22087286
-0.07152182,-0.4244127
-0.06537145,-0.3267302
-0.01976837,-0.47343707
0.052349847,-0.83355683
0.24691577,-0.89859885
0.24250445,-0.90453416
0.25797883,-0.9003001
-0.68431437,0.47931463
0.0748014,-0.6767893
0.22794937,-0.90333927
0.2142401,-0.8995883
-0.04804163,-0.55534697
0.24143532,-0.89938027
0.2397384,-0.89985526
-0.6675386,0.48577353
0.22723748,-0.9014896
-0.66187686,0.5157681
-0.7095256,0.42632863
-0.11568498,-0.5783022
-0.6242249,0.53022593
0.21226805,-0.9049884
0.23869209,-0.90199816
-0.48827073,0.21326822
-0.64286655,0.5276312
0.24991642,-0.90215546
-0.68987536,0.48422492
-0.7798904,0.31426263
0.22829509,-0.8878626
-0.62002474,0.5308649
-0.6226311,0.534751
-0.75903726,0.36550957
-0.6052138,-0.15801135
0.2272536,-0.9066875
0.19600405,-0.90124005
-0.72996044,0.38048923
0.2406526,-0.90294445
0.0737447,-0.789766
-0.5847281,0.5687538
-0.7388436,0.39403856
0.24864186,-0.9017658
-0.31444186,-0.17081447
-0.65808135,0.50291014
0.16217442,-0.8922275
0.23699866,-0.90069383
-0.054092363,-0.69907165
-0.77769756,0.3371034
0.24569876,-0.89547914
-0.59757024,0.5449804
-0.7602833,0.3655094
-0.671584,0.4831687
-0.1406843,-0.48793945
-0.7576583,0.28319907
-0.61705625,0.49950397
-0.74356985,0.39654464
0.23574643,-0.899076
0.23961854,-0.9009175
0.22183602,-0.90312815
-0.7218853,0.44204965
0.25772545,-0.8975179
-0.6434036,0.20357911
0.23745102,-0.8994827
0.2039351,-0.9048812
-0.6955308,0.29204294
-0.15531147,-0.43991134
0.21884584,-0.90601087
-0.4702928,-0.17060302
0.19711483,-0.89693785
-0.77872515,0.311304
0.24929804,-0.9008386
-0.6161704,-0.12739134
-0.6234551,0.5389496
0.2299317,-0.9042357
-0.43723544,-0.22088024
0.17396274,-0.89176196
0.18719989,-0.8973167
0.24055551,-0.8995489
-0.72410166,0.09960403
-0.7737887,0.28259024
0.25919023,-0.89550465
-0.7283236,0.39301306
-0.62051094,0.5394196
-0.08902404,-0.5684019
-0.7382176,0.40051833
-0.7736142,0.30517364
0.2383463,-0.9049472
-0.78095526,0.31514153
-0.7597433,0.223374
-0.7142468,0.3534021
0.16619706,-0.8893309
-0.4244084,-0.13384335
-0.77564013,0.3546248
0.19301862,-0.9011899
-0.7226811,0.42565465
-0.7703147,0.2385642
0.19423737,-0.90170044
0.21662211,-0.8971693
0.1660196,-0.8881613
0.2239764,-0.9069257
0.23470311,-0.90316105
0.1827814,-0.88389885
0.26377916,-0.89999306
-0.61124223,0.5556417
-0.69334954,0.46796143
0.24440676,-0.90398735
0.19295889,-0.9005268
-0.6087639,0.5388134
0.17576167,-0.89448994
0.20084468,-0.8952748
0.1890411,-0.89179575
0.24633488,-0.9008801
-0.06877283,-0.4751702
0.21432175,-0.90129024
-0.72105396,0.42554322
-0.22941923,-0.31918752
0.22717543,-0.9068621
-0.7675381,0.35811752
-0.11827586,-0.53059894
-0.08870509,-0.31198072
0.25507376,-0.9004964
0.22595885,-0.90130323
0.24301992,-0.90228504
-0.06629591,-0.49197146
0.18515082,-0.90153843
-0.31589404,0.39068052
0.20984337,-0.901565
0.20786615,-0.8946014
-0.6659108,0.5015702
-0.75580174,0.07129313
0.24070504,-0.90220106
0.019167121,-0.7034574
-0.7694962,0.27809796
0.24871452,-0.8989087
0.18750533,-0.8938448
-0.24577099,-0.17927918
-0.10941523,-0.482909
-0.28960347,-0.068275884
-0.75350046,0.36264452
0.21862802,-0.9082229
0.169813,-0.89880675
0.23658037,-0.90338564
-0.77259123,0.3530381
-0.7409202,0.39280754
-0.6755781,0.50074995
0.23567931,-0.9035454
-0.78349924,0.27982566
-0.61566603,0.5426571
0.20729417,-0.89989793
-0.7835953,0.3270356
-0.6033106,0.54400814
-0.68383706,0.456554
-0.59372497,0.546873
-0.75844187,0.37915003
-0.18885404,-0.4620969
-0.5986859,-0.11855376
-0.6625515,0.50197726
0.14774747,-0.88754034
-0.04362396,-0.6405997
0.23228617,-0.9060246
-0.5948799,0.44558284
-0.7791096,0.34848428
0.21871786,-0.90767974
0.18981811,-0.9051024
-0.7382394,0.3917497
-0.7683156,0.36948928
-0.6477167,0.00021739306
0.21617039,-0.8988689
-0.68326914,-0.07827951
-0.70758444,0.4539681
-0.20343545,-0.30851188
-0.09459247,-0.4130085
-0.5341829,-0.12470616
0.04844819,-0.8331032
0.23492545,-0.9037231
-0.71513295,0.44725594
-0.5163442,-0.05921494
-0.63493186,0.5312899
-0.72945726,0.40633494
-0.1506707,-0.5076739
-0.026096039,-0.7119285
-0.077777684,-0.5615599
0.12265805,-0.881336
-0.6955033,0.47090417
-0.73905826,0.39861798
-0.4395226,-0.19409476
-0.0688723,-0.55152184
0.24828286,-0.9014381
-0.11821438,-0.49979287
-0.76949155,0.29069594
0.2547318,-0.9000374
-0.76637274,0.3313025
-0.7913459,0.32692027
-0.36122978,-0.14381422
-0.44663155,-0.19089536
0.19098713,-0.89082026
-0.7728517,0.25626612
0.24539477,-0.9038448
-0.7531656,0.23098066
0.24534969,-0.90160733
-0.042359564,-0.5453305
-0.016540809,-0.6738711
-0.7818073,0.3012075
0.16797814,-0.88580906
-0.76829594,0.33746693
-0.68745434,0.3364579
-0.6011845,0.5472617
-0.54821473,-0.1759501
-0.12844779,-0.49007255
-0.3813727,-0.09540557
0.23248477,-0.90200955
-0.6710562,0.24089347
-0.7751483,0.33499953
-0.37808722,-0.31736884
-0.74214864,0.395335
0.21316208,-0.90414363
-0.74895513,0.33188662
0.117353134,-0.8822858
-0.7798836,0.32295078
-0.4531607,0.050463233
-0.61043376,0.5507477
-0.6852382,0.3876517
-0.4154807,-0.10128704
-0.76838666,0.3412929
0.26396182,-0.8964126
0.20256662,-0.905214
-0.7483066,0.2041327
-0.116973154,-0.50073826
0.18543948,-0.90780765
0.054942027,-0.85926586
-0.7651886,0.30599234
-0.7048908,0.40855622
-0.75600815,0.3822905
-0.031846635,-0.45172554
-0.16414662,-0.31126356
0.1215008,-0.8782885
-0.6682004,0.4375866
0.22030811,-0.900623
-0.6605563,0.47382703
-0.77248144,0.32601017
-0.70095,0.46476576
-0.094186716,-0.54204077
-0.11257971,-0.46254006
-0.6266545,0.51582813
0.10914083,-0.8765499
0.07965657,-0.8621694
-0.0468904,-0.7371322
0.18074666,-0.9110537
-0.59433055,0.5552122
0.25374088,-0.90160733
-0.75831133,0.23787636
-0.7617416,0.14814326
-0.08659984,-0.50915515
0.25204057,-0.89888936
-0.12562919,-0.40596756
-0.58360094,0.5681822
-0.71622336,-0.033976007
-0.7305098,0.4157303
-0.7574642,0.34375063
0.24357046,-0.90138996
0.2142721,-0.90164584
-0.590107,0.546786
-0.613433,0.5377099
-0.7532462,0.4001815
0.23198062,-0.9029398
-0.5940409,0.565972
-0.21126577,-0.38100514
-0.62683105,0.49837115
-0.788725,0.1314651
-0.6210926,0.5388395
0.008655328,-0.62130195
0.18558443,-0.89864916
-0.68289423,0.4932214
-0.10846248,-0.4798194
-0.7540627,0.38096693
-0.6123282,0.5385104
-0.7731758,0.3224021
-0.056790438,-0.525953
-0.015137381,-0.5887462
-0.23844844,-0.22164074
-0.61044574,0.5457618
0.23975214,-0.90627074
-0.7283434,0.18362214
-0.18341844,-0.37714648
-0.6359431,0.5295391
-0.70156264,0.46210572
-0.6185617,0.5399138
-0.62769616,0.5389089
0.07670987,-0.8365117
-0.59647703,0.553508
0.11089541,-0.8667139
-0.7064242,0.46225157
-0.7175854,0.39601958
-0.5862156,0.5715054
0.24843788,-0.9014888
0.24899818,-0.90052944
0.20267788,-0.90682745
-0.74226356,0.30295807
-0.78127205,0.27164295
0.0590994,-0.8522103
0.11350283,-0.88004524
-0.13248973,-0.4954932
-0.7021276,0.4586887
-0.088990435,-0.48991957
-0.6984372,0.4695201
-0.7796794,0.2812684
-0.58424646,0.56296515
0.2506575,-0.90041286
0.19567989,-0.9046496
-0.14956829,-0.40468794
-0.11045056,-0.46455276
0.2522497,-0.89891195
0.16826436,-0.89800215
-0.78596807,0.34300238
-0.7525562,0.38300538
-0.69318837,0.035506222
-0.07822996,-0.46261105
-0.10126389,-0.49442428
-0.76548207,0.29688254
-0.094021134,-0.46113738
0.20069997,-0.9025317
-0.5696325,0.56606597
-0.74461174,0.4153214
-0.72832865,0.4173997
0.2382291,-0.9023248
-0.7379654,0.37452602
0.13974914,-0.8911294
-0.077986054,-0.5427809
-0.78426,0.12302381
-0.582535,-0.14915462
-0.36270443,-0.07613255
0.20475268,-0.9064552
-0.66427577,0.47298968
-0.085560136,-0.47391713
-0.19076222,-0.3940751
-0.62539774,0.51938725
-0.3831091,-0.17271365
-0.1660193,-0.39970818
-0.63650507,0.5249249
-0.76177496,0.37527308
0.22424977,-0.90772456
-0.61369646,0.54950166
0.22944953,-0.9011071
-0.034183573,-0.57117534
-0.039231054,-0.5822218
-0.75617254,0.025525974
0.20040394,-0.88955927
-0.7428782,0.4004915
-0.55098975,-0.09295487
0.21754709,-0.90350413
0.18870384,-0.90271115
0.25899687,-0.8990973
-0.6043861,0.5460176
-0.7534712,0.39839554
-0.58928925,0.56170094
-0.042222716,-0.6375697
-0.7112273,0.44084203
0.021368833,-0.7831503
-0.7766374,0.33627558
-0.7015465,0.44286963
-0.67736876,0.031841334
-0.6589516,0.45742503
-0.60944176,0.22490236
-0.6368563,0.50597084
-0.7462365,0.34267116
-0.54898304,-0.060343567
-0.76698893,0.34266344
0.23920538,-0.90175754
0.18284754,-0.90239334
0.13527057,-0.8835812
-0.13010404,-0.44024003
-0.7152524,0.4532424
-0.6385624,-0.07298006
-0.008679555,-0.67036694
-0.5476378,0.2207635
-0.18016349,-0.4154617
-0.71139467,0.43204856
-0.78267676,0.22514139
0.22916053,-0.90618294
-0.6286418,0.53805846
-0.67041075,0.48964933
-0.24589045,-0.28969842
-0.55106527,0.067244045
-0.7442763,0.38994646
-0.77214193,0.34458265
0.22159648,-0.9054443
0.02762453,-0.8167109
-0.7308823,0.16516086
-0.5372085,-0.10592803
-0.60549474,0.52701616
-0.59917563,0.55064064
-0.49864313,-0.2300622
0.25392538,-0.89732784
-0.6994749,0.4491465
-0.10392776,-0.4387096
-0.60488427,-0.06397554
-0.17287189,-0.36208403
-0.5875617,0.5563021
-0.48272118,-0.17899995
-0.7820428,0.308967
-0.60929054,0.5472087
-0.06512143,-0.6143329
0.15223585,-0.8786525
-0.59108233,-0.01269008
-0.76170605,0.2174356
-0.59429854,-0.031252302
-0.64485574,0.5001737
0.062939905,-0.8465257
-0.7805531,0.26715478
-0.745064,0.39961818
-0.77787447,0.33565626
-0.6805351,-0.066518225
-0.642702,0.4474376
0.23010588,-0.90450525
-0.22059168,-0.37044024
-0.40563163,-0.07454208
-0.72010785,0.3216325
0.2627919,-0.89918566
-0.6804288,-0.05442463
0.23621784,-0.903833
-0.04096384,-0.57483673
-0.0642947,-0.59114265
0.24024473,-0.9037438
0.25714314,-0.90191764
-0.7887665,0.28755802
0.09559511,-0.8717391
-0.5972563,0.55341405
0.22591808,-0.9040646
-0.70801276,0.0680118
-0.0040860698,-0.7389499
-0.7581373,0.25553396
-0.7142269,0.22265361
-0.5528434,-0.2121424
-0.6605714,0.0644175
-0.25887492,-0.23327908
-0.022492243,-0.6325803
-0.07153254,-0.56865007
0.021708716,-0.80279213
-0.75917375,0.3695368
-0.7644429,0.2592228
-0.5877416,-0.12765792
-0.7699669,0.33765602
-0.7587819,0.2932972
0.22696006,-0.89877564
-0.69600827,0.1454484
-0.08154395,-0.46102825
0.17206414,-0.90043426
-0.66891074,0.05453233
-0.6076173,0.55236906
-0.64032984,0.13334961
-0.71516794,0.34625337
-0.55413926,0.14843334
-0.7621658,0.23995611
-0.6919497,0.46998253
0.22239012,-0.90461326
-0.75833535,0.31851414
-0.744033,0.13335003
-0.7238028,0.4093801
0.2448546,-0.90230113
0.25260562,-0.89990485
-0.60565025,0.5556436
-0.7004446,0.45213354
-0.6976897,0.13020791
-0.6244479,0.53742284
-0.77611494,0.31975618
-0.7982941,0.22165306
-0.624901,0.5427964
0.12745094,-0.8797281
-0.75045043,0.39561483
-0.2619379,-0.27845836
-0.25723484,-0.2504986
0.24018523,-0.90382195
0.24411659,-0.9024905
0.22103685,-0.9040085
0.090241954,-0.78358
-0.78366864,0.2806793
-0.7110095,0.39900854
0.21415718,-0.9014608
0.21157275,-0.9055853
-0.5989437,0.5527731
-0.048730657,-0.6762808
-0.71944714,0.39798045
-0.7764335,0.33657643
0.13335745,-0.88334596
0.11934564,-0.8722883
0.25587112,-0.90020114
0.20066072,-0.9068236
0.24235995,-0.90103644
-0.54916507,-0.009872893
0.19547513,-0.9052062
-0.7691882,0.28406385
-0.74280745,0.3859042
0.22818482,-0.9038272
-0.1750134,-0.4945649
-0.64220214,0.08976951
-0.71836764,0.41347262
-0.719542,0.4402443
-0.78302264,0.3340563
-0.7793909,0.36354303
-0.7783113,0.31940556
-0.6903223,0.02676828
-0.6289809,0.50878555
-0.77120125,0.36209136
-0.026540544,-0.557884
-0.683155,0.44346085
-0.122840285,-0.44380483
-0.74665385,0.3975919
0.2554431,-0.89915633
0.24111624,-0.8962741
-0.7873059,0.29984725
-0.75414085,0.35884717
-0.6135124,0.54356515
0.25183094,-0.8984864
-0.68321544,0.43382677
0.22689699,-0.90715635
-0.6725206,0.49186638
0.24505416,-0.9034043
-0.0531699,-0.64346635
0.2296613,-0.9029646
-0.719103,-0.023365235
-0.6285951,0.5149739
-0.1690995,-0.2805451
-0.09849618,-0.44772503
0.25981107,-0.9000846
-0.07812237,-0.48936537
-0.73462194,0.4179506
-0.7334744,0.41277763
-0.68129903,0.19285682
0.1887737,-0.89881426
-0.65663403,0.4248176
0.24491398,-0.90482825
0.21623228,-0.8987548
-0.55734634,-0.015935777
0.2089126,-0.90413886
0.23711306,-0.90602523
0.19965948,-0.9040116
-0.74254733,0.40742472
0.23121557,-0.90090656
0.25585076,-0.90230733
-0.67228454,0.46276176
-0.62388706,0.54563326
-0.14359163,-0.35523295
-0.5859575,0.5630638
-0.59655195,0.5566515
-0.7564801,0.18577659
0.23376693,-0.9034035
-0.740232,0.41987216
-0.04748743,-0.45899597
-0.69750464,0.42169672
-0.67151284,0.49408224
-0.62221485,0.5110115
0.23142937,-0.9038681
-0.718957,0.4093539
-0.60502404,0.5415124
0.10727839,-0.8669414
0.2507728,-0.9014278
-0.7939547,0.32058278
-0.7488484,0.3852185
-0.7336725,0.33731085
0.08992639,-0.85434526
-0.7580084,0.21440326
-0.11162668,-0.41077355
-0.5978735,0.55352837
-0.101462804,-0.6491748
-0.58663815,0.5683785
-0.6511945,0.5169394
-0.53093755,-0.08158294
-0.084413424,-0.5841974
-0.761914,0.3615067
-0.692138,0.4669819
-0.58663654,0.5639691
-0.7477691,0.39076313
-0.73935825,0.38799542
0.2591823,-0.89792544
-0.05020703,-0.61842364
-0.042863857,-0.50008714
-0.79113513,0.15251441
-0.7044558,0.45379755
-0.6113824,0.5432311
0.24418391,-0.90348685
0.2555627,-0.9003333
0.2043806,-0.9085215
0.22206646,-0.9049622
0.14552166,-0.8850045
0.2506375,-0.90104425
-0.7742606,0.29588208
-0.7383813,0.38538912
-0.7167405,0.44909146
-0.5779323,0.57757324
0.24572529,-0.90259486
0.175853,-0.890709
-0.68080425,0.4379236
-0.72236663,0.42771178
-0.63913846,0.5283427
-0.7601437,0.3620139
-0.5972574,0.54389554
0.25961223,-0.8988419
-0.12215939,-0.40107265
-0.62154,0.5287242
-0.69148695,0.47798422
-0.4504643,-0.1831462
-0.34104824,-0.2984595
0.15041244,-0.888649
-0.6803981,0.49249232
-0.10358462,-0.5896174
-0.6242019,0.35065505
0.25758585,-0.8963271
-0.75029266,0.3245798
-0.6844736,0.3677922
-0.07963129,-0.43664917
-0.76624966,0.2812956
0.098601855,-0.86271524
-0.759184,0.26904917
0.19905248,-0.90128475
-0.7160067,0.20079455
-0.704392,0.45581722
-0.78317326,0.26368988
0.24626692,-0.9031368
0.25064433,-0.89803684
-0.6103071,0.5461242
0.2615964,-0.90030736
0.15066095,-0.8924184
0.26033574,-0.90008014
0.044452775,-0.8253146
-0.75744385,0.12106803
-0.7684074,0.32652512
-0.7669541,0.33046517
-0.13718216,-0.41737634
-0.60762954,0.55497634
-0.7864371,0.28437668
-0.07210912,-0.5909824
0.24906929,-0.90035826
-0.77184445,0.31546932
-0.09582398,-0.5465734
0.24314463,-0.9032297
-0.7132193,0.4117575
-0.6081494,0.54571956
0.255454,-0.8988258
-0.71590596,0.32591
-0.5668335,0.49046192
0.090814754,-0.8475456
0.25784597,-0.89891666
0.22083555,-0.9059266
0.25691965,-0.89745224
-0.08532481,-0.47702354
0.24330203,-0.90256816
0.23397626,-0.90384346
-0.7097013,0.4365877
-0.3178527,0.11966223
0.029996237,-0.79294807
-0.7327991,0.41251343
-0.13561288,-0.52197796
0.20391892,-0.90280306
0.20887306,-0.9018235
-0.7890799,0.3153162
-0.1571363,-0.3916753
-0.004175831,-0.6536776
0.20599356,-0.90273863
0.096684486,-0.8398865
-0.7501764,0.23206028
0.22356653,-0.90416425
-0.6262931,0.51783836
0.23374063,-0.9008456
0.23052186,-0.9050789
-0.65486467,0.507851
-0.6599552,0.50741094
-0.69918734,0.3572686
-0.745913,0.39097956
-0.67067885,0.4909503
-0.74351776,0.39283675
0.15062296,-0.8899239
-0.14376669,-0.5758023
0.19141713,-0.89985967
0.23035465,-0.90310204
-0.10317437,-0.43810788
0.25173086,-0.9019578
-0.7136153,0.45230657
0.23867871,-0.900535
-0.57836044,0.55394256
-0.74707794,0.3577846
0.18647687,-0.89438176
-0.67021614,0.5006546
-0.031120028,-0.75124794
-0.63564634,-0.012312897
0.2643779,-0.8979829
0.10969039,-0.8342067
0.25885227,-0.89663297
0.24624567,-0.90018034
-0.78393775,0.3046738
-0.546755,0.019142218
-0.08074306,-0.47519425
-0.72231466,0.4249428
-0.7095255,0.41690928
-0.77020925,0.33167
-0.72564685,0.046542358
-0.53587717,-0.048725713
-0.21415088,-0.20474316
0.16168536,-0.8765591
-0.6103137,0.5547334
-0.7156957,0.43089876
-0.6435508,0.51702875
0.24975024,-0.8953711
0.24787854,-0.903001
-0.7249331,0.34997675
0.117356144,-0.86629856
0.17966194,-0.9031156
0.2456601,-0.902194
-0.6063776,0.5550619
-0.2063491,-0.24689989
-0.5873943,-0.09835427
-0.12859355,-0.3881741
-0.18268344,-0.36540192
-0.6042589,0.5520581
-0.10227131,-0.57011884
-0.7217547,0.3997122
-0.5321558,0.37148672
-0.70772123,0.42565575
0.24557519,-0.9030325
-0.6143958,0.5500727
-0.7682015,0.25578997
-0.7561835,0.36792755
0.26075307,-0.89839906
-0.71484196,0.44393253
-0.6211346,0.54072875
0.25507078,-0.8993588
-0.5346735,0.4668591
-0.081979126,-0.55739
-0.047938123,-0.6153398
0.2039507,-0.9073058
-0.6908953,0.4760832
0.23827058,-0.9001127
0.22885604,-0.9033934
-0.7505837,0.38119465
-0.07036121,-0.6904525
-0.73875856,0.41226068
-0.4583005,0.076084554
-0.7541126,0.25612774
0.22641505,-0.9054594
0.22914195,-0.9076716
0.23940164,-0.90185046
-0.78676593,0.32421842
-0.6179022,0.5476193
-0.7225477,0.36009043
0.25041798,-0.900227
-0.70045626,0.25713295
0.25957847,-0.8974026
-0.773952,0.2444671
0.21786721,-0.9045381
0.22334942,-0.9068801
-0.5793305,0.5698835
-0.58845484,0.56720895
-0.027101316,-0.74456054
0.26535833,-0.898227
-0.76687056,0.31432766
-0.625764,0.5353566
0.24244092,-0.9024828
-0.12694937,-0.47925994
0.19936961,-0.90429944
-0.7646205,0.35867494
0.2328982,-0.90048504
0.067439854,-0.8135482
0.21107616,-0.90390635
0.26313317,-0.8950373
-0.040814396,-0.53601044
-0.61420906,0.5431662
-0.52306014,-0.18624961
-0.5705755,-0.09680853
0.24397881,-0.9046316
0.19349705,-0.9067532
-0.10305709,-0.44113293
0.17434193,-0.8875999
-0.7635678,0.2671336
0.24471678,-0.900373
-0.7127146,0.45136848
0.25077623,-0.90145725
0.2657778,-0.8989922
-0.036231108,-0.65968645
0.2521354,-0.8988877
-0.07774101,-0.5017043
0.12493671,-0.87329197
0.23752534,-0.90296835
0.24338013,-0.90304905
-0.7482611,0.35286602
0.24244928,-0.90302914
-0.6088605,0.5461514
-0.62828094,0.5340069
0.23937249,-0.9038192
-0.7259948,0.42266876
0.23490345,-0.9009032
0.24578552,-0.89978737
-0.6152242,0.55857676
-0.779697,0.30416298
-0.75752276,0.30684587
0.118344955,-0.85314184
-0.6526741,0.49558073
-0.70025945,0.45637405
-0.67406136,0.49876598
-0.104381524,-0.45274237
-0.08176503,-0.59102964
-0.12986548,-0.41647983
-0.74919677,0.40643734
-0.7708858,0.21824057
0.22113661,-0.90138924
-0.14567149,-0.37005815
0.2136211,-0.9074587
-0.7613654,0.25180143
-0.7257325,0.38509402
0.23819853,-0.900728
0.19631435,-0.9058714
0.24770725,-0.8978951
-0.65356433,0.50459254
0.2193995,-0.90507084
-0.0044514313,-0.76138663
0.2253645,-0.9018278
-0.6322364,0.5358173
-0.7837772,0.27730066
0.10864195,-0.8833919
-0.14196348,-0.28950813
-0.60797703,0.547874
-0.729052,0.42438895
-0.6346015,0.5212906
-0.7745598,0.32340005
0.23691617,-0.9042544
-0.76470697,0.31055546
-0.7615372,0.32921436
-0.08550797,-0.3767156
-0.5606218,0.1745087
-0.060383324,-0.58762425
0.23790465,-0.90478975
0.1927293,-0.8966066
0.2134154,-0.9012336
-0.64892626,0.51718545
0.18173753,-0.9016566
0.23552115,-0.9030539
0.20508915,-0.90251786
0.24036956,-0.9003978
-0.74526495,0.35419184
-0.72042197,0.4482923
-0.048504174,-0.31104654
0.19769844,-0.9004409
-0.14708512,-0.4357247
-0.06608619,-0.5678098
-0.6043877,0.56725097
0.21454456,-0.90664107
-0.7856396,0.20767063
0.2228156,-0.9029058
0.18205279,-0.89180195
-0.6853998,0.4896713
0.038839154,-0.62607044
-0.7106082,0.44539654
-0.10495906,-0.48647994
0.23921564,-0.8968469
-0.76343733,0.20641288
0.26086453,-0.901693
-0.77523965,0.30511606
0.2116299,-0.9012858
-0.6224634,0.5362834
0.17518201,-0.8974624
0.20825298,-0.90231276
-0.19568577,-0.3544124
0.026688322,-0.8250256
-0.73645455,0.39916933
0.25772622,-0.8997364
0.19360095,-0.9007487
-0.041884746,-0.48075372
0.22851537,-0.90246785
-0.77734685,0.3368935
0.20828176,-0.9017655
0.21714905,-0.8901996
-0.046905547,-0.69323486
0.14928654,-0.87974393
0.20462045,-0.89738333
0.23719326,-0.9023508
0.24280486,-0.9021162
-0.60230625,0.5583447
-0.05535793,-0.5507956
0.24932593,-0.90077657
-0.60844636,0.5419228
-0.6154677,-0.04512508
-0.47977352,0.0250647
0.24592231,-0.90391725
0.2388508,-0.9011268
-0.7696386,0.35716936
-0.4559443,-0.01995016
-0.24233909,-0.32492802
-0.5669044,0.5296855
-0.61463296,0.5480432
0.25300702,-0.8968353
-0.73401827,0.38934562
0.23466952,-0.9036591
0.24534285,-0.9038347
-0.761248,0.3492331
-0.7747459,0.33625647
-0.17829086,-0.43660602
-0.59287167,0.5551415
-0.23787926,-0.304609
0.24431793,-0.9006587
0.23781244,-0.90175545
0.24285462,-0.9022897
-0.11491598,-0.46501327
-0.597577,0.5569329
-0.7819246,0.3202102
0.21128452,-0.9007803
-0.767689,0.32183275
0.23421967,-0.9028916
-0.77253884,0.3304949
-0.7717813,0.35782927
-0.7656639,0.3597312
-0.73868346,0.3218126
0.24812125,-0.903324
0.24343126,-0.9039446
-0.78868693,0.32113612
-0.059072793,-0.62844855
-0.12785351,-0.34989643
-0.109150745,-0.44306698
-0.7668795,0.23112477
0.21634196,-0.9004562
0.09270753,-0.86451924
-0.7621272,0.3216068
0.051686812,-0.80794585
0.23258342,-0.90180415
-0.12177687,-0.4583558
-0.0012979272,-0.5059893
-0.61009824,0.55349535
0.17687605,-0.88823575
-0.7107554,0.44818807
0.19154924,-0.9000756
-0.659266,0.4663663
-0.05734442,-0.45244572
-0.11194696,-0.438909
-0.62922776,-0.1485594
-0.6502063,0.510767
-0.02949574,-0.55202377
-0.798185,0.27754667
-0.13347103,-0.5108963
-0.79158217,0.3329501
0.22695322,-0.9060558
-0.6841435,0.4769291
0.24631488,-0.901143
0.18809384,-0.9032597
-0.74207115,0.34413445
-0.6019506,0.5603521
0.24988915,-0.90050226
-0.7386619,0.28506085
0.2452713,-0.9006015
0.23658757,-0.90423477
0.24524237,-0.9012914
-0.046149258,-0.68005306
-0.59684384,0.5622795
-0.40934756,0.011830717
-0.73009646,0.43277174
0.25236356,-0.8983497
-0.651114,0.044006176
-0.12053078,-0.4830904
-0.116911955,-0.3736096
-0.66594493,0.51615566
-0.76152045,0.32806033
0.2232296,-0.89392835
-0.7744332,0.1479266
-0.78126436,0.32211846
0.21417604,-0.9042667
0.23619223,-0.9046807
0.2397754,-0.8999284
-0.7228114,0.4302478
0.17080772,-0.8915921
0.24533992,-0.9002865
-0.77072614,0.22787775
-0.77951455,0.27424964
0.15152684,-0.8880835
-0.26562244,-0.29155985
-0.7666029,0.36544707
0.2552637,-0.90157
0.2316782,-0.9010694
-0.7320715,0.3764215
0.23966607,-0.90152824
0.22598952,-0.9057195
-0.19199473,-0.3585798
-0.78299505,0.31137022
-0.7756332,0.3229971
0.2455145,-0.9023892
0.14317992,-0.8871014
-0.6045043,0.4406575
0.18099838,-0.90666866
-0.6153927,0.5384219
0.24920723,-0.90104735
-0.67170215,0.04046313
0.18377973,-0.90669495
-0.49337614,0.0037830947
-0.019613601,-0.74199617
0.24556124,-0.90315914
-0.11529784,-0.48903114
-0.037710894,-0.70034206
-0.6092741,0.5388456
-0.6028716,0.5665734
-0.58940226,0.5140779
0.17517163,-0.90118027
-0.61833835,0.53978074
0.23054591,-0.90403885
0.24351063,-0.90217304
0.12941547,-0.88629764
0.21259934,-0.9074548
0.23211679,-0.90210056
-0.76949507,0.31039804
0.2434477,-0.9013192
0.1611097,-0.8954853
0.18934274,-0.8969962
-0.6005557,0.56561995
-0.719618,0.09367847
-0.7204658,0.43826804
0.2553627,-0.8984282
0.24161373,-0.90319633
0.24960917,-0.9022788
-0.6242878,0.5286839
-0.17576556,-0.33714297
0.21784227,-0.9039654
-0.09222989,-0.41336006
0.15141276,-0.89535487
0.23188147,-0.9029887
-0.7773357,0.21257588
-0.6987791,0.47465375
-0.69325197,0.47271726
0.24359883,-0.9018983
-0.5971008,0.542325
0.08834569,-0.84222627
-0.29675567,-0.20209798
0.23793305,-0.90488654
-0.68130535,-0.055991244
-0.040666886,-0.686237
-0.74995685,0.3873551
0.015607201,-0.58056754
-0.55770993,-0.12089798
0.13316807,-0.8723397
-0.10532698,-0.49437404
-0.20916411,-0.34380183
0.21486287,-0.9049906
-0.76209396,0.36258593
0.027400509,-0.7911427
-0.6261803,0.53013766
-0.708287,0.45681253
-0.7651479,0.36794907
0.24531594,-0.90160567
-0.6051256,0.5485099
-0.04469483,-0.6363965
0.2508937,-0.9014204
-0.68499833,0.47256625
0.25326428,-0.90219545
-0.73990965,0.3989753
-0.7550522,0.3821124
-0.09567577,-0.45748657
-0.63064766,0.5317658
-0.58511794,0.36762464
-0.18176909,-0.34822828
0.2648887,-0.89583117
0.10536566,-0.86551213
-0.71945745,0.0793063
-0.5971377,0.56348115
0.22251254,-0.9045519
-0.67069453,0.4596328
-0.027361099,-0.5826684
-0.7515696,0.38437736
-0.78001416,0.3456994
0.14756241,-0.8883359
-0.4842434,-0.17930458
-0.06056755,-0.53144765
0.2023088,-0.9027181
0.2314248,-0.90309894
0.22227694,-0.90584505
-0.68274105,0.48414117
-0.058731608,-0.60023594
-0.14463045,-0.42830637
-0.74626553,0.39468113
0.22200707,-0.90686446
0.24584492,-0.9026569
-0.694162,0.40428466
-0.7408898,0.35664755
-0.0748018,-0.61139363
0.25411105,-0.8997453
-0.7804854,0.32488978
-0.7764659,0.35048196
0.12550364,-0.87189054
0.20697463,-0.9039684
-0.49673012,0.44286132
-0.6401298,0.5296184
0.21105394,-0.8999526
-0.015460424,-0.5428378
0.23855622,-0.9025741
-0.77084166,0.3525299
-0.7086133,0.447317
-0.08161425,-0.6759701
0.16880736,-0.8869162
0.21253382,-0.90990824
-0.78014886,0.2629698
-0.060069468,-0.4835971
-0.046874676,-0.70659655
0.18693087,-0.9021598
-0.32888195,-0.16715816
-0.6152875,0.5495648
0.24034123,-0.9001395
-0.6614248,0.4921737
0.24060796,-0.9007229
0.2158047,-0.9007071
-0.6356431,-0.03918966
-0.58370936,0.56172687
-0.1429121,-0.33562016
-0.06272083,-0.62471765
-0.64770883,0.516782
0.18955491,-0.8952561
-0.7087599,0.2960917
0.0052629793,-0.6481591
-0.7617772,0.3806517
-0.6343491,-0.08249867
0.24253221,-0.9049536
-0.65724564,0.5065722
0.250376,-0.9000581
0.10047299,-0.8618787
0.25620592,-0.9013449
0.24786666,-0.89876384
0.2419224,-0.9024598
0.23753321,-0.90135694
0.113464475,-0.8380909
-0.72882444,0.39357796
0.22814332,-0.9044809
0.18052942,-0.9011083
-0.6119438,0.52447975
-0.7377283,0.40532982
-0.7877148,0.22518945
0.22527982,-0.9055701
0.19650416,-0.90466
-0.12351363,-0.55207485
-0.6460645,0.15321752
-0.7530647,0.28967392
0.24424364,-0.9009507
-0.7074911,0.24710356
0.22544013,-0.9011118
-0.78805226,0.28639832
0.22909763,-0.9037946
0.2237647,-0.89944553
-0.34658915,-0.26032326
-0.5643279,0.56360716
-0.6129769,0.51749694
-0.63556105,0.5374201
-0.14123948,-0.42258844
0.21787561,-0.9037116
0.23910746,-0.900068
0.0014054477,-0.7767575
0.23869568,-0.9057086
-0.7342239,0.41307274
-0.7171629,0.4010544
-0.6308533,0.5323299
-0.74753946,0.19600897
-0.7791194,0.3330393
0.12665734,-0.8624337
-0.13162938,-0.51395273
-0.7771672,0.3136784
0.24899608,-0.89861953
-0.7727172,0.28085813
-0.75870055,0.38679558
-0.7160617,0.43831727
0.22207326,-0.90687317
-0.621941,0.5351216
-0.7757741,0.34759274
-0.4183039,-0.06805767
-0.7558859,0.20006457
-0.62539285,0.53959084
-0.18538402,-0.33363235
-0.7868792,0.33645093
0.15939043,-0.8936583
-0.04436329,-0.6559972
-0.784111,0.28562987
0.24034292,-0.90040827
0.039808057,-0.8259279
0.21047437,-0.90511835
-0.7037656,0.38006747
-0.1384785,-0.18490136
-0.12073159,-0.49788693
-0.7733197,0.36164668
0.056364354,-0.82789624
-0.7655736,0.33736336
0.24372527,-0.90036815
-0.59258366,0.56848925
-0.108232506,-0.51922804
-0.7361382,0.3970844
-0.08408423,-0.40409732
0.23309833,-0.90489125
0.24085501,-0.9015982
0.2071869,-0.9023417
-0.73518914,0.4220293
-0.08572247,-0.42862856
-0.6886896,-0.11032804
-0.06425413,-0.48087463
-0.062991135,-0.41951734
-0.77102846,0.31191355
0.24899445,-0.9021785
0.24960881,-0.89926136
0.24361444,-0.89919883
0.25387403,-0.9020566
-5.4203127e-05,-0.7512788
-0.11292899,-0.4518734
-0.15874802,-0.2890763
0.12767985,-0.87576455
0.25745228,-0.89782804
-0.2530221,-0.24010886
-0.7781954,0.33853415
-0.7655266,0.33581164
-0.07805311,-0.620869
-0.77106535,0.29609454
0.25481167,-0.89988256
-0.6049031,0.54937756
-0.74629605,0.3933686
0.20623769,-0.8947472
-0.024244472,-0.54978555
-0.78324604,0.29315466
0.20533444,-0.9002234
-0.76128536,0.36944127
0.2389705,-0.90188473
-0.6726173,0.4448966
-0.14827614,-0.3287735
0.24824683,-0.90205926
-0.75785846,0.0806085
-0.78101015,0.26930732
0.24883105,-0.9001087
0.2542836,-0.89993966
-0.7465944,0.17115481
-0.7960436,0.22401284
-0.07111859,-0.5251694
-0.65648705,0.5094432
-0.75682276,0.36182022
0.2585712,-0.8994593
0.24360228,-0.9001595
0.25018832,-0.89975744
-0.76658314,0.36358282
-0.6108259,0.5566123
-0.12103767,-0.4212443
0.25724092,-0.9013782
-0.73627836,0.4165063
-0.73106074,0.41338784
-0.7278484,0.4166084
-0.6157281,0.024799783
-0.7561042,0.35235262
-0.69275135,0.25119463
0.22901782,-0.9041178
-0.038180377,-0.54199684
0.25345466,-0.902263
-0.5809081,0.56625795
-0.7627716,0.1622856
0.06209314,-0.69299734
0.24929121,-0.9018545
-0.63260424,0.5218214
-0.6836102,0.4473954
-0.59656715,0.56123775
0.1985935,-0.90268713
-0.54651153,0.27340657
0.23847517,-0.9015261
-0.77487326,0.2682847
-0.76893276,0.26731664
-0.1347392,-0.4147295
0.085803546,-0.8749063
0.20517297,-0.90170616
0.25519273,-0.899314
-0.68833786,-0.043030005
-0.6792251,0.4821472
-0.11709841,-0.484963
0.24850854,-0.9043788
-0.59618026,0.56456023
0.19055885,-0.8959555
0.046574693,-0.7942947
-0.7599703,0.28568026
0.235405,-0.90289754
0.25293186,-0.8989423
0.24032421,-0.9055837
-0.58567274,0.5479422
0.26346612,-0.89616656
-0.5795422,0.5702252
-0.7566057,0.3365383
-0.6160822,0.53387415
0.22582719,-0.88567567
0.12394538,-0.858464
-0.33936396,-0.1675664
-0.32684118,-0.3419064
-0.6877546,0.39387333
0.17341945,-0.9006312
-0.60639364,0.54155344
0.16492309,-0.89469105
-0.7882403,0.3065136
0.25191045,-0.901867
-0.7398844,0.40329522
0.12142916,-0.82728606
-0.7331888,0.4176948
-0.09464146,-0.39283884
0.20865367,-0.8997725
-0.67671806,0.08510787
0.17329186,-0.8921506
0.20142297,-0.90119636
0.23824854,-0.90024805
-0.7488146,0.3939831
0.25866917,-0.89848256
-0.7702791,0.2088592
-0.5807367,0.5583898
0.0842853,-0.7934535
-0.74660254,0.35648763
-0.61485124,0.5312802
0.19643939,-0.9064077
-0.7781374,0.2813995
-0.7074684,0.43935615
-0.030754754,-0.45832434
-0.73787504,0.24325313
-0.6535972,0.51572454
0.22600241,-0.9079851
-0.74690056,0.3608836
-0.047261287,-0.50276893
-0.78028977,0.30426148
-0.74769133,0.37078702
0.23455212,-0.9011312
0.07109321,-0.8349566
-0.7532055,0.3844655
0.2075841,-0.9048581
-0.5944289,0.5466834
0.15073156,-0.88343203
0.056175005,-0.73478085
-0.47899318,0.47039437
-0.7596462,0.38255706
-0.7088178,0.43413958
-0.7671521,0.3679452
-0.60413104,0.56311864
0.1786635,-0.8930615
0.24986242,-0.9015988
-0.7827576,0.16094941
0.11205134,-0.81750697
0.22645801,-0.9047462
-0.7062508,0.4577718
-0.06981736,-0.40234244
-0.059386987,-0.5155137
-0.03977954,-0.69310504
-0.2930879,-0.1889783
-0.62588423,0.5443726
-0.7286374,0.41310337
0.23453823,-0.90172267
0.25333288,-0.9031846
-0.7705325,0.30645347
-0.30591658,-0.23298603
-0.3899906,-0.08759032
0.24717674,-0.90175766
0.10669327,-0.87456316
-0.12537621,-0.47992402
-0.60238624,0.54505056
-0.59010226,0.575489
0.23186396,-0.9065885
0.2514998,-0.90310043
-0.6191807,0.5544815
-0.0831915,-0.47177342
-0.7120365,0.39123112
-0.71584284,0.40339473
-0.7072561,0.33947703
0.16537072,-0.8960311
0.22569963,-0.90330666
0.24147463,-0.90279084
0.24493787,-0.9024977
0.25285435,-0.9000526
-0.57456326,0.48224172
-0.7606634,0.34884456
0.23986971,-0.90248317
-0.7238304,0.41621545
-0.64943916,0.49707115
-0.15200454,-0.18389024
-0.7513457,0.38992015
0.23886703,-0.90143687
0.26101926,-0.89820546
-0.74078274,0.4074983
-0.1058848,-0.5047555
0.013380821,-0.5431206
-0.30404094,-0.27206728
0.21682553,-0.90642995
-0.6562135,0.5128938
-0.61894715,0.53960127
0.24211867,-0.90104085
-0.6725978,0.4985879
0.2564674,-0.89831316
0.22820832,-0.90455216
0.2599854,-0.89765614
-0.6021329,0.5524531
-0.08523991,-0.5262598
0.23819381,-0.90059155
-0.34700713,-0.15733713
-0.07573612,-0.40257293
-0.082222134,-0.73778903
-0.11768233,-0.44236818
-0.6634777,0.15891808
-0.097259805,-0.6423164
-0.03658128,-0.5193369
0.23434639,-0.90387917
-0.02222897,-0.4929267
0.20645504,-0.9071419
0.18214886,-0.8987324
0.22671853,-0.90300274
-0.77740335,0.36034936
-0.63589066,0.518428
0.14813459,-0.8918366
-0.022963956,-0.72819656
-0.67814136,0.49294007
-0.7577008,0.28629655
0.25085318,-0.8910729
0.1762944,-0.89112216
0.246979,-0.902665
-0.63171566,0.53537107
0.18116084,-0.8900876
-0.7085523,0.10625551
-0.6659003,0.50295764
-0.10045735,-0.33932877
-0.18719372,-0.3251485
-0.76529557,0.3430347
-0.6581155,0.5061468
-0.16069716,-0.20247443
0.026099881,-0.8033824
-0.6308357,0.5289875
-0.7098626,0.44456267
0.26756728,-0.893817
-0.621894,0.5322814
-0.65000296,0.49395987
0.21833618,-0.9070587
0.19886436,-0.9088769
-0.109206654,-0.403346
-0.6756649,0.4912531
-0.6683645,0.4950456
0.19020164,-0.90040773
0.18014914,-0.8332843
0.1762293,-0.84898657
0.24302395,-0.9025032
-0.285953,-0.3376022
-0.03362072,-0.58770347
-0.7365644,0.1835025
-0.57926464,0.51812154
-0.7494842,0.37410337
-0.76076156,0.29376638
0.24934398,-0.9030055
-0.107070126,-0.47599465
0.2547444,-0.90032715
-0.75598997,0.3728564
0.052786976,-0.82721716
-0.69802344,-0.019560738
0.25957665,-0.89818054
0.23089845,-0.9039066
0.24140003,-0.90106213
-0.418976,-0.21168762
-0.7425705,0.3796079
0.2637461,-0.8985267
-0.76163673,0.3542795
-0.72851723,0.35677505
0.26391894,-0.89499265
-0.6275856,0.515019
-0.59411556,0.5469863
-0.73496485,0.41539648
-0.07914222,-0.40794393
-0.66784334,0.49811473
-0.5886075,0.54636574
0.23084456,-0.9031979
-0.30786952,-0.19735314
0.21136017,-0.90273356
0.067442164,-0.8573004
-0.5215753,-0.16645165
-0.59579605,0.5287643
-0.6249578,0.45166436
0.15713869,-0.88567865
-0.68709534,0.47340852
0.23493631,-0.9019562
0.05846791,-0.85428625
-0.606837,0.55783
0.25177205,-0.9010283
-0.6400231,0.52415615
-0.079446755,-0.5686207
-0.10838449,-0.60794836
-0.7779433,0.23733366
-0.7552054,0.3817308
0.25407887,-0.8999907
0.18780325,-0.89609724
-0.76034814,0.3702863
-0.6537475,0.5200885
-0.7632129,0.2669609
-0.24025041,-0.10881465
0.18575752,-0.8975558
0.15906852,-0.8962896
0.24128237,-0.9013518
0.2494733,-0.9018739
-0.09094477,-0.47492737
-0.1835103,-0.38905796
-0.028051125,-0.71473324
-0.55953383,0.23289853
-0.6066608,0.5438939
0.2427444,-0.9033374
-0.77172613,0.35763204
0.2323009,-0.90712744
0.24035019,-0.9050948
-0.75150776,0.2902967
-0.006352791,-0.7972366
-0.7430389,0.40522885
-0.69466615,0.4696268
0.25570443,-0.9007357
-0.7748299,0.23116933
0.0049758707,-0.70022297
0.22693826,-0.9033215
-0.602676,0.54961497
-0.6288057,0.5336301
-0.10466056,-0.46476912
0.23707645,-0.90425205
-0.7066536,0.10602132
0.25111604,-0.9015647
-0.7733131,0.34241632
-0.15314214,-0.47083223
0.15508308,-0.8912564
-0.7105028,0.08385358
-0.7057181,0.2134853
0.23914021,-0.9036775
-0.0837965,-0.55122435
0.2545316,-0.90067667
0.21773416,-0.9014499
-0.03902051,-0.54320097
-0.7710039,0.28891638
0.06117479,-0.8376189
-0.679561,0.48944455
-0.1703152,-0.5710514
-0.6401799,-0.059977025
0.23423077,-0.8997289
0.23488213,-0.90188664
0.21656291,-0.9038004
-0.09173097,-0.62650776
0.2381153,-0.9045744
-0.63141066,0.52980334
0.22990045,-0.90415376
0.22964394,-0.9007644
0.076772936,-0.8481967
-0.07362072,-0.66924524
-0.081229225,-0.56281203
0.18773338,-0.9024797
-0.6104455,0.5451442
0.24113806,-0.9028675
-0.78217125,0.26706287
-0.69794136,0.01917038
0.24374689,-0.9014188
0.24453138,-0.90100497
-0.68141794,0.059700716
0.016433893,-0.77590084
-0.72645056,0.31455883
-0.6244636,0.54367536
-0.13549766,-0.39458492
-0.74904895,0.11324633
-0.74895585,0.38355234
-0.73738515,0.41476613
-0.7709582,0.3283728
0.23936632,-0.90225345
-0.609932,0.5502087
-0.05863429,-0.649018
-0.7062679,0.45667228
-0.8008322,0.2108798
-0.72425556,0.4316707
-0.014042818,-0.73153955
-0.7307657,0.41744187
-0.6023429,0.55758435
0.24668142,-0.9007015
-0.73600495,0.122271
-0.57922393,0.56196564
-0.6636838,0.3512026
-0.77529573,0.3590842
0.17954248,-0.8970515
-0.2955821,-0.15899093
0.2053127,-0.8973538
0.2557773,-0.8981939
-0.6681097,0.08982853
0.24402457,-0.9037119
0.2310068,-0.9038034
0.18200533,-0.89799535
0.19943896,-0.8989397
0.18112826,-0.89522254
-0.77059406,0.23557094
-0.1344213,-0.47941262
-0.72854453,0.39829013
-0.5938652,0.56670487
0.1803577,-0.89586353
0.18538184,-0.8976392
-0.027975352,-0.75435734
-0.026622446,-0.39627492
0.25144595,-0.8992637
0.20731233,-0.905301
0.21500379,-0.9067918
-0.7490591,0.39701778
-0.8026897,0.25679678
0.23334472,-0.90428966
-0.10565766,-0.48532358
0.25418967,-0.89943564
0.2004022,-0.898674
0.2514312,-0.9009668
0.24344334,-0.904061
-0.6197179,0.5429111
-0.09523415,-0.4981534
0.14951734,-0.9003766
0.21833175,-0.90116745
-0.10303064,-0.42633924
0.1630285,-0.8688548
0.17662205,-0.8947487
0.24520136,-0.9014292
0.19693995,-0.9015032
-0.52234536,-0.07278618
0.26403284,-0.9002715
-0.20334849,-0.2584412
-0.7393736,0.2608409
-0.6714542,0.49261177
0.2462925,-0.90190417
0.22063068,-0.9041902
0.23372498,-0.9044832
0.13900442,-0.8744417
0.18795875,-0.8970735
-0.7221443,0.42501566
-0.7160517,0.42550164
-0.6181494,0.54991853
-0.22361079,-0.41436508
-0.768742,0.3349542
-0.7270767,0.4300673
0.20435213,-0.9091428
0.25437608,-0.90044606
0.106780194,-0.8593299
0.23154189,-0.9063766
-0.6835942,-0.0680277
-0.6257495,0.54131055
0.22289991,-0.90804416
-0.7523524,0.2448484
0.2283366,-0.9034308
-0.6560206,0.51539004
0.22524142,-0.90669245
0.19816984,-0.90600336
0.24193041,-0.9002789
0.23559408,-0.90505165
-0.58424187,0.56524
0.2180486,-0.9047919
-0.3763708,-0.20656471
0.23983304,-0.9046311
-0.15264331,-0.42080837
-0.7045088,0.4566268
-0.64107406,0.52458537
-0.779805,0.32111776
-0.63374954,0.08402784
0.028552102,-0.8158582
-0.2885045,-0.29345578
0.25144252,-0.9021618
0.23902617,-0.9031556
0.20159574,-0.90495497
-0.085613474,-0.5674733
0.21029457,-0.9037132
-0.6364063,0.5199403
0.2447899,-0.8995894
-0.23935053,-0.15730025
-0.6658907,0.4877325
0.21450923,-0.9078416
-0.75884604,0.37122908
0.25682357,-0.8986386
-0.6186109,0.50317806
-0.64198834,0.52309567
-0.78553873,0.3270199
-0.7633571,0.34866884
0.26880577,-0.8950906
-0.7306709,0.42315286
-0.05970112,-0.5342549
0.23816855,-0.9023448
-0.7581452,0.37838337
-0.11652686,-0.5662287
-0.096753724,-0.48628742
-0.0086611975,-0.54750836
-0.6081329,0.5514043
-0.5843993,0.5673863
-0.78685975,0.23743597
-0.6132721,0.54133457
-0.0060883104,-0.6113919
0.24949138,-0.89990807
0.25242743,-0.9006336
-0.75244784,0.27089676
0.25152278,-0.9009018
0.23339193,-0.9039944
-0.7824122,0.3405198
-0.7654149,0.2631206
-0.7411785,0.19985364
0.18596074,-0.9047723
0.269072,-0.8958131
-0.024832759,-0.53738755
-0.073315255,-0.48988292
0.056529023,-0.7988895
0.24156426,-0.9028269
-0.6418699,0.527435
-0.108830065,-0.5793165
-0.6773513,0.46719992
0.15308589,-0.8782935
0.18369924,-0.9037318
-0.6936528,-0.04121489
-0.14176731,-0.47736412
0.2465659,-0.90266883
-0.7689137,0.36213556
-0.7539201,0.0022634075
0.19904217,-0.9057743
-0.07576658,-0.6083594
0.08772753,-0.8680438
-0.77127886,0.31957036
-0.78021425,0.32275215
0.23047517,-0.9025075
0.24070533,-0.901662
0.20903447,-0.90285856
0.24354385,-0.904231
-0.6063972,0.5499526
0.25839815,-0.90069884
-0.08768693,-0.5932605
-0.5024963,0.1881895
0.13959499,-0.8754974
-0.7943845,0.29817414
0.19871956,-0.9003562
-0.5818723,-0.007531231
0.022910362,-0.7747593
0.24222195,-0.90258956
-0.17241102,-0.41214815
0.23738216,-0.9039393
0.106754035,-0.8740991
-0.7912685,0.29103056
-0.7459882,0.38526374
-0.6240587,0.5241223
-0.7031571,0.10521686
0.22036009,-0.9070738
0.25605953,-0.89929414
-0.6138297,0.53562665
-0.63686633,0.52922755
-0.7690966,0.26510614
0.22088195,-0.90384936
0.023630325,-0.805106
0.22488435,-0.9051079
-0.7636603,0.17449933
-0.633146,0.5193796
0.11672418,-0.8621458
0.20952602,-0.9014122
-0.64254177,0.518881
-0.74068695,0.39669326
-0.6809328,0.4800102
-0.72757035,0.41631395
-0.7729937,0.34401676
-0.22251973,-0.31443623
-0.61901754,0.53654253
-0.7004486,0.09159874
0.09054476,-0.87994397
-0.64867586,0.49994144
0.20092936,-0.9036381
-0.6171852,0.4499994
-0.77206415,0.18050684
-0.67080075,0.49761358
0.22175296,-0.90575135
-0.09479396,-0.45393124
-0.77386343,0.3044796
0.24176782,-0.90170205
-0.3093783,-0.2778342
0.21940719,-0.9013189
-0.74971956,0.3561237
-0.6989127,0.4488147
-0.63455456,0.53587574
-0.6680687,0.50437045
-0.6996401,0.10273869
-0.55270314,0.58340883
-0.42110336,0.08863201
-0.2432558,-0.3516707
-0.6322689,0.5224575
-0.7259992,0.4284048
-0.71914536,0.4441273
-0.03728654,-0.60283655
-0.70238835,0.46410346
-0.26671934,-0.29108512
0.24509452,-0.90360737
-0.70603895,0.45236495
-0.7674036,0.32227358
0.24074216,-0.8956079
0.055984236,-0.8190115
-0.6122149,0.5510235
0.23569661,-0.900981
0.20138998,-0.8971546
0.08548706,-0.86450934
0.22814031,-0.9008831
0.242128,-0.90406036
-0.6905336,0.47906774
0.23871526,-0.90321594
-0.72238547,0.3802793
-0.7215693,0.42646882
0.2160773,-0.8984363
-0.010758159,-0.7190057
-0.6169174,-0.09049175
-0.07115497,-0.44866693
-0.776817,0.3457311
0.11588454,-0.8633469
-0.73293257,0.42685053
0.21273884,-0.90489143
-0.5574973,-0.09904563
0.22885989,-0.9069883
-0.75450253,0.3765353
0.1946185,-0.90562236
-0.67563325,0.26737058
0.23178488,-0.9023735
0.25371227,-0.9015287
0.2378717,-0.90218574
0.18190233,-0.8997241
-0.68340755,0.47920704
0.25219542,-0.8992567
0.21797763,-0.9018931
0.2331979,-0.8998262
0.23744442,-0.90287745
-0.56372225,-0.0910958
0.21519966,-0.90444165
0.20255433,-0.89436024
-0.16877392,-0.5186775
0.22541365,-0.90790915
-0.07797526,-0.38762453
0.27152902,-0.8947257
-0.14367647,-0.45672673
-0.51534957,-0.19826856
0.22889322,-0.905507
-0.09991555,-0.36111718
-0.78201896,0.32899556
-0.7509729,0.3871555
-0.7688739,0.3080017
-0.114959516,-0.50667
-0.5994463,0.5414814
0.23421577,-0.90517
0.2498913,-0.8992698
-0.086079836,-0.45958441
-0.04281973,-0.6104579
-0.73685825,0.40400064
0.23863114,-0.90294266
-0.11955729,-0.6463187
0.24997522,-0.9016996
0.22774212,-0.9060268
0.25183713,-0.89996785
0.19483647,-0.9045329
-0.69619244,0.018180149
-0.09720057,-0.41610143
0.21561278,-0.90630937
0.053864613,-0.7869492
-0.78818595,0.33892637
0.0950477,-0.85245705
-0.7230166,0.4202972
-0.03310113,-0.5183489
0.23636399,-0.90416384
0.25902033,-0.8983249
-0.772787,0.35839903
0.06075029,-0.840018
-0.61518854,0.5404522
-0.7048877,0.4441009
0.11187116,-0.87397414
-0.7501969,0.17043288
-0.6056685,0.5397557
0.23694102,-0.9022202
-0.75276697,0.38819414
-0.7241221,0.43849844
-0.650731,-0.011150465
0.20991182,-0.90114474
-0.78704095,0.15839626
-0.65740484,0.42180663
0.2247213,-0.9025724
0.2388411,-0.9046966
-0.6956328,-0.17897503
-0.6574837,0.46876636
0.2458412,-0.9023795
-0.66365117,0.5076407
-0.65148467,0.51652306
-0.75206125,0.25686044
-0.6714197,0.49779347
-0.6173467,0.54588497
-0.72817534,0.41466227
-0.7720787,0.28607008
-0.6227991,0.53386974
-0.69388574,0.42205295
0.2223801,-0.9033181
-0.6475783,0.49624148
-0.10105755,-0.45738438
0.25620052,-0.90090954
-0.76622003,0.3774699
0.21690105,-0.90622365
-0.7248811,-0.0006985133
-0.6415321,0.5210459
-0.58733034,0.55725354
-0.742038,0.37335205
0.25991675,-0.89884883
-0.05191586,-0.5722529
0.2323728,-0.90269804
-0.65364254,0.25429034
0.2343994,-0.90317297
-0.6627927,0.46276295
0.18862914,-0.8960065
0.23339893,-0.9017078
-0.7550278,0.2268443
-0.76118886,0.36952794
0.21781091,-0.9016557
0.17098111,-0.8960703
-0.62044317,0.5373652
-0.76583415,0.24425378
-0.7411819,0.4122902
0.24644184,-0.89852476
0.21060435,-0.9043885
-0.06389096,-0.5956958
-0.114262044,-0.6048966
-0.75271606,0.15522243
0.20101543,-0.9001584
0.23907563,-0.8997741
-0.6064434,0.55422395
-0.6953423,0.06436793
-0.58263946,-0.1425524
-0.060867004,-0.60541385
-0.7797339,0.30415228
0.23166499,-0.9039148
-0.2391276,-0.42035243
0.2171131,-0.8996397
-0.5746082,0.311112
0.07451056,-0.8444205
0.19731234,-0.8961874
0.24783532,-0.89785355
-0.7295758,0.0914116
0.2580758,-0.89835894
-0.75882226,0.34816417
0.2241439,-0.9050986
-0.7579352,0.31661204
-0.6304522,0.5280724
0.25081053,-0.9020661
0.21577403,-0.9061001
-0.6747695,0.4948101
-0.68819636,0.4749543
-0.5841535,-0.115647435
-0.605683,-0.08391726
-0.70508504,0.46268958
0.25745517,-0.89994663
0.23703052,-0.90536714
0.19721666,-0.89582694
0.23338552,-0.9072669
0.25175157,-0.90284544
-0.62094545,0.53084564
0.25091138,-0.90179116
-0.6162796,0.53619766
0.2519559,-0.90300804
-0.77284306,0.19596161
0.24909824,-0.8977583
0.13454552,-0.87299645
0.043172214,-0.8263661
-0.7176319,0.40622512
0.20252441,-0.9015751
0.25749227,-0.8986544
-0.18692678,-0.35991338
-0.63164276,0.06424362
-0.6870011,0.46916842
-0.7624804,0.35904464
0.2584361,-0.90061414
0.24984589,-0.8949448
-0.046888035,-0.6204603
-0.6331686,0.5288535
-0.62183726,0.5359294
-0.7094063,0.2874691
0.20015569,-0.9004924
0.24225052,-0.9037955
-0.6737044,0.49503785
-0.30627993,-0.11730342
0.15514667,-0.90610236
0.24124055,-0.90540934
-0.74372715,0.17582113
-0.65641767,0.5073918
-0.100912675,-0.72009593
0.23511972,-0.9042312
0.24925424,-0.9034383
0.216984,-0.8991604
0.0079990635,-0.6619873
-0.010790187,-0.72852933
-0.05464064,-0.7050262
-0.49935153,-0.23514831
-0.04498243,-0.38924715
-0.12234886,-0.36135584
0.20593366,-0.9017832
0.19498083,-0.90187967
0.07421539,-0.8368586
0.24997032,-0.9053717
-0.75660694,0.34140027
0.23238654,-0.90277463
-0.14175312,-0.6707716
0.25815833,-0.8977327
-0.23733516,-0.28615394
0.22205079,-0.90599674
-0.78263235,0.30377343
-0.59805644,0.54680675
-0.58069533,0.5403661
-0.7836964,0.267873
0.01817394,-0.7752215
-0.7568321,0.37420818
-0.76471895,0.18804304
0.2123711,-0.9042198
0.23318,-0.90314186
-0.052649304,-0.6096241
-0.7386908,0.14557672
0.19676168,-0.9079907
-0.728503,0.40317565
-0.64538753,-0.062362794
-0.7559954,0.3545395
-0.6056168,0.5575211
0.22798456,-0.9054106
-0.2079086,-0.25915134
0.21474059,-0.9025775
-0.59304637,0.561846
-0.101800844,-0.5676501
-0.6571563,0.5095913
-0.75634885,0.25060683
-0.19470876,-0.29579133
-0.08140719,-0.4455744
-0.74979365,0.1604811
-0.70377517,0.45285293
0.25653085,-0.89907265
-0.59912944,0.5622799
0.25597975,-0.90038687
-0.5381731,0.044608656
0.2411837,-0.90358645
-0.15602764,-0.40603808
0.23183265,-0.9042943
-0.7709818,0.3483527
-0.6144294,0.5450567
-0.7768471,0.28489974
0.26070434,-0.8982057
-0.6546796,0.5079579
-0.10121955,-0.4237452
-0.05208562,-0.6906389
0.19028366,-0.89774233
-0.7749522,0.3404391
-0.7863984,0.18913394
-0.5230619,-0.012913839
-0.7952582,0.2537991
-0.78229564,0.30351844
-0.4608916,-0.26424295
0.18282916,-0.8995599
-0.6840041,0.45658052
-0.61878914,0.5368545
-0.6955522,0.47965854
-0.7220163,0.17111547
-0.6910532,0.46768877
0.18519141,-0.8993386
0.1645182,-0.87502784
-0.12449893,-0.4038208
-0.76599985,0.34943795
-0.08050518,-0.6342759
-0.7745803,0.34656262
-0.7649399,0.37880796
0.23443797,-0.9006051
0.01880751,-0.7675936
0.23522227,-0.904147
-0.7252747,0.3998181
-0.14195842,-0.42325735
-0.60352874,0.56210685
-0.73596936,0.41435272
-0.029965645,-0.7637035
-0.5665836,0.5570461
-0.31425214,-0.33092734
-0.5194468,-0.09921157
-0.21655117,-0.28451937
-0.49848145,-0.22771147
-0.7579387,0.24469274
0.24752274,-0.90322167
-0.6083347,0.54881895
-0.15887137,-0.56132036
-0.7358394,0.42045292
0.23404379,-0.9037781
-0.7044034,0.44637224
-0.28613207,-0.26484782
-0.7360017,0.32242477
-0.63776726,0.51990324
-0.12726457,-0.3337675
0.08684668,-0.78591895
0.24346268,-0.9002095
-0.618022,0.5365477
0.23888005,-0.9020995
-0.21941762,-0.29991677
-0.48710385,-0.14518768
0.25730637,-0.898986
0.21237586,-0.9076708
0.19811617,-0.9023617
0.21895432,-0.9003088
-0.19114032,-0.33535656
0.23987657,-0.9039264
-0.59633976,0.5667931
0.18088895,-0.9031065
-0.39175382,-0.13960667
-0.78359085,0.3095221
-0.62501544,0.5419529
-0.7215332,0.42638394
0.23185948,-0.9005169
0.13970466,-0.8914011
-0.68234116,0.48655012
-0.007645948,-0.58379364
-0.6203911,0.5379645
0.19961727,-0.9048907
-0.044462234,-0.7359847
-0.022694247,-0.7732482
0.23647979,-0.9026919
0.23765,-0.9033226
-0.6030402,0.55940646
-0.1383391,-0.50382113
0.24414475,-0.90354127
-0.72631633,0.43576485
-0.5951115,0.55993253
-0.020433865,-0.64058214
-0.037511874,-0.61915994
0.06383078,-0.82297885
-0.07128501,-0.7255627
-0.5414382,-0.1692119
0.23068897,-0.9025669
-0.78479624,0.2921455
-0.65139884,0.49595156
-0.77641815,0.3196959
0.24838339,-0.9006091
0.0040538115,-0.76451206
-0.081192024,-0.32780826
-0.76370734,0.35215175
0.23028237,-0.89875084
-0.42377022,-0.053755373
0.09480445,-0.81783354
-0.61215967,0.53676546
-0.76138216,0.29195538
0.1627455,-0.8818475
-0.6212192,0.5387802
0.25910234,-0.90055
-0.42203593,-0.11907687
-0.6645073,0.50005466
0.2242611,-0.9052544
-0.7392898,0.41247284
-0.74982685,0.35650244
-0.6784825,0.4844294
-0.7254767,0.43033874
-0.37320277,-0.23839281
0.22943203,-0.9017044
-0.77315897,0.35317668
-0.096538246,-0.5010404
-0.7242332,0.37062573
0.10512181,-0.8747134
0.014948165,-0.7646137
-0.7225354,0.41043708
0.20700587,-0.89812976
0.2470467,-0.9013752
0.23971528,-0.9019266
0.22169167,-0.9057019
-0.6938177,0.4668289
0.22085693,-0.90321517
-0.13554323,-0.47745413
-0.5288724,-0.04119142
-0.60340214,-0.011689532
-0.72118556,0.42603594
-0.48747012,-0.19719097
-0.6803455,0.46750546
-0.77466226,0.17776221
-0.74196756,0.12544033
-0.7603229,0.36187032
-0.58811045,0.55978876
0.2050518,-0.89966416
-0.649372,0.51769096
0.24360111,-0.90336174
-0.77168965,0.32089153
-0.70665115,0.28297332
-0.67605454,0.48139495
-0.7722792,0.27223778
-0.7037034,0.38802624
-0.779424,0.29758736
0.23541862,-0.9027951
0.24911822,-0.8997749
-0.6410294,0.51358855
0.2385114,-0.9025391
0.2315456,-0.9042136
-0.7775572,0.32700026
0.17906326,-0.9033585
0.18265446,-0.8997651
-0.06026797,-0.53386825
-0.1812376,-0.39147803
0.23198795,-0.905027
-0.38984463,-0.17910503
-0.15695336,-0.4192274
-0.019376233,-0.73266786
-0.7126459,0.42865852
0.19162358,-0.90415
0.20884678,-0.90676886
-0.63315475,0.5154411
-0.7676095,0.2670048
-0.12266642,-0.32931435
-0.7516255,0.39182386
-0.6078552,0.5594204
0.077743575,-0.81467974
-0.72023886,0.42704713
-0.77729845,0.27090648
-0.02514726,-0.55063444
0.20451209,-0.90455884
-0.7847326,0.30870676
0.22696596,-0.9034814
-0.69646,0.05988129
0.2544043,-0.901
-0.11355649,-0.49329233
-0.15077436,-0.42589498
-0.5947531,0.5638704
0.24936642,-0.90161437
-0.2980076,-0.17809808
0.09736439,-0.781493
-0.5815073,0.5649972
-0.6246716,0.5457509
-0.5453894,0.07707058
0.24385591,-0.90008056
-0.7185394,0.012653141
-0.64101505,0.5353505
-0.5927228,0.56602967
0.22602323,-0.89780104
0.19373575,-0.88677305
-0.7632624,0.3790425
0.21284902,-0.90313125
-0.5863217,0.56850797
-0.012768396,-0.70625556
0.108111314,-0.877541
-0.76087093,0.20331953
-0.7677897,0.32051483
-0.74680704,0.32024843
-0.7805842,0.3435216
-0.12295643,-0.5357495
0.22294314,-0.90267134
-0.72533214,0.42020437
-0.7426483,0.4022559
-0.06631838,-0.39573094
-0.11463898,-0.45858207
-0.6113523,0.546644
-0.748608,0.33831182
-0.63909227,0.51366264
-0.6397543,-0.026447859
-0.007646958,-0.5580163
0.18295644,-0.89403486
-0.61378825,0.5417678
-0.072317965,-0.5682161
-0.6089683,0.5432431
-0.6398747,0.5304582
0.05546264,-0.8126537
-0.33129266,-0.25114793
0.26166055,-0.9007589
-0.7867001,0.3247265
-0.15169892,-0.21487764
0.21945234,-0.9062676
-0.6232301,0.51122904
-0.46742484,-0.13510975
-0.59085345,0.5492469
-0.5928505,0.55716604
-0.02482258,-0.6227864
-0.78564715,0.28692532
-0.65358025,-0.06311252
-0.6015463,0.55371934
-0.014413397,-0.66272885
0.2645087,-0.89740366
-0.61660326,0.54205513
0.24814852,-0.90067345
-0.6448904,0.04163314
-0.06114775,-0.5277071
-0.71516657,0.44886896
-0.23840244,-0.3597713
-0.5865848,0.08479566
-0.77175695,0.07164061
-0.755057,0.40383127
0.24772434,-0.9007299
-0.07781168,-0.643144
-0.74557036,0.11883928
-0.09877392,-0.51186496
-0.054322146,-0.63530993
-0.7052605,0.39751694
0.24082255,-0.9076011
0.23606731,-0.9020878
-0.15257908,-0.4307565
0.19849992,-0.8927864
-0.7882144,0.267829
-0.77593166,0.3384142
-0.71360576,0.45410258
0.24528062,-0.90193605
-0.762787,0.331368
0.19550838,-0.9068841
0.24600299,-0.9013811
0.25113598,-0.8996165
-0.57982653,0.55208266
-0.11492365,-0.489819
0.2586565,-0.8992139
-0.61635464,0.546599
0.25072926,-0.9019791
-0.7592498,0.36741993
-0.1341579,-0.40147063
-0.69138294,-0.017474733
-0.6355381,-0.007637309
-0.75003946,0.3304717
-0.13801768,-0.4226021
-0.28359854,-0.08029797
-0.7698504,0.30563825
-0.7385014,0.22526485
-0.6522894,0.35319155
0.24365641,-0.902589
-0.093186885,-0.57625604
-0.5665328,0.5733039
-0.7803726,0.21270569
-0.6535513,0.5174483
-0.043404337,-0.52921057
-0.71106315,0.41883868
-0.68613726,0.4472484
-0.6550206,0.5083975
-0.6076284,0.5579576
0.2054124,-0.9042081
-0.13514304,-0.50977314
-0.74450773,0.39728156
-0.76765907,0.32850266
0.22466694,-0.90722156
0.26265156,-0.89769745
-0.7457142,0.3593102
-0.5845646,0.5643517
-0.7173231,0.1149534
-0.62441975,0.53803927
0.1837441,-0.9020285
-0.47935492,-0.07231564
-0.6834595,0.4745903
-0.71453595,0.01904937
-0.78273356,0.10350511
-0.57200915,-0.16251291
-0.4851789,-0.13668516
0.0758024,-0.84689057
0.2434701,-0.9016695
-0.05299254,-0.46825334
-0.76504993,0.35649094
-0.021194864,-0.6214707
-0.1233771,-0.41675878
-0.5224734,-0.1428229
-0.052575145,-0.5171591
-0.7424859,0.031613335
0.2249253,-0.9065335
0.22224984,-0.9015097
-0.09318842,-0.34404024
-0.038676016,-0.70964146
-0.64204013,-0.0010370216
-0.1353906,-0.44356036
0.23590149,-0.9039239
-0.76077676,0.3900943
-0.6030254,0.5559393
-0.7390621,0.3880306
-0.73087496,-0.00840493
-0.6759769,-0.11601691
-0.76539797,0.35555097
-0.06922682,-0.5127783
-0.6313964,0.53396165
-0.6035301,-0.06809183
-0.6346967,0.5296979
-0.60664445,0.5509799
-0.642768,0.5125212
0.12220481,-0.880556
-0.7909364,0.28495535
-0.28915167,-0.09600244
-0.09112545,-0.5086049
-0.63752675,0.52703506
0.0770451,-0.85324806
0.24062859,-0.9003181
-0.084532395,-0.41489425
-0.06888622,-0.56018806
0.1838378,-0.9002181
-0.13397282,-0.37286946
-0.7802695,0.32469493
-0.0544203,-0.5099096
0.18765447,-0.8982428
-0.070087336,-0.49209633
0.23787211,-0.90592635
0.25046122,-0.8999616
0.21305166,-0.89938337
-0.6561058,0.5101335
-0.6055304,0.5523156
-0.78031397,0.22268721
0.25341797,-0.90179044
0.23363149,-0.9051402
0.03964119,-0.6681906
-0.7420615,0.34841314
0.20914291,-0.9031235
0.012967904,-0.6254566
-0.16632055,-0.38494503
-0.12406624,-0.6033812
-0.6001798,0.55149066
0.2250236,-0.9012907
0.16867486,-0.90001035
-0.16412088,-0.55830455
-0.06255546,-0.45142138
-0.19170785,-0.43114978
-0.6300706,0.53046477
-0.7704079,0.26304814
-0.6648437,0.045941986
-0.58135,0.5563909
-0.6045882,0.55778533
0.24919507,-0.90025884
-0.7386154,0.39868283
-0.72143126,0.43946132
-0.17269574,-0.4507831
0.26057214,-0.8971761
0.23624948,-0.90135074
-0.32025328,-0.31456754
-0.59818906,0.54558265
-0.78953916,0.28855613
0.11996278,-0.84371436
-0.7393377,0.4069829
-0.7597737,0.0922811
-0.74880916,0.38092357
-0.76935256,0.35102767
0.22859332,-0.8987816
-0.06293229,-0.45883745
-0.58624226,0.5592762
-0.67431325,0.4973462
-0.7035855,0.4510389
-0.7854225,0.112317406
-0.70717096,0.4429274
0.019895395,-0.79246205
-0.7335136,0.38992682
-0.17572959,-0.3393476
0.21286944,-0.9035294
-0.02139799,-0.7317678
-0.06203148,-0.59905326
-0.7204183,0.10350699
-0.7333723,0.1945954
0.039714713,-0.8251293
-0.60578877,0.55144364
-0.60263777,0.5607808
-0.23528607,-0.49160168
0.21340814,-0.9046972
-0.0791724,-0.5696832
-0.03191161,-0.6307645
-0.73019683,0.42656457
-0.74265635,0.15785185
0.14716262,-0.8936139
-0.5524286,-0.022783067
-0.11952345,-0.41670504
-0.67382306,0.06832456
0.20891,-0.90388083
-0.6954606,0.25126448
-0.595567,0.54689884
-0.60216063,0.54223734
0.13741505,-0.8774189
-0.64129037,0.054411568
0.101596974,-0.8342309
0.23769097,-0.90471363
-0.8015948,0.15274888
-0.5959799,0.5550367
-0.59349626,0.5447883
-0.04595566,-0.6407016
-0.7498508,-0.006599112
-0.67230994,-0.02506983
-0.61090094,0.54802036
-0.75090617,0.38347787
0.03617261,-0.7796996
-0.067336924,-0.45855427
0.1984456,-0.90056866
-0.08424118,-0.45235515
0.11178713,-0.86584216
-0.7692167,-0.040001914
-0.67844903,0.49139613
-0.7767485,0.33272737
-0.7687533,0.3164301
0.24445282,-0.9048656
0.25331202,-0.8988404
-0.60778666,0.56212586
-0.14102197,-0.4873117
-0.12430835,-0.43033108
-0.14065671,-0.3958655
-0.6879752,0.13267127
-0.7747474,0.2493534
0.169799,-0.9042882
-0.043091346,-0.63293475
-0.58413744,0.5739762
-0.7778998,0.34784004
-0.6804199,0.4911066
-0.12040501,-0.4672395
-0.7867937,0.20511109
-0.08193349,-0.6343161
-0.5989432,0.53760195
-0.16224726,-0.41123274
-0.657979,0.015264145
0.11934903,-0.8707904
-0.43400252,0.15026653
0.23915347,-0.90051997
-0.7760134,0.32026345
-0.62074316,0.5428865
-0.69321257,0.46638355
0.08640546,-0.86011547
-0.1391801,-0.5876142
-0.74451447,0.12353216
0.024577573,-0.6707803
-0.7446345,0.3542183
-0.022552332,-0.72168094
-0.50912595,0.20195135
0.24561398,-0.90164006
-0.76247627,0.3697041
-0.75996685,0.32702857
-0.6105019,0.5396394
-0.7859756,0.1437585
-0.5794114,0.56587785
-0.7818563,0.32479823
0.09962473,-0.84971535
0.26197845,-0.89879423
-0.48760006,0.01902006
-0.605389,0.54915756
-0.12700926,-0.42171314
-0.7616928,0.29734007
-0.75143665,0.23326713
-0.71180904,0.10163066
0.14905192,-0.89562243
-0.61888945,0.5371081
-0.760675,0.3869724
-0.35085726,-0.14964472
-0.67629117,0.47537896
-0.7776978,0.18809465
-0.74131864,0.40047318
-0.65788007,0.5157076
-0.6213198,0.53651804
-0.5699247,-0.13646515
-0.5951102,0.55310017
-0.6033744,0.5539411
-0.017013645,-0.698246
0.22066648,-0.905126
-0.69779485,0.46370578
-0.08687446,-0.6312997
-0.0043597016,-0.4786236
-0.6005451,-0.12023827
-0.042580884,-0.5166424
-0.7627098,0.3593859
0.22214723,-0.90282476
-0.75773495,0.3016596
-0.07426373,-0.53611296
-0.49871105,0.27174467
0.18256848,-0.8998621
-0.7467896,0.39259925
-0.78106153,0.33622146
-0.14943022,-0.44092816
-0.7233411,0.24400799
-0.072904535,-0.47201398
-0.5246769,-0.14511178
-0.75854045,0.039235234
-0.687056,0.4500236
-0.5949564,0.5655625
0.23109858,-0.9047882
-0.7831356,0.32874078
-0.10446594,-0.43223345
-0.6109939,0.5394395
0.21940519,-0.9050746
