0.07784034,-0.42069867
-0.8259544,0.114905454
0.27362466,-0.8987399
-0.7574304,0.27527836
0.27526194,-0.8951192
-0.69952697,0.08752039
0.2229912,-0.8904894
0.21946725,-0.81780076
0.18523657,-0.69300884
0.2800954,-0.8976056
0.2750509,-0.8978242
-0.26246879,-0.10215772
-0.79997796,0.116614014
-0.8083318,-0.039993174
0.26973855,-0.89744866
0.069282204,-0.3653257
0.2518417,-0.9052334
0.26695332,-0.89982027
0.28530136,-0.8933075
0.02578341,-0.30447242
0.18518983,-0.877772
-0.5562728,-0.063708276
0.065209255,-0.44430032
-0.564771,0.011327414
-0.81821114,0.15719149
-0.75729114,0.29107022
0.2625769,-0.89898
-0.2941985,-0.11001922
-0.6594462,0.22096506
0.27388573,-0.8979749
0.2522237,-0.90076286
0.23705907,-0.89086235
0.21617007,-0.8941774
0.2434845,-0.89013356
-0.82233334,-0.13639769
0.29791316,-0.89107037
0.28471088,-0.89342785
0.20554584,-0.84777635
-0.733465,0.30031577
0.22915982,-0.8980361
0.26268086,-0.89907295
-0.83788806,0.003140012
-0.6298282,-0.08327441
-0.060971394,-0.1486822
0.29201102,-0.8928368
-0.8493436,-0.05306206
0.25108075,-0.89456636
0.2553721,-0.8984098
-0.0098435525,-0.2417749
0.2763878,-0.8944184
-0.69443107,-0.18502522
-0.75791055,0.28749502
0.13396846,-0.823143
-0.2758224,-0.069112554
0.2461733,-0.9027231
0.24702176,-0.9023234
0.2579844,-0.8954647
-0.83437246,0.08717784
0.28057256,-0.8962559
-0.8487155,-0.058466706
0.2778144,-0.89583266
-0.8475425,-0.0373588
-0.8491436,-0.06955657
-0.83462626,0.059499193
0.13473532,-0.5166584
0.13802136,-0.6536486
0.13002709,-0.49818876
-0.74198383,-0.13907902
-0.35979506,-0.08448114
0.06275575,-0.5806969
0.16770937,-0.8504231
0.18447855,-0.8782087
-0.7357237,0.2937846
0.26511538,-0.8949031
-0.7538128,0.29078802
-0.73937637,0.30249274
0.28064513,-0.8940064
0.24128832,-0.8999748
0.24803992,-0.89991695
-0.8429433,-0.023964629
-0.814197,-0.06900082
-0.76932406,-0.14344566
-0.7271783,0.30705678
0.24793437,-0.89827657
0.11668747,-0.38165885
0.1022445,-0.58056986
0.24479778,-0.90284795
0.17961594,-0.8633978
0.2882722,-0.89484483
0.13237096,-0.46027014
-0.5835964,-0.17217246
0.26806197,-0.89780664
0.057344425,-0.30621484
0.124625504,-0.6679327
0.14373282,-0.6247063
-0.82585275,0.08816985
-0.79990774,0.19761668
-0.8043705,-0.13421421
0.24295259,-0.89796495
0.27608696,-0.89643395
-0.85306776,0.005719667
0.30066127,-0.88962984
-0.8288398,0.06153622
-0.82764876,0.08524661
0.2582513,-0.89718455
0.14812405,-0.8350836
0.28825322,-0.8945786
0.16937606,-0.84422857
0.26436543,-0.8994294
-0.8458455,-0.015561419
-0.74380815,-0.19929114
0.29167885,-0.89407474
0.081142075,-0.39235276
0.2569751,-0.89708036
-0.14332163,-0.22650884
0.10612682,-0.4571066
0.2691288,-0.8986512
-0.74249613,0.28924897
-0.6557706,0.034982305
-0.5471533,-0.15070742
0.23132278,-0.8659857
0.16620234,-0.7905139
0.2749827,-0.8942521
0.2590926,-0.8996167
0.2622884,-0.89990216
0.26220557,-0.8982812
0.23466206,-0.8913434
-0.84682995,-0.019385487
0.23548736,-0.8884195
-0.8399718,0.06671684
0.18471284,-0.8666008
0.2808286,-0.89609766
-0.7641729,0.28234887
0.2836576,-0.89484864
-0.6264764,0.038625702
-0.76876473,0.2692315
0.28472152,-0.89463466
0.28181967,-0.8982084
0.25480336,-0.90041316
-0.83192706,0.043682277
0.22509898,-0.89528435
-0.74497765,0.2955769
-0.8480773,-0.038086653
-0.8511214,-0.011952646
-0.8472677,-0.043462973
0.27067235,-0.8953161
-0.8376318,0.0493013
0.123895,-0.51437736
-0.70547295,0.02038885
-0.8088827,-0.086959995
0.16954471,-0.8493601
-0.6919906,0.05820117
-0.70489013,0.20027131
-0.81738406,0.08155107
-0.74880266,0.29677787
-0.42640144,-0.23098728
0.063573085,-0.31774068
0.1599429,-0.86373466
-0.7816658,0.24662742
0.23976344,-0.89240074
-0.7196906,0.29593533
-0.80712676,0.16348985
-0.7857035,-0.11394617
-0.7372717,0.2921488
0.10233334,-0.53744835
0.15892176,-0.44430995
-0.8477957,-0.030469237
0.09539249,-0.41023943
0.24142437,-0.8939011
-0.85138285,-0.04228391
-0.8212416,-0.037073452
0.23403406,-0.895668
0.17662527,-0.8640987
-0.79044986,0.18910187
-0.8015807,0.15876086
-0.07124658,-0.28682277
0.09896258,-0.45566204
0.17621663,-0.88461155
-0.83221793,0.0602064
0.26164994,-0.90076363
0.16813092,-0.87478155
-0.80405396,0.16353208
0.23404793,-0.9015018
-0.812373,0.18509899
-0.77807933,0.23348936
0.075812824,-0.37417856
0.2707519,-0.8954411
-0.7961401,0.1777918
0.07922952,-0.3454497
-0.79171294,0.05293558
0.28645155,-0.89458805
0.13751894,-0.68934155
-0.7349217,0.2946859
-0.7524085,0.18849027
-0.8424833,0.052352466
0.21952195,-0.8911798
0.2705008,-0.89908427
-0.82400066,-0.08940276
0.10749853,-0.3275712
0.10813241,-0.34019005
0.1412573,-0.42917043
0.15005754,-0.8370689
0.2722653,-0.8937128
0.27529305,-0.8987754
0.28235856,-0.897057
-0.8169107,0.12347477
0.20208813,-0.6179515
0.2573718,-0.8977774
0.24354413,-0.8934199
0.15643397,-0.5143936
0.27143672,-0.8960765
0.2683037,-0.8957022
-0.80271506,0.17510311
0.2573825,-0.89619756
-0.8099018,0.15771464
-0.8202589,0.053840674
0.081590846,-0.5442279
-0.7718034,0.23731665
0.24973567,-0.9012654
0.26569894,-0.8988667
-0.5239171,0.050035045
-0.76606417,0.27087948
0.27633515,-0.89743257
-0.8030708,0.18826175
-0.84817636,-0.06598926
0.27493227,-0.8828218
-0.74552596,0.2763487
-0.75148284,0.28040525
-0.84814996,-0.008411704
-0.4734518,-0.20485733
0.25474513,-0.9036804
0.22673698,-0.8922013
-0.83138144,0.01776481
0.26862836,-0.8987463
0.1734925,-0.793137
-0.739376,0.3026345
-0.8373105,-0.0069694365
0.27466697,-0.89874434
-0.16794339,-0.0709826
-0.79932064,0.19411415
0.20432474,-0.88214505
0.26515052,-0.8970351
0.094989,-0.679006
-0.8428789,-0.037237614
0.27587286,-0.8911255
-0.7452675,0.2681917
-0.84330803,-0.016665641
-0.7993339,0.20272899
0.079071224,-0.41153035
-0.8374816,-0.063851856
-0.7387287,0.2536587
-0.84524906,0.028536933
0.26288038,-0.89667755
0.2639658,-0.89910704
0.25518826,-0.89812976
-0.8220909,0.13853972
0.28563213,-0.8939601
-0.6550119,0.060206644
0.26297876,-0.8952115
0.23994824,-0.89869046
-0.77102196,0.051021
0.079119004,-0.3785452
0.25006244,-0.9023519
-0.31583154,-0.2774372
0.22888893,-0.88773155
-0.8477565,-0.080167875
0.2782542,-0.89605427
-0.50895613,-0.18776472
-0.75810075,0.2783099
0.25912598,-0.9001736
-0.34668854,-0.29086548
0.2172092,-0.87960213
0.22546355,-0.8869362
0.27134833,-0.8955294
-0.7626891,-0.18055469
-0.83127797,-0.03794262
0.28476495,-0.8932966
-0.8280021,0.035176113
-0.7508166,0.29031658
0.058048774,-0.47610152
-0.84298867,0.026598534
-0.83478,-0.06495842
0.26320678,-0.9007646
-0.8498784,-0.03247283
-0.8059434,-0.10985605
-0.77868056,0.12841503
0.2023022,-0.8819668
-0.23904333,-0.1916009
-0.8383419,0.01105275
0.23219198,-0.8907336
-0.83923346,0.06672369
-0.8306778,-0.060987685
0.22940858,-0.8971623
0.24774992,-0.89332485
0.21115401,-0.88442415
0.26034027,-0.89942145
0.26508608,-0.89753115
0.22510882,-0.8755876
0.29121628,-0.89489406
-0.7574299,0.29071245
-0.8291594,0.10105925
0.2764924,-0.8985526
0.2280797,-0.8856833
-0.7574566,0.25915468
0.21546713,-0.8836413
0.23379393,-0.88878477
0.22388326,-0.8870703
0.27361718,-0.8971285
0.09420099,-0.36347157
0.24631359,-0.89780235
-0.82198876,0.099076405
-0.05071426,-0.29938534
0.25972864,-0.90062743
-0.85004586,-0.04086433
0.1283737,-0.40516546
0.09704504,-0.3034506
0.28451946,-0.8960841
0.2604108,-0.8945593
0.27270398,-0.8967371
0.13930249,-0.4092858
0.22406852,-0.8981675
-0.4323039,0.1261262
0.24491073,-0.894404
0.24284062,-0.88720393
-0.79381746,0.22038761
-0.7807648,-0.14310294
0.2679238,-0.89612705
0.15307459,-0.6143089
-0.8295697,-0.10275416
0.27936283,-0.89448625
0.21588291,-0.88781375
-0.16252142,-0.09513274
0.028581355,-0.3775285
-0.23934773,-0.06411712
-0.8362792,-0.010475888
0.24824598,-0.90539145
0.20484991,-0.8843731
0.26616177,-0.9000939
-0.85696805,-0.027766457
-0.84440666,0.030019166
-0.8226032,0.15341811
0.26307186,-0.89995956
-0.8324331,-0.08481846
-0.7488257,0.28155747
0.24105875,-0.89442885
-0.8532535,-0.054368548
-0.73263067,0.2969414
-0.8043465,0.15077977
-0.73160505,0.29743397
-0.85092086,0.005029734
0.043455295,-0.3709368
-0.64622825,-0.16357438
-0.8135312,0.15322837
0.19285779,-0.8802296
0.13414231,-0.5597518
0.2645081,-0.90079194
-0.63693726,0.23114972
-0.85816103,-0.05043784
0.24936146,-0.90410984
0.22732249,-0.89874905
-0.8355159,0.06328783
-0.8514417,-0.009378986
-0.6559302,-0.19119656
0.25021446,-0.8944196
-0.7155181,-0.21304098
-0.82673025,0.1046539
-0.20562139,-0.13274246
0.0321487,-0.3305684
-0.52938324,-0.2601684
0.12809528,-0.8377853
0.2615179,-0.90036285
-0.8398412,0.07060448
-0.23853737,-0.20802642
-0.77173895,0.275965
-0.8354726,0.037344508
0.06197319,-0.46293008
0.11108831,-0.6568837
0.0881692,-0.4689587
0.18412144,-0.87132233
-0.8122853,0.15932946
-0.85119504,0.018519256
-0.37013516,-0.29852155
0.07953554,-0.46384543
0.27472806,-0.8973133
0.09009774,-0.39821213
-0.83084494,-0.06491042
0.28129596,-0.8960615
-0.839252,0.005956066
-0.8540815,-0.07252537
-0.17143568,-0.20050168
-0.173901,-0.2721464
0.22658059,-0.88595915
-0.81517166,-0.11047784
0.27398038,-0.8997527
-0.8237568,-0.09007298
0.2732404,-0.89799166
0.115610726,-0.43238968
0.14154324,-0.6093541
-0.8395831,-0.07785821
0.21063547,-0.87788755
-0.82334155,0.013182171
-0.6968786,0.2296561
-0.7412609,0.3030395
-0.44639683,-0.22834355
0.14707758,-0.4283685
-0.07447784,-0.248564
0.26360914,-0.89928025
-0.7218408,-0.025239082
-0.8455014,-0.052423105
-0.6029873,-0.32346246
-0.8454935,0.00036160773
0.2458251,-0.8995744
-0.8283368,-0.017600946
0.1784443,-0.87295705
-0.8509252,-0.043912034
-0.36386165,0.0037488276
-0.74381405,0.29907957
-0.7291827,0.21053804
-0.2903018,-0.20694357
-0.84335417,-0.022709204
0.29258987,-0.89169824
0.24026917,-0.90112376
-0.79468304,-0.09996575
0.07669486,-0.4091996
0.2196272,-0.90221184
0.1388257,-0.851512
-0.8371772,-0.05693364
-0.811846,0.122624494
-0.8476732,-0.010198661
0.119107045,-0.4267307
-0.035705354,-0.2908455
0.17396556,-0.8615476
-0.77635026,0.09465079
0.25435165,-0.89474803
-0.7698571,0.22414501
-0.84311795,-0.03502526
-0.8077224,0.17588565
0.11498512,-0.48187625
0.11988161,-0.40984258
-0.7437817,0.25696534
0.15346418,-0.8654525
0.14507085,-0.8576535
0.07320916,-0.69578916
0.2209684,-0.89961225
-0.74297357,0.29304042
0.28565526,-0.8963257
-0.8281314,-0.044769637
-0.81343645,-0.123903885
0.14280199,-0.44815403
0.27580157,-0.89606136
0.06447534,-0.3937402
-0.7352656,0.30129048
-0.7369587,-0.16303271
-0.8510782,0.012272156
-0.84166706,-0.04307422
0.268798,-0.8989745
0.24583788,-0.89709795
-0.7569916,0.28559554
-0.7445087,0.29194966
-0.85948265,0.0020978958
0.2627374,-0.8975785
-0.74570435,0.2918763
-0.07139301,-0.2922996
-0.7539868,0.24311547
-0.82128584,-0.09777902
-0.76475906,0.26556277
0.109430365,-0.5854932
0.22217856,-0.88960946
-0.8054829,0.21473545
0.1512731,-0.4504262
-0.8425547,0.020104146
-0.7468931,0.29553345
-0.82831633,-0.049741004
0.12844852,-0.4667038
0.16942568,-0.51578385
-0.09692664,-0.19405143
-0.75369585,0.29538575
0.27395374,-0.9004163
-0.77333665,-0.08017169
-0.008558621,-0.32797018
-0.7747436,0.2595393
-0.82279974,0.13357653
-0.7594339,0.28479958
-0.7775405,0.2748487
0.1607102,-0.8434021
-0.7478519,0.29007223
0.15776283,-0.8568224
-0.8210315,0.14994325
-0.83282804,0.022556907
-0.7475774,0.31076905
0.28409535,-0.8949186
0.27678487,-0.8971678
0.2349727,-0.90343547
-0.8187587,-0.09102193
-0.82661647,-0.10839158
0.13491648,-0.84379274
0.17041372,-0.8711986
0.13097285,-0.43615243
-0.8175638,0.13811345
0.132241,-0.458843
-0.8242565,0.118218936
-0.8438692,-0.094947636
-0.7370491,0.29898584
0.27904338,-0.89599806
0.23118311,-0.8994162
0.04111047,-0.38232327
0.079515405,-0.38390127
0.28372347,-0.8924287
0.20648937,-0.8890726
-0.8580094,-0.05565761
-0.8368718,-0.0078092315
-0.7229673,-0.08425837
0.11097097,-0.37382078
0.11818334,-0.4798556
-0.8175148,-0.09438333
0.10473012,-0.40289158
0.23763438,-0.8977987
-0.72215515,0.31038228
-0.85067767,0.047497395
-0.8469299,0.005102849
0.26578847,-0.89897037
-0.8462685,-0.008268461
0.19791773,-0.88269174
0.08652324,-0.437553
-0.8080095,-0.15627109
-0.48364106,-0.22622985
-0.28810424,-0.04136118
0.24093531,-0.9032387
-0.7905761,0.15501636
0.16015613,-0.31368172
0.041005485,-0.37347746
-0.7570513,0.2819588
-0.22472718,-0.09002639
0.05883358,-0.3346753
-0.77196765,0.24726382
-0.8544468,-0.050796658
0.25337744,-0.9019601
-0.7652729,0.2847332
0.25877854,-0.89573735
0.14414775,-0.4685854
0.109088935,-0.54521203
-0.76484406,-0.17421684
0.23664528,-0.8878567
-0.8443461,-0.019500092
-0.44858068,-0.20371301
0.251765,-0.8989694
0.22567058,-0.89676297
0.2870913,-0.8942809
-0.73610497,0.28822446
-0.84223425,0.012815101
-0.72923565,0.3133685
0.121951096,-0.5510774
-0.8285134,0.06520331
0.14051534,-0.7892696
-0.844038,-0.054607496
-0.8072569,0.118421525
-0.62129056,-0.034199983
-0.77796805,0.17142263
-0.5858402,0.06981562
-0.74894047,0.25527638
-0.84305567,-0.0038596138
-0.5259897,-0.023203066
-0.8474899,-0.04101859
0.26786137,-0.8971172
0.22079314,-0.8966446
0.18244104,-0.87360793
0.069125265,-0.3294698
-0.83519965,0.10450966
-0.61897296,-0.16261035
0.13081975,-0.59436136
-0.56679255,0.057507493
0.048015304,-0.3463906
-0.8198663,0.09832726
-0.83218473,-0.120161004
0.26105484,-0.90152204
-0.75879467,0.28640425
-0.81659555,0.15067427
-0.122202806,-0.2137825
-0.44951093,-0.1111504
-0.83850306,0.0198265
-0.8513442,-0.03344172
0.25143167,-0.90086335
0.12790067,-0.80366546
-0.8099086,-0.14243427
-0.5112201,-0.12587397
-0.7525356,0.27308726
-0.7454568,0.3005017
-0.43586805,-0.25175166
0.28650922,-0.8922195
-0.8247585,0.09484176
0.02582795,-0.3962188
-0.61755514,-0.20324315
0.0025537051,-0.3745845
-0.73983526,0.29778802
-0.3556196,-0.2696392
-0.8467431,-0.067038864
-0.7431563,0.29438633
0.083125785,-0.54153407
0.19613782,-0.8357899
-0.43050244,-0.049921863
-0.8248463,-0.11142099
-0.52114487,-0.09984485
-0.76993304,0.21854103
0.12728903,-0.84134346
-0.8394258,-0.08260545
-0.84214693,0.024127817
-0.8518303,-0.07629021
-0.6803198,-0.18581818
-0.7695904,0.16310431
0.2596118,-0.9002502
0.0018623831,-0.3612189
-0.21445422,-0.013585521
-0.77359813,0.06419423
0.2936827,-0.8939177
-0.6609696,-0.13473316
0.2650147,-0.9004154
0.14449029,-0.48899326
0.12628621,-0.51901764
0.27021617,-0.8993477
0.28695905,-0.89754605
-0.8378025,-0.08971766
0.15408637,-0.8672626
-0.73905283,0.2894124
0.25620174,-0.9013508
-0.7438027,-0.0710318
0.1595281,-0.69224477
-0.8107956,-0.045287482
-0.77363926,-0.040774833
-0.5849497,-0.215877
-0.6106172,-0.035061188
-0.09425501,-0.21002695
0.13618234,-0.5552908
0.1369182,-0.47151563
0.12976448,-0.8080407
-0.84640884,0.0018854794
-0.8061536,-0.079191476
-0.5547515,-0.15523809
-0.84846646,-0.047024395
-0.81728303,-0.093150645
0.25568688,-0.89588284
-0.7404756,-0.1281083
0.103517234,-0.40295187
0.21101724,-0.8925003
-0.6868436,-0.11034477
-0.7472916,0.29080802
-0.70448416,-0.148875
-0.73950815,0.1868113
-0.5375151,0.0064917216
-0.81703454,-0.037805784
-0.815472,0.17173533
0.25510582,-0.89958966
-0.84050906,-0.03824808
-0.788397,-0.05818908
-0.8342257,0.030597793
0.2730252,-0.8969177
0.28683677,-0.89460546
-0.74415207,0.29689038
-0.83910227,0.09253189
-0.6979285,-0.04408662
-0.7564279,0.28562835
-0.84968966,-0.07439478
-0.83529663,-0.15302716
-0.7694505,0.2699526
0.19388047,-0.86683196
-0.84738123,0.0140876295
-0.028496336,-0.2616755
-0.002924715,-0.3103938
0.26842806,-0.90008473
0.27588066,-0.89753187
0.25376484,-0.90002936
0.2178574,-0.74178094
-0.8403311,-0.10842121
-0.83177066,0.074752666
0.24552135,-0.89859104
0.244352,-0.9021695
-0.73685354,0.30009106
0.124764815,-0.63347507
-0.8349266,0.08288958
-0.85001993,-0.047304254
0.18145518,-0.8630912
0.18074796,-0.8681218
0.28441864,-0.89591753
0.23529245,-0.90332764
0.2715577,-0.89660496
-0.4808991,-0.13692285
0.23149721,-0.9016902
-0.8283221,-0.06221707
-0.85124755,0.010208556
0.2577138,-0.8995172
0.121824965,-0.4091569
-0.62909985,-0.10886763
-0.8455668,0.037841447
-0.8372633,0.059053443
-0.8544539,-0.05856948
-0.86028916,-0.05265018
-0.85662335,-0.02419995
-0.7338296,-0.17089573
-0.7467014,0.28168324
-0.8521534,-0.038382687
0.10057452,-0.47055036
-0.81262004,0.10126511
0.09232714,-0.40232193
-0.8445989,0.026841167
0.28321883,-0.89602226
0.2687209,-0.8915194
-0.849363,-0.088040255
-0.85674024,-0.032539777
-0.7460807,0.2908166
0.27211595,-0.8913302
-0.7559344,0.18205816
0.258665,-0.9022613
-0.81009763,0.19055669
0.27110526,-0.89924234
0.07691478,-0.59305906
0.26009357,-0.8994464
-0.70649123,-0.15213636
-0.7639044,0.24550344
0.019327598,-0.31722894
0.0975369,-0.40230966
0.29021713,-0.89448756
0.10367529,-0.38445064
-0.84321034,0.033600885
-0.84090894,0.021169817
-0.71210027,0.17730662
0.22923571,-0.8913492
-0.7375456,0.15910469
0.27874294,-0.89913124
0.2472528,-0.893008
-0.47342184,-0.16371466
0.2412549,-0.89809227
0.27140132,-0.90038764
0.23615536,-0.8997811
-0.8451294,0.010544662
0.25919014,-0.89700806
0.28909186,-0.896414
-0.80311024,0.15564288
-0.7643511,0.27495375
0.09650282,-0.31071198
-0.7441465,0.30917698
-0.7422529,0.3097167
-0.8130447,-0.09510363
0.262163,-0.90013885
-0.8467457,0.030275328
0.115443006,-0.3836839
-0.7989711,0.10684099
-0.7895826,0.19659548
-0.7241473,0.27164423
0.25922844,-0.89964557
-0.83351016,0.019067898
-0.74396753,0.28748757
0.18395802,-0.8618327
0.27617037,-0.8975305
-0.85302275,-0.06584531
-0.8391358,0.006515753
-0.8001157,0.036079925
0.15915158,-0.858139
-0.80941904,-0.0208956
0.09534513,-0.33382472
-0.73900336,0.29352728
0.040282432,-0.61192614
-0.7492123,0.31464744
-0.7885821,0.24796149
-0.31503496,-0.22163884
0.08261893,-0.53628457
-0.8505776,-0.022167772
-0.82514924,0.12916052
-0.74740136,0.3157989
-0.8424155,-0.0009824842
-0.83514696,0.016915578
0.2816081,-0.89433235
0.08918105,-0.53710216
0.14958012,-0.40370458
-0.821258,-0.15855852
-0.81771487,0.113416396
-0.74515295,0.29263353
0.27555373,-0.8987047
0.28630412,-0.89487386
0.2403754,-0.9015676
0.254483,-0.9008389
0.19464429,-0.87904584
0.2822442,-0.89610034
-0.84249884,-0.06967245
-0.84129316,0.009394706
-0.8254147,0.104946785
-0.74638313,0.30951265
0.2795873,-0.89735985
0.21396844,-0.8849724
-0.79699486,0.13460736
-0.83590823,0.06911136
-0.78617924,0.20807187
-0.84219444,-0.015366774
-0.73013073,0.27767083
0.28909266,-0.8948136
0.045082215,-0.3025013
-0.7459752,0.27890033
-0.81818724,0.16301909
-0.3660742,-0.124939844
-0.07001215,-0.2894809
0.20137277,-0.881607
-0.80621564,0.20009154
-0.049706124,-0.3751514
-0.6215009,0.16226268
0.28132266,-0.8940812
-0.8212831,-0.016546724
-0.7725794,0.06740776
0.08709132,-0.38265172
-0.83560115,-0.044346232
0.1500408,-0.85532683
-0.8322432,-0.052944787
0.23584554,-0.8976769
-0.7716753,-0.09189561
-0.8335288,0.05276996
-0.8276532,-0.07599593
0.2769872,-0.8978607
0.27980658,-0.89465386
-0.7601841,0.28785336
0.28797942,-0.8967904
0.1939004,-0.8806678
0.28606358,-0.896388
0.123664655,-0.81310374
-0.78089195,-0.18896663
-0.8380866,-0.08320672
-0.84062153,-0.047351707
0.064011484,-0.33571157
-0.7531675,0.29663023
-0.8425019,-0.10718333
0.079601325,-0.5222549
0.27733982,-0.89508593
-0.84491307,-0.03247764
0.06421621,-0.44453955
0.27220315,-0.90001017
-0.7971672,0.109334536
-0.7532851,0.2880746
0.28324863,-0.89449453
-0.77209806,0.06399499
-0.65759397,0.23616643
0.16818832,-0.8393911
0.28720412,-0.89472896
0.25374243,-0.9013884
0.286511,-0.89386445
0.11958322,-0.38481396
0.27637324,-0.89802796
0.2602101,-0.9009286
-0.8416994,0.055375084
-0.2602448,-0.03207076
0.1539841,-0.79953563
-0.8359659,0.011129587
0.07271846,-0.43711513
0.23787211,-0.89673924
0.24286366,-0.8966977
-0.84499353,-0.07228772
0.07077143,-0.36163568
0.09288269,-0.5672572
0.23837386,-0.8979682
0.15777376,-0.821084
-0.78561974,-0.1336151
0.2578718,-0.8990795
-0.7549885,0.2424514
0.25999257,-0.89829326
0.2600268,-0.9015753
-0.7886766,0.2368053
-0.7979996,0.20942542
-0.80721456,0.071227334
-0.83976144,-0.002921315
-0.81256664,0.16867606
-0.83456695,0.02506455
0.19124761,-0.88291997
0.06391472,-0.53984255
0.22746253,-0.8944726
0.25778177,-0.89751613
0.089106895,-0.36017805
0.27956808,-0.89829123
-0.83226144,0.07808908
0.26607782,-0.89639336
-0.7047479,0.30468732
-0.8347426,-0.0013467536
0.23092921,-0.89045686
-0.8021568,0.16056862
0.1235504,-0.73419553
-0.5848964,-0.028983045
0.28809363,-0.8947952
0.2017307,-0.8171391
0.2870341,-0.8932806
0.27481803,-0.89499885
-0.8461023,-0.08242658
-0.44447765,-0.055210497
0.055943467,-0.37913844
-0.82267165,0.11204648
-0.8027413,0.1503047
-0.8525851,-0.0681452
-0.728124,-0.10580743
-0.48058802,-0.1697194
0.0148984175,-0.2415383
0.21251437,-0.8669891
-0.7560888,0.306411
-0.8304945,0.09889972
-0.7764588,0.25246993
0.28025147,-0.8918962
0.27652782,-0.8978807
-0.8008779,0.096960984
0.18220769,-0.867248
0.22225876,-0.8965906
0.27288574,-0.8988821
-0.76163715,0.2946121
-0.000911266,-0.2714414
-0.41802144,-0.09900852
0.0651208,-0.331132
0.11322123,-0.33390167
-0.7521485,0.2845995
0.1218522,-0.4998505
-0.8261441,0.07351655
-0.49600497,0.11820402
-0.8260034,0.11869365
0.27594241,-0.89889085
-0.75311327,0.29213983
-0.81908286,-0.09138558
-0.8457885,0.010949826
0.2909106,-0.89383984
-0.8180588,0.14777838
-0.75629765,0.2887341
0.28204498,-0.8955474
-0.5951452,0.23237038
0.09081715,-0.51359314
0.12304088,-0.55834347
0.23974597,-0.9022658
-0.8211422,0.1256853
0.26656276,-0.8961766
0.2580657,-0.89515156
-0.8388987,-0.03448634
0.05739444,-0.6256917
-0.84393924,0.048873596
-0.42233932,-0.09900788
-0.81656134,-0.07678766
0.25520247,-0.9004551
0.25741723,-0.90351254
0.2669676,-0.8987824
-0.8491835,-0.03954766
-0.7554875,0.2914212
-0.79220104,0.090636924
0.27582592,-0.897736
-0.70597917,0.07088077
0.29046968,-0.8930124
-0.8178228,-0.09106609
0.24670838,-0.900432
0.25315177,-0.9004258
-0.74262226,0.31211695
-0.7310881,0.30014715
0.110573396,-0.73912543
0.29502353,-0.8931019
-0.8319784,-0.02128826
-0.74876463,0.283107
0.27043012,-0.8991603
0.086694844,-0.427246
0.23394641,-0.89837795
-0.8482096,-0.04021535
0.2625516,-0.8967687
0.16315132,-0.8041282
0.24365579,-0.8990034
0.29293638,-0.890032
0.14795981,-0.46117103
-0.7570845,0.29106665
-0.41828647,-0.24208228
-0.5190439,-0.23449352
0.27840772,-0.89923495
0.22967452,-0.9031142
0.111631565,-0.35891065
0.21768533,-0.8790812
-0.82869935,-0.06183555
0.2724927,-0.89645827
-0.82506156,0.10214897
0.27736825,-0.89802235
0.2951498,-0.8944149
0.12589423,-0.59002495
0.2795203,-0.895755
0.10518127,-0.44161513
0.18132171,-0.85659975
0.26445886,-0.8993397
0.26815698,-0.89734805
-0.83028626,0.015635127
0.26992458,-0.8990595
-0.7458774,0.29107845
-0.7612563,0.2889472
0.26913795,-0.8993819
-0.82778406,0.104622036
0.27015907,-0.8945835
0.27211243,-0.89710385
-0.7545925,0.30313373
-0.8493504,-0.06745716
-0.8441266,-0.05561498
0.17423908,-0.8294711
-0.7695962,0.21826461
-0.83617026,0.08861757
-0.80176234,0.20617741
0.09871859,-0.36436814
0.081817105,-0.5212232
0.032363553,-0.32792738
-0.8513032,0.021396112
-0.80740976,-0.13008024
0.25324488,-0.89538014
-0.016831055,-0.36142805
0.24941123,-0.901116
-0.8234309,-0.06311502
-0.8300299,-0.014329391
0.2669434,-0.8967384
0.23192511,-0.9003195
0.27431163,-0.8945504
-0.7661441,0.26348117
0.25304314,-0.89937204
0.13901864,-0.7482401
0.25873548,-0.8960755
-0.78978735,0.23207444
-0.8423067,-0.0928599
0.1637223,-0.87771595
0.11383481,-0.26905462
-0.7370599,0.29327482
-0.83237773,0.054526705
-0.7628644,0.26918522
-0.8460052,-0.07013092
0.26419178,-0.90010613
-0.84002703,-0.02628477
-0.83215374,-0.010313832
0.062374663,-0.29621997
-0.60750914,0.0768027
0.09903856,-0.51863116
0.26790532,-0.89921135
0.23027624,-0.89337265
0.24540262,-0.89277583
-0.78182983,0.25324127
0.2104455,-0.8942518
0.2628656,-0.9002384
0.23882577,-0.8978746
0.26589426,-0.8951927
-0.84301245,-0.020351853
-0.84505177,0.04630415
0.11579908,-0.27364293
0.23267287,-0.8924802
0.035141926,-0.38596362
0.12000868,-0.5248468
-0.753799,0.29809785
0.24829242,-0.90042895
-0.8190558,-0.1334539
0.25240663,-0.8983434
0.2262841,-0.8836573
-0.8091878,0.20999429
0.19251238,-0.5453348
-0.8312953,0.0754619
0.15105793,-0.38928977
0.26685312,-0.8937953
-0.8174564,-0.07424055
0.28873122,-0.89696234
-0.8462084,-0.0666142
0.24549787,-0.89700896
-0.7669223,0.28535366
0.21176936,-0.88701737
0.24068034,-0.897161
0.052279282,-0.33910564
0.1496436,-0.82709855
-0.8180319,0.0824704
0.28968066,-0.8947048
0.23324978,-0.8943112
0.14250225,-0.38856727
0.2534203,-0.899054
-0.84899324,-0.051192544
0.24161261,-0.89768505
0.2472928,-0.88515097
0.1260005,-0.6456193
0.1896071,-0.8640139
0.24462394,-0.8929056
0.2678033,-0.8983593
0.27055722,-0.89783186
-0.74343705,0.29734537
0.09064742,-0.47475612
0.27448207,-0.8966684
-0.7455348,0.28333166
-0.5987383,-0.24488224
-0.37753373,-0.07602726
0.27685767,-0.89907795
0.26662797,-0.8983247
-0.8444324,-0.009026873
-0.30411208,-0.16564776
0.02567667,-0.3738606
-0.69183105,0.26213247
-0.76161367,0.28774986
0.28133535,-0.8934508
-0.8274609,0.008948267
0.2678462,-0.89764196
0.2733354,-0.8999108
-0.83691967,-0.040742785
-0.8455403,-0.019871565
-0.034756295,-0.29353836
-0.7295635,0.30294243
-0.05513064,-0.2965419
0.27263898,-0.8969513
0.27039072,-0.8978309
0.26974234,-0.8989822
0.0616585,-0.39826837
-0.7558151,0.28945804
-0.85206914,-0.039879482
0.24659377,-0.89677304
-0.8368091,-0.01026828
0.26230028,-0.8983638
-0.84516734,0.008259108
-0.8502464,-0.02338837
-0.8504944,-0.017214444
-0.8202667,0.02507607
0.2758566,-0.8986157
0.27488226,-0.8982592
-0.84552026,-0.061556228
0.11860065,-0.5823929
0.04131698,-0.34306952
0.11283168,-0.3811231
-0.8139604,-0.06470361
0.2480127,-0.89714926
0.14110829,-0.8552447
-0.82935506,0.017082324
0.14852072,-0.8140375
0.26302424,-0.89720803
0.12375877,-0.37775397
0.11822032,-0.43005666
-0.74907243,0.29824433
0.22085984,-0.88534874
-0.8283782,0.08624729
0.22655067,-0.8951785
-0.7927143,0.13434145
0.09534755,-0.38790107
0.10012006,-0.3908776
-0.6293446,-0.2473768
-0.78697896,0.18823878
0.16866753,-0.44057125
-0.84392285,-0.09892544
0.099883996,-0.4447411
-0.8580419,-0.057589084
0.25700518,-0.9013778
-0.8291476,0.10582991
0.27652127,-0.8972479
0.21612689,-0.8943928
-0.7964705,0.08028767
-0.74497724,0.29162803
0.27632207,-0.8967138
-0.78207207,0.05033146
0.27392626,-0.8961185
0.2656193,-0.8987307
0.2736761,-0.8980751
0.096581854,-0.633226
-0.7692522,0.29245508
-0.3097137,-0.005939574
-0.84066755,0.055779178
0.2805934,-0.8935306
-0.7211893,-0.1432366
0.0624492,-0.4336476
0.007861645,-0.33889717
-0.80070376,0.21524526
-0.8424793,-0.011070098
0.25541037,-0.886687
-0.8233161,-0.12872073
-0.84727263,-0.047835328
0.24525042,-0.90132725
0.2675487,-0.900687
0.26790386,-0.89659226
-0.8471594,0.044465143
0.21400085,-0.8882198
0.2732025,-0.8959507
-0.81352067,-0.10507637
-0.84444845,-0.11072558
0.198335,-0.87778765
-0.11696774,-0.20165251
-0.85675585,-0.018467601
0.28810883,-0.8943079
0.26804778,-0.89591044
-0.8133077,0.0049032336
0.27189058,-0.8966575
0.25392506,-0.9022954
0.020867769,-0.28863758
-0.85195744,-0.05145018
-0.83764434,-0.033911575
0.27371937,-0.898186
0.19283363,-0.8795245
-0.6663296,0.22516191
0.21363813,-0.8991294
-0.7501499,0.2867561
0.27479032,-0.89843273
-0.7102295,-0.17031859
0.22094004,-0.9011751
-0.3131758,-0.1592072
0.09064707,-0.7191655
0.27364054,-0.8982753
0.104226924,-0.49663487
0.0859804,-0.62178075
-0.74913365,0.2894068
-0.7649147,0.28955477
-0.68031734,0.29818782
0.21625489,-0.8935974
-0.7479207,0.29594547
0.25902006,-0.9004599
0.27640224,-0.89632004
0.17784697,-0.88003886
0.24605279,-0.90324056
0.26010126,-0.89959115
-0.8487395,-0.04960009
0.27085745,-0.89830565
0.20026149,-0.8863105
0.22373225,-0.8916727
-0.7571207,0.30446187
-0.7693484,-0.14340718
-0.8382433,0.039361615
0.28822303,-0.8923422
0.27219138,-0.89836484
0.27497712,-0.8986814
-0.758839,0.2760289
0.041943427,-0.29095238
0.25206858,-0.8996307
0.086402155,-0.35628468
0.19457977,-0.88654566
0.26518357,-0.8969261
-0.81405276,-0.14872119
-0.8309809,0.1333946
-0.83008903,0.1248794
0.26983523,-0.8990912
-0.70886,0.2603136
0.1831624,-0.81198335
-0.07779196,-0.35187462
0.2682563,-0.9012701
-0.6311281,-0.17544845
0.12501085,-0.65234995
-0.84472376,0.040676177
0.1815902,-0.5382979
-0.49057534,-0.14343904
0.18352479,-0.86664903
0.071432345,-0.47132504
0.0730975,-0.3666378
0.24561705,-0.90135574
-0.84343076,0.0114349965
0.14621568,-0.8025933
-0.7612343,0.26975322
-0.82571954,0.120909125
-0.8531563,-0.016135128
0.2711053,-0.89854556
-0.73842275,0.2981264
0.107707754,-0.5564007
0.27762592,-0.8976323
-0.8262536,0.09388576
0.28140202,-0.8983556
-0.85088414,0.036724743
-0.8491182,-0.008538918
0.10864224,-0.37632188
-0.7689664,0.2700748
-0.62176913,0.14909835
-0.00407068,-0.3040337
0.29573226,-0.89030504
0.17048731,-0.8634272
-0.7431009,-0.1815847
-0.7476168,0.30309942
0.2538096,-0.8984429
-0.7911057,0.1690975
0.106111854,-0.50363517
-0.8450799,0.011729339
-0.8581575,-0.0420119
0.19194858,-0.8820362
-0.22202696,-0.28971887
0.14391103,-0.47081104
0.23961732,-0.8983986
0.26035926,-0.8986374
0.2521548,-0.9015456
-0.81496507,0.15277785
0.106961645,-0.5126646
0.076077566,-0.39237195
-0.8470065,0.023285484
0.25355384,-0.90287673
0.27329782,-0.8981108
-0.80388933,0.09112916
-0.83868176,0.014990995
0.10990897,-0.5139122
0.2804787,-0.8961766
-0.84898895,-0.035590686
-0.85147226,-0.030841043
0.1812341,-0.8573244
0.24457465,-0.9001108
-0.53390175,0.17450169
-0.77559143,0.2584389
0.24250256,-0.8941338
0.13012734,-0.44755235
0.2728931,-0.89745796
-0.84737605,-0.017355619
-0.83532006,0.06767597
0.10251079,-0.6555539
0.20192616,-0.87794095
0.24276821,-0.90388155
-0.83324134,-0.13256551
0.10559366,-0.42991072
0.15719831,-0.6708344
0.22446243,-0.8959528
-0.1386712,-0.22888997
-0.75722295,0.29128817
0.27196103,-0.8962451
-0.79272157,0.19010216
0.26771232,-0.8975499
0.248423,-0.8954404
-0.63985616,-0.17229095
-0.72199225,0.30481946
-0.034335725,-0.2637816
0.15622196,-0.5869951
-0.7849869,0.21095335
0.22492081,-0.88985795
-0.7892641,-0.0072914297
0.11172535,-0.5570368
-0.84454143,0.017180115
-0.59732795,-0.17495537
0.27368006,-0.9000979
-0.780907,0.24159013
0.27931482,-0.8958211
0.1654714,-0.85684496
0.28657746,-0.8964635
0.27610555,-0.8948449
0.27800477,-0.8955329
0.26537088,-0.8973607
0.17753986,-0.8240194
-0.83059627,0.0056011654
0.26346985,-0.89922786
0.22176245,-0.89561105
-0.7330289,0.25377175
-0.8401602,0.033243123
-0.8270243,-0.091715045
0.2559483,-0.90148795
0.23113598,-0.899267
0.06492583,-0.456727
-0.60413647,0.01875297
-0.81567246,0.040562514
0.2722262,-0.8961296
-0.7569553,-0.016347963
0.25598714,-0.89710814
-0.83395237,-0.120424435
0.26208347,-0.8977363
0.25637054,-0.8933456
-0.10497788,-0.35414773
-0.7174968,0.31266966
-0.7299987,0.2747955
-0.7597852,0.28275698
0.11548775,-0.36623257
0.2507203,-0.8978713
0.26593855,-0.89773446
0.14891265,-0.80075014
0.2693561,-0.9009257
-0.8377686,0.041797794
-0.8211015,0.0553898
-0.7761264,0.2690712
-0.7952964,-0.072287604
-0.8543505,-0.027893292
0.18055762,-0.8466832
0.049121045,-0.38763702
-0.84662765,-0.059842292
0.2807343,-0.8946234
-0.8318317,-0.06925518
-0.8549791,-0.015676133
-0.8274758,0.08598521
0.25471565,-0.90017587
-0.7552144,0.27723494
-0.85044265,-0.020754399
-0.34715074,-0.15664567
-0.8194991,-0.119843505
-0.7691277,0.27772072
0.016835922,-0.28090268
-0.8581885,-0.07643076
0.19800232,-0.8768016
0.13018864,-0.5919678
-0.8525692,-0.07672979
0.2681951,-0.89580846
0.11725442,-0.8205737
0.24292225,-0.9012847
-0.7851479,0.038843036
-0.016144482,-0.21923105
0.124050416,-0.4424763
-0.84460574,-0.012086483
0.15901324,-0.81048006
-0.8403142,-0.016429124
0.27174723,-0.8962846
-0.7403025,0.3049486
0.10659477,-0.41029808
-0.8399685,0.06982004
0.13531302,-0.3541636
0.2659511,-0.90066874
0.26780936,-0.8985334
0.24165533,-0.8986804
-0.83502215,0.047934957
0.09903548,-0.35052252
-0.734463,-0.2149236
0.10087176,-0.45426852
0.14453939,-0.37915778
-0.83733743,-0.059109487
0.27473754,-0.89799684
0.27885637,-0.89508617
0.26714173,-0.8943716
0.28116286,-0.8978067
0.15351719,-0.7349737
0.07814897,-0.3928507
-0.06206687,-0.19864953
0.1812479,-0.8680381
0.28375775,-0.89478827
-0.029280517,-0.2773308
-0.8537501,-0.052275915
-0.8341462,0.014685315
0.1364454,-0.50063473
-0.8325522,-0.08191364
0.28202647,-0.8950402
-0.75314474,0.29408833
-0.8479661,-0.006602548
0.23647647,-0.88990474
0.118870445,-0.4749156
-0.8561764,-0.07649348
0.24072526,-0.8946405
-0.8424909,-0.010341136
0.26802033,-0.89776117
-0.7659649,0.19446503
0.037966497,-0.3307155
0.27633077,-0.8977252
-0.79093915,-0.13183652
-0.83942676,-0.094782844
0.2754269,-0.8964076
0.28546545,-0.8951413
-0.7768921,-0.012337543
-0.8466215,-0.090266846
0.10827273,-0.43855435
-0.7951495,0.19839862
-0.84911084,-0.022935234
0.28900555,-0.89425486
0.26993343,-0.89629626
0.28245333,-0.8953315
-0.84842515,0.012418137
-0.7496592,0.2966941
0.071244426,-0.36054504
0.288807,-0.8957638
-0.83933145,0.04705652
-0.8465304,0.02632071
-0.8246251,0.07290662
-0.5602056,-0.030107213
-0.83370245,0.004676717
-0.6928134,0.10012135
0.25897,-0.9009125
0.09828179,-0.44138226
0.28623694,-0.8965056
-0.73331565,0.30867508
-0.8120073,-0.11569916
0.1733967,-0.6410215
0.2801175,-0.8959066
-0.778364,0.20431463
-0.8033335,0.15088505
-0.7526906,0.30562028
0.23345858,-0.8929869
-0.54650754,0.08549005
0.26534098,-0.89803493
-0.82974684,-0.08426278
-0.82875735,-0.10809301
0.053360082,-0.35289946
0.16465808,-0.8754846
0.23853181,-0.8980305
0.28500372,-0.8937391
-0.6797273,-0.15679523
-0.8020273,0.17822704
0.071584664,-0.3369175
0.2795348,-0.8990716
-0.7521656,0.30230927
0.22360252,-0.8892102
0.1465788,-0.7943089
-0.8357173,-0.059870876
0.26364318,-0.8987228
0.2797541,-0.8963876
0.26738065,-0.901604
-0.70805514,0.301386
0.29315516,-0.89188844
-0.7422228,0.30827048
-0.8399882,-0.05578784
-0.76247513,0.24418755
0.2530999,-0.87592846
0.19811438,-0.8314138
-0.07080317,-0.17589511
-0.07804537,-0.37291226
-0.7689787,0.12963742
0.2151997,-0.8894345
-0.7362639,0.29313767
0.2002831,-0.8876912
-0.85997623,-0.07033442
0.27833435,-0.89802045
-0.8420406,0.028973117
0.22798017,-0.813176
-0.83611274,0.04906097
0.071700506,-0.35336953
0.2524095,-0.89355516
-0.71893305,-0.09317472
0.21460176,-0.88641673
0.23655085,-0.89613485
0.2644434,-0.8974564
-0.8424088,0.025714936
0.2879349,-0.8939157
-0.8225796,-0.1014803
-0.7292289,0.31641373
0.1869624,-0.7667782
-0.8265795,-0.04593691
-0.7392295,0.2777166
0.23278163,-0.901109
-0.8383765,-0.04988244
-0.82138723,0.09419267
0.1259998,-0.34938732
-0.7901579,-0.09006322
-0.78577596,0.2471137
0.25711912,-0.9028542
-0.8328095,-0.005919953
0.15910128,-0.40823022
-0.851934,-0.053863928
-0.839582,-0.01363279
0.26095846,-0.89850354
0.17128707,-0.81666654
-0.8484443,-0.0042395378
0.24019611,-0.90097207
-0.72522545,0.29108107
0.18392731,-0.8724684
0.17959027,-0.70168877
-0.5332911,0.18047558
-0.8429065,-0.033731576
-0.83135706,0.07907214
-0.85757434,-0.025136352
-0.7614989,0.30036545
0.22601287,-0.88344324
0.27842122,-0.8981425
-0.8166172,-0.120847635
0.19758824,-0.7969836
0.2554034,-0.8995886
-0.8396705,0.08509311
0.0916356,-0.37861735
0.16345118,-0.4816304
0.06325992,-0.6349138
-0.2337051,-0.19489554
-0.76334065,0.283914
-0.8327236,0.05228277
0.2643202,-0.8976934
0.28495446,-0.8976171
-0.8441363,-0.039051164
-0.14468315,-0.30591664
-0.32967174,-0.07253348
0.2731468,-0.89841676
0.17511158,-0.8696556
0.11558111,-0.41718918
-0.7471595,0.2942822
-0.73450917,0.31829795
0.25967386,-0.9015722
0.27883267,-0.8977289
-0.75221765,0.2930911
0.08427555,-0.3822008
-0.82772815,0.06487887
-0.82374054,0.10105236
-0.7650119,0.1152807
0.20742695,-0.8889394
0.25667012,-0.8976598
0.27253464,-0.8985479
0.27034935,-0.8988661
0.28001976,-0.8954946
-0.64123434,0.25693816
-0.837548,-0.03563819
0.2677039,-0.89919394
-0.82319546,0.09158818
-0.7661195,0.23012613
-0.060851254,-0.1818295
-0.8474944,0.015764672
0.2662736,-0.89818054
0.28794682,-0.8936866
-0.84832853,0.030990703
0.07571272,-0.4318973
0.16672145,-0.4734064
-0.107203215,-0.22664316
0.24671128,-0.90190876
-0.7991783,0.16923058
-0.7580822,0.28508577
0.2693222,-0.89690053
-0.7944542,0.22260615
0.28388757,-0.8952508
0.25828412,-0.8996259
0.28500444,-0.8942977
-0.75687456,0.29169628
0.08613172,-0.47937968
0.2653844,-0.89767236
-0.18563557,-0.22839248
0.1259577,-0.3650458
0.060546126,-0.71457714
0.13228898,-0.38357803
-0.6496733,-0.08232071
0.08272708,-0.51759315
0.16761267,-0.49090967
0.26388067,-0.8988734
0.1355779,-0.41245115
0.23827948,-0.90180427
0.2186995,-0.89377534
0.25562873,-0.8981243
-0.85853857,-0.03022087
-0.75749767,0.25612748
0.20412913,-0.8849251
0.1344506,-0.6707528
-0.8003449,0.18703446
-0.82535684,-0.014427067
0.2765545,-0.88735974
0.21177402,-0.8792455
0.27592865,-0.8980583
-0.768208,0.28144106
0.22243565,-0.8861559
-0.74108315,-0.09617004
-0.80653,0.19557686
0.019392323,-0.32327357
-0.014156309,-0.31184837
-0.83943003,-0.02770266
-0.7884968,0.2260097
-0.06491224,-0.16776794
0.100438535,-0.79987234
-0.754771,0.28515863
-0.83138573,0.14738706
0.29692706,-0.8896178
-0.75027925,0.27812487
-0.73686105,0.25111553
0.2490536,-0.9028978
0.2326632,-0.8984329
0.055709288,-0.34710672
-0.81436265,0.16185617
-0.82749647,0.14852104
0.225042,-0.8899146
0.2524447,-0.8375878
0.22245401,-0.821541
0.27226138,-0.89614195
-0.13408418,-0.32208553
0.09698476,-0.49683106
-0.79074156,-0.164387
-0.6649114,0.29496086
-0.8393911,0.013051159
-0.83622074,-0.030777374
0.27648365,-0.89931464
0.09845834,-0.42482725
0.28249988,-0.8949846
-0.84068286,0.0011114171
0.14572784,-0.83733326
-0.7252897,-0.20339724
0.2911586,-0.8933247
0.25918362,-0.8998137
0.26947036,-0.89713854
-0.20062491,-0.32161447
-0.84494716,-0.0052474854
0.29322517,-0.8935142
-0.8283172,0.0016614033
-0.8112826,0.05930091
0.28823662,-0.8923234
-0.7795634,0.23067646
-0.74942315,0.29913443
-0.84069365,0.034956884
0.107324824,-0.35788795
-0.80539393,0.19930892
-0.72836745,0.29086477
0.26338798,-0.898993
-0.050532933,-0.2655642
0.2447078,-0.8973792
0.13754411,-0.85944563
-0.43865994,-0.23080587
-0.7269657,0.25134647
-0.7458425,0.14422299
0.2065133,-0.88101166
-0.8165846,0.113625705
0.26817504,-0.89637256
0.13681583,-0.8506859
-0.75478154,0.29475144
0.2841087,-0.8955253
-0.7695675,0.2596202
0.1032053,-0.52255607
0.010257916,-0.5114043
-0.8417293,-0.07834896
-0.8491052,-0.017904934
0.2811854,-0.89472127
0.22502379,-0.8903958
-0.847496,-0.016006503
-0.7973172,0.21002026
-0.82900316,-0.05036449
-0.098613314,-0.19571882
0.22085643,-0.8895468
0.20832238,-0.8878755
0.27143392,-0.8974903
0.2785209,-0.89771885
0.10641776,-0.41377324
0.066865064,-0.35106936
0.11615311,-0.6479923
-0.5033025,0.088791594
-0.7381224,0.27594572
0.2726875,-0.898907
-0.84784955,-0.019324135
0.2621861,-0.90311956
0.26730478,-0.9014173
-0.81534725,0.041654367
0.10678454,-0.8040794
-0.8411189,0.020126885
-0.82532126,0.10605473
0.28403658,-0.89573556
-0.83380777,-0.12719773
0.12931463,-0.63958985
0.2575188,-0.89895886
-0.7473262,0.29641014
-0.75830954,0.27538335
0.10913275,-0.3765722
0.2645827,-0.8994027
-0.7484958,-0.059160117
0.27784434,-0.8976073
-0.84652126,-0.059191965
0.09709178,-0.37861162
0.20508395,-0.885027
-0.7512275,-0.18836702
-0.75826085,-0.071498714
0.26489076,-0.8982478
0.11572007,-0.48448575
0.28197667,-0.8969094
0.24838531,-0.89929515
0.1396045,-0.45487154
-0.82631254,-0.06967191
0.1583193,-0.83678865
-0.79948133,0.20488194
0.09379754,-0.5379475
-0.62927836,-0.16841842
0.26353556,-0.89484733
0.26566762,-0.8980246
0.24749638,-0.8987567
0.08274972,-0.5630415
0.2668215,-0.90090585
-0.7640234,0.2901369
0.26032615,-0.9005172
0.25483268,-0.8973371
0.13576798,-0.82612747
0.11433504,-0.6691091
0.13801697,-0.5087547
0.22482726,-0.8972606
-0.76252013,0.29672074
0.26772162,-0.899967
-0.83977026,-0.08616136
-0.6707663,-0.21284233
0.26926228,-0.89793324
0.27270803,-0.89714694
-0.66076684,-0.105962075
0.16153874,-0.72987926
-0.7976242,-0.008537798
-0.7658815,0.2772709
0.03652404,-0.35652092
-0.7930856,-0.14686213
-0.8429061,0.02052667
-0.85412395,0.0065291445
-0.83295745,-0.03628264
0.27016515,-0.8968937
-0.7611468,0.28880906
0.073916875,-0.53156656
-0.8285899,0.097183466
-0.8370268,-0.14486703
-0.8441043,0.04782268
0.14047939,-0.7010896
-0.8389793,0.0419827
-0.7503666,0.30064675
0.27415693,-0.8972345
-0.7831771,-0.14207698
-0.7217929,0.31313935
-0.7545395,0.08241153
-0.8502636,-0.060861167
0.2160651,-0.891714
-0.10165914,-0.16742332
0.239639,-0.8939014
0.28396556,-0.8949006
-0.6914822,-0.11132211
0.2701949,-0.89945877
0.26454392,-0.89965796
0.22323547,-0.89065427
0.23473638,-0.89349496
0.22418758,-0.88673395
-0.8235964,-0.10890156
0.10514089,-0.40943938
-0.82964534,0.03487958
-0.7502139,0.31056276
0.2259314,-0.88465136
0.21847029,-0.8929223
0.11064061,-0.7261855
0.11369451,-0.3618166
0.2792271,-0.8950811
0.24142417,-0.9006031
0.24723127,-0.9022307
-0.84404117,0.023480859
-0.8597141,-0.06885982
0.26239306,-0.8985835
0.119181074,-0.41168362
0.2824304,-0.8955901
0.23063824,-0.89541435
0.2775708,-0.8971293
0.2678098,-0.9013096
-0.75345975,0.28963792
0.1559913,-0.4395813
0.19461478,-0.8946651
0.24188161,-0.8993743
0.06811572,-0.35290644
0.20544311,-0.85490423
0.21525608,-0.8877171
0.2708314,-0.897802
0.2292607,-0.8955789
-0.5013647,-0.25129083
0.2954114,-0.8943804
0.00066226366,-0.3417872
-0.7481368,0.12273849
-0.79905844,0.18296912
0.28011763,-0.89680564
0.25144598,-0.9002643
0.2690207,-0.899078
0.18128918,-0.8548632
0.22787109,-0.89440584
-0.8436789,0.045091644
-0.8408772,0.043816436
-0.7569433,0.2909455
-0.08830092,-0.3742267
-0.8460772,-0.024474088
-0.84357154,0.051045306
0.2416321,-0.9033328
0.28044432,-0.8967876
0.16033271,-0.8456976
0.2609805,-0.90184015
-0.6767213,-0.17690982
-0.7565033,0.29177478
0.25953215,-0.9024949
-0.8057908,-0.09108627
0.25758967,-0.89986086
-0.7945706,0.23268628
0.25455028,-0.9033943
0.2339641,-0.90298957
0.26833132,-0.89734036
0.2684799,-0.8996937
-0.7395757,0.30464435
0.24796541,-0.8996768
-0.21439742,-0.23349863
0.2645646,-0.9015212
0.09964859,-0.3834472
-0.81788915,0.12413126
-0.7819899,0.25455362
-0.8531899,-0.05075898
-0.6555402,-0.098958835
0.12362508,-0.82325464
-0.056039076,-0.2471235
0.28038526,-0.8973541
0.2676135,-0.89881486
0.23889689,-0.8990532
0.11590939,-0.545485
0.24314415,-0.8990202
-0.75926596,0.26673138
0.27624282,-0.89520943
-0.06662117,-0.22375692
-0.8134547,0.15029593
0.24536969,-0.9039248
-0.84887,-0.027105771
0.28806546,-0.89353436
-0.74360913,0.22690801
-0.75145656,0.26412392
-0.85296196,-0.081709675
-0.85026145,-0.010553123
0.2946413,-0.8913465
-0.84005105,0.023611484
0.058180634,-0.44689104
0.26682988,-0.89899737
-0.8462516,-0.016823987
0.09903183,-0.4218434
0.08899785,-0.40091014
0.102387145,-0.47444487
-0.7573988,0.2942069
-0.7388423,0.3042679
-0.8258563,-0.13456418
-0.7582318,0.2881821
0.12068825,-0.5354171
0.27642217,-0.89669824
0.27707937,-0.897899
-0.82081026,-0.061490048
0.2814308,-0.89665395
0.25968832,-0.90077144
-0.85281384,-0.033485137
-0.82096744,-0.010072623
-0.801239,-0.10177944
0.2224787,-0.89679945
0.29308617,-0.89175534
0.12183781,-0.42902732
0.12698835,-0.40526608
0.1762457,-0.7758089
0.2706109,-0.8986526
-0.7680067,0.27787578
0.18260573,-0.43589205
-0.79690284,0.14445925
0.21130852,-0.8727448
0.22105569,-0.89819294
-0.7487953,-0.19551381
0.09590246,-0.40797234
0.27272063,-0.89977354
-0.8497257,-0.014292206
-0.78571177,-0.16467923
0.23441437,-0.9032594
0.09836295,-0.5121731
0.16740899,-0.8684406
-0.83331484,-0.017622413
-0.8532086,-0.057132054
0.26110125,-0.8982496
0.26836613,-0.89800864
0.24249698,-0.9002616
0.275208,-0.89907116
-0.7504419,0.28968734
0.2869076,-0.8960437
0.09495773,-0.5408469
-0.4188291,-0.06562236
0.18622492,-0.8654422
-0.84689695,-0.07827108
0.23532563,-0.89305
-0.43882278,-0.19256544
0.1683985,-0.750082
0.2699787,-0.8970001
0.05954787,-0.3740721
0.26698866,-0.89890814
0.1661524,-0.86794126
-0.83794135,-0.06945942
-0.8356852,0.010391624
-0.7725998,0.2304292
-0.749207,-0.07825014
0.24394065,-0.897001
0.28583303,-0.8948822
-0.7604166,0.26074103
-0.7797045,0.25889325
-0.8352905,-0.050630238
0.25464904,-0.89987195
0.123005845,-0.78748906
0.25083694,-0.90239376
-0.7956601,-0.14717445
-0.7707795,0.24193117
0.17742935,-0.86400837
0.24146187,-0.89377123
-0.7779264,0.23251463
-0.8355702,0.026569683
-0.8081419,0.15889354
-0.8189727,0.039079726
-0.85472137,-0.039967842
-0.18945453,-0.26451397
-0.7542131,0.28306925
-0.707635,-0.015888944
0.1610684,-0.8853446
-0.75858986,0.25510925
0.2357281,-0.8983415
-0.70706165,0.23528941
-0.79120034,-0.13354442
-0.79393196,0.24202226
0.24942484,-0.9015815
0.04093721,-0.35421813
-0.8457537,-0.056741398
0.2721119,-0.8977074
-0.08931112,-0.34708455
0.24989265,-0.8941507
-0.82999426,-0.021466596
-0.81532073,0.12211398
-0.77764475,0.26848412
-0.7874342,0.22020777
-0.7555803,-0.089074664
-0.7232013,0.31261104
-0.25764993,-0.058813922
-0.043408193,-0.35933772
-0.76323086,0.24132176
-0.82965434,0.07970631
-0.8268165,0.12402575
0.12711257,-0.5526869
-0.8192359,0.13479057
-0.10301761,-0.19071187
0.2712275,-0.8981229
-0.8222892,0.12788092
-0.8367295,-0.02390589
0.2694135,-0.8903936
0.15502007,-0.81229126
-0.76855725,0.28642073
0.2641512,-0.89657676
0.23134857,-0.88896745
0.17113607,-0.86250526
0.25669125,-0.89543813
0.2662733,-0.90137386
-0.82502705,0.124481216
0.26638386,-0.89912236
-0.80331385,-0.014343685
-0.83943826,0.05482047
0.24991408,-0.8918584
0.1229838,-0.6899237
-0.65368927,-0.16498706
0.11418848,-0.39034745
-0.8494355,-0.034254074
0.1693011,-0.847142
-0.84151495,0.051629752
0.24559447,-0.9003265
-0.52458286,-0.16632329
0.25904855,-0.9015813
-0.8413542,-0.023965426
0.23122576,-0.8994463
-0.71455467,0.103556246
0.26076332,-0.89913464
0.28343305,-0.89690536
0.26994485,-0.898281
0.21809207,-0.89270407
-0.8224294,0.13723472
0.2798289,-0.895967
0.250792,-0.89667
0.26211157,-0.89429057
0.26848352,-0.8997818
-0.563435,-0.22083388
0.24472928,-0.8959576
0.23485932,-0.88603884
0.0590027,-0.48023504
0.2646322,-0.90102994
0.13517699,-0.34322572
0.29788175,-0.89025116
0.12538108,-0.40461123
-0.4459326,-0.2937419
0.26076007,-0.9012701
0.042205717,-0.279429
-0.84060884,-0.020410018
-0.8464162,0.007216689
-0.8397535,-0.061902523
0.05710869,-0.43429518
-0.73761994,0.2913352
0.26436165,-0.90147215
0.27641195,-0.8934984
0.1282594,-0.356944
0.16125432,-0.5345214
-0.8349081,0.046895754
0.265334,-0.89882594
0.04960892,-0.5395405
0.2775551,-0.89802927
0.26013905,-0.9010541
0.27814668,-0.8965309
0.23234652,-0.90115297
-0.6493241,-0.10415568
0.13410515,-0.3509636
0.24441567,-0.9015321
0.1590823,-0.7882817
-0.85636014,-0.06174812
0.16260488,-0.84127504
-0.8298469,0.055890303
0.20663102,-0.48419437
0.26490015,-0.90098673
0.28893548,-0.8933895
-0.8470826,-0.026388695
0.14695737,-0.8354036
-0.7593969,0.28095704
-0.8301096,0.06623275
0.15961146,-0.8623419
-0.80864763,-0.17897962
-0.7585823,0.28704917
0.2699757,-0.89702284
-0.8488031,0.008499538
-0.84145737,0.04391303
-0.53362274,-0.03603285
0.24394143,-0.8975012
-0.819992,-0.15077505
-0.7464718,0.17349054
0.2573586,-0.8988203
0.27166948,-0.8977765
-0.7379533,-0.23999888
-0.77699757,0.1877371
0.27587643,-0.8985481
-0.80619603,0.21822105
-0.7802397,0.26654795
-0.8278774,-0.08183465
-0.7922292,0.1994152
-0.7550182,0.2835604
-0.8395394,0.029973982
-0.8470293,-0.065742165
-0.7555028,0.28372133
-0.8078959,0.10134586
0.25423187,-0.8989807
-0.78354096,0.18883619
0.07258032,-0.408285
0.28195578,-0.8974983
-0.857327,-0.026096078
0.24809588,-0.90127045
-0.7508114,-0.1811437
-0.76135486,0.27109796
-0.7373622,0.31567085
-0.82351565,0.029115964
0.29028535,-0.89355165
0.17555965,-0.50614923
0.258977,-0.8973721
-0.7142144,0.05736525
0.26465484,-0.8985016
-0.7877249,0.18548778
0.21973692,-0.89443254
0.262664,-0.8980926
-0.8194438,-0.07009548
-0.84256166,0.007837005
0.25071013,-0.8959382
0.2026812,-0.88362867
-0.7634272,0.27144957
-0.8297028,-0.06793908
-0.8463394,0.016172016
0.2715726,-0.89561063
0.24608465,-0.89883465
0.11380289,-0.5061014
0.13179432,-0.4717541
-0.7968682,-0.08954542
0.23422228,-0.8940236
0.2731521,-0.8945491
-0.73693794,0.2994135
-0.76199776,-0.066193506
-0.5647995,-0.18665402
0.08222969,-0.52608925
-0.84465575,-0.07912742
0.25940183,-0.90060914
-0.08871005,-0.28831
0.24696673,-0.89496887
-0.60341686,0.14337195
0.14211412,-0.81349236
0.2370857,-0.88872033
0.2800091,-0.8930696
-0.74316,-0.080711484
0.28596207,-0.89414
-0.82562673,0.09856123
0.25408515,-0.89933103
-0.82517123,-0.013123631
-0.7656568,0.26788616
0.28312266,-0.8962927
0.2481266,-0.90214944
-0.80753803,0.18451883
-0.82536584,0.12984715
-0.57610536,-0.2010663
-0.49825773,-0.13642548
-0.8330736,0.10728741
0.286171,-0.8951674
0.2674767,-0.9007762
0.23421822,-0.89294195
0.26428986,-0.90239334
0.28213888,-0.8983459
-0.7560049,0.29191497
0.27408123,-0.89774996
-0.76433074,0.26078594
0.28515008,-0.89718026
-0.8198341,-0.13163258
0.27710152,-0.8949724
0.21192868,-0.8406597
0.14282735,-0.8251112
-0.83192086,0.021413365
0.23737685,-0.89607143
0.2881575,-0.8932488
0.017318858,-0.31202018
-0.4936899,-0.036098365
-0.8207181,0.118866235
-0.8399445,0.013751938
0.28374672,-0.8962812
0.27697808,-0.8908394
0.10730256,-0.58623224
-0.7532254,0.28562623
-0.75299096,0.28099746
-0.8077737,-0.06379042
0.23550202,-0.89399755
0.27875656,-0.89610076
-0.80405134,0.17056875
-0.18745616,-0.11838702
0.1946262,-0.89234614
0.2691064,-0.9003319
-0.802684,-0.17343494
-0.7939526,0.21757643
0.03534073,-0.6370842
0.26471072,-0.90054625
0.27975595,-0.8981257
0.25467393,-0.8937223
0.100442186,-0.574916
0.16851568,-0.7231622
0.11306556,-0.646663
-0.41034228,-0.3092915
0.14991343,-0.34256816
0.05358121,-0.2615039
0.23991673,-0.89512795
0.23523371,-0.8952122
0.17935166,-0.8234384
0.279861,-0.89933383
-0.83070534,-0.019595763
0.26185766,-0.898637
0.028212735,-0.59531426
0.28624555,-0.89306647
-0.017247112,-0.3447913
0.25169754,-0.9024373
-0.85039276,-0.06229325
-0.74268055,0.29936567
-0.6952586,0.30053818
-0.8307671,-0.11026342
0.15265788,-0.79835594
-0.8404931,-0.015605984
-0.8062843,-0.15951315
0.24679336,-0.89828974
0.26538625,-0.89820474
0.12534702,-0.5192698
-0.7915198,-0.14515236
0.23432553,-0.90313524
-0.8423128,0.04173199
-0.7317315,-0.16667125
-0.8388706,0.0024375892
-0.75829154,0.28653866
0.2556423,-0.901604
-0.028642882,-0.23999996
0.24737242,-0.89828914
-0.7414993,0.2984435
0.077404566,-0.5119837
-0.77020264,0.26380867
-0.823421,-0.05840358
-0.11109386,-0.1881629
0.15103069,-0.3612741
-0.78274846,-0.10844438
-0.8303272,0.095062
0.28617275,-0.8947096
-0.7548247,0.30030313
0.28515017,-0.89633346
-0.44495293,-0.06442527
0.27284232,-0.899234
0.017456952,-0.33925027
0.2589026,-0.8983274
-0.8429426,-0.030138092
-0.7618717,0.2872794
-0.8418837,-0.06797519
0.28879687,-0.8941668
-0.78605855,0.25606683
0.07684487,-0.3880242
0.10466903,-0.6355376
0.22896618,-0.89306056
-0.84970045,-0.060729906
-0.8259505,-0.093347885
-0.5028537,-0.059392724
-0.84116435,-0.1236496
-0.8508841,-0.07331742
-0.2068952,-0.20981848
0.22292276,-0.8937949
-0.8007585,0.12002473
-0.739644,0.2644993
-0.838637,0.075808235
-0.7547961,-0.11429521
-0.8302986,0.098243505
0.22636898,-0.89190406
0.20428568,-0.86275595
0.05357737,-0.33190063
-0.85046494,-0.031134328
0.09890774,-0.58180875
-0.8483333,-0.034124296
-0.85659707,-0.0039148354
0.2622786,-0.8972231
0.15708998,-0.7350062
0.26113808,-0.8999508
-0.8207479,0.06046514
0.0734155,-0.3374512
-0.7464798,0.30093685
-0.8415642,0.04185103
0.09941126,-0.73145056
-0.73233515,0.3069516
-0.01562886,-0.3181983
-0.44759506,-0.10556182
-0.057407696,-0.2456058
-0.41909894,-0.28882876
-0.81161267,-0.097441174
0.2782299,-0.8964918
-0.7402028,0.29632622
-0.010124235,-0.46953097
-0.84460926,0.03860411
0.26236,-0.9009919
-0.8264894,0.07342055
0.06424996,-0.32554606
-0.7966922,0.043640994
-0.7677303,0.21903728
0.013072779,-0.31427735
0.1803615,-0.790988
0.2706938,-0.896831
-0.75706464,0.28322515
0.26550922,-0.89833456
-0.020106355,-0.33601102
-0.343456,-0.15779178
0.28585565,-0.8945207
0.24451336,-0.9020521
0.23585312,-0.89745873
0.25114214,-0.89530784
0.017085532,-0.24799287
0.2686043,-0.89917225
-0.7524479,0.2995838
0.21853606,-0.89765906
-0.21849132,-0.2482144
-0.84787965,-0.06629658
-0.7574095,0.28355223
-0.83323723,0.098951206
0.25944707,-0.8979443
0.19225171,-0.87675154
-0.81019515,0.17526309
0.15294254,-0.5161012
-0.74960244,0.29667622
0.23202246,-0.90128535
0.13091895,-0.7038828
0.09706577,-0.79674095
0.26363114,-0.89940554
0.2668554,-0.89971316
-0.7515058,0.29122585
0.07188379,-0.48698136
0.27554524,-0.897169
-0.83673495,0.085934296
-0.7482145,0.30283967
0.12832518,-0.5734358
0.09017381,-0.5055039
0.17694664,-0.8426304
0.070126005,-0.64931524
-0.426595,-0.2536009
0.2587825,-0.8970845
-0.841651,-0.11309269
-0.75847375,0.2559395
-0.8581964,-0.029130237
0.27389768,-0.8976637
0.13476348,-0.7383533
0.068202786,-0.31220564
-0.8485427,-0.011034744
0.25962862,-0.89563704
-0.26824266,-0.18368107
0.18813287,-0.80441743
-0.72367376,0.28956214
-0.83470273,-0.070248604
0.22044536,-0.8851976
-0.7557327,0.26755777
0.29154274,-0.8946131
-0.3800844,-0.1122244
-0.80128944,0.23274747
0.2542365,-0.90048933
-0.8508373,0.00908205
-0.8427354,-0.014989013
-0.79983896,0.22155121
-0.8346282,0.09170976
-0.20020165,-0.32503715
0.2593754,-0.89753175
-0.84896016,-0.031563792
0.08388655,-0.39422238
-0.8129319,0.041302737
0.15273115,-0.8582947
0.13940783,-0.7629915
-0.8323606,0.018568266
0.23827396,-0.8930445
0.2749611,-0.89708835
0.2648032,-0.8959699
0.25331682,-0.9002635
-0.81141245,0.16028678
0.25009632,-0.8977867
0.08686803,-0.384623
-0.49007463,-0.1329521
-0.548167,-0.14659815
-0.8275089,0.122614
-0.36989114,-0.21241458
-0.80725455,0.1556441
-0.82159454,-0.15596357
-0.7653518,-0.1827496
-0.8452975,-0.020942036
-0.73732024,0.2992361
0.23462656,-0.8928807
-0.7679315,0.2634755
0.27622807,-0.89833367
-0.85055596,-0.06977701
-0.74998736,0.075895816
-0.7865184,0.19953392
-0.82432634,-0.056229386
-0.78499407,0.1314569
-0.8485257,-0.081701174
0.26393768,-0.8991092
0.2768001,-0.8957432
-0.74934024,0.27296433
0.2682355,-0.89514714
0.26209646,-0.8995482
-0.84003145,-0.046578016
0.21801762,-0.8958533
0.2184995,-0.89460444
0.1409805,-0.5015514
0.07484582,-0.3637147
0.2616353,-0.90056425
-0.13886534,-0.1984865
0.033462472,-0.36236727
0.13209961,-0.6861073
-0.826154,0.06826193
0.22742656,-0.9002265
0.24486448,-0.9019516
-0.76996243,0.2407516
-0.83652973,-0.059024937
-0.04069768,-0.2499549
-0.84957564,-0.0069687795
-0.75959265,0.29884514
0.18061656,-0.81605726
-0.81955785,0.10551338
-0.8346832,-0.032854903
0.13843264,-0.41737753
0.23893347,-0.8981467
-0.84197885,-0.075404614
0.25851282,-0.8980454
-0.7374966,-0.12688671
0.28063074,-0.897048
0.15161324,-0.44525912
0.07888425,-0.32863
-0.75581396,0.30247274
0.2787049,-0.897044
-0.028362693,-0.30971408
0.22344431,-0.7134444
-0.7415372,0.30343014
-0.7554401,0.29044607
-0.3974354,-0.07526478
0.27613896,-0.8953979
-0.7373999,-0.18391733
-0.7787796,0.26232406
-0.7351579,0.30673105
0.25758815,-0.8920508
0.2456079,-0.87914544
-0.85260534,0.0032748212
0.2460399,-0.8969465
-0.738988,0.31050605
0.14555623,-0.64738905
0.16951434,-0.8621667
-0.8133024,-0.10575185
-0.8479895,-0.01934875
-0.8014116,0.091117576
-0.853517,-0.046784412
0.10277506,-0.44640177
0.25335795,-0.89804393
-0.8335312,0.06296239
-0.84927773,0.027776469
0.09212662,-0.34119853
0.13358288,-0.38859046
-0.7440985,0.28939232
-0.8337751,-0.040523462
-0.75491273,0.26831192
-0.5322068,-0.119041555
0.13359505,-0.5213914
0.21699215,-0.883686
-0.73416257,0.2900502
0.079069145,-0.48560277
-0.75002325,0.28768536
-0.7767733,0.2788334
0.1304235,-0.80282784
-0.09243541,-0.31399035
0.29269668,-0.8958114
-0.8512673,-0.06663794
-0.06067896,-0.1682497
0.24924417,-0.902217
-0.7546172,0.25677335
-0.32012632,-0.24362193
-0.73945683,0.3009902
-0.7500018,0.29625487
0.13985601,-0.52617115
-0.844955,-0.11247999
-0.61104107,-0.14417303
-0.74606234,0.30243862
0.110885754,-0.5916389
0.29002288,-0.8928829
-0.75393105,0.2850216
0.27758306,-0.8969777
-0.64563686,-0.10151073
0.14783151,-0.44783127
-0.8383308,0.09059371
-0.008246498,-0.32347193
-0.46643132,-0.03810999
-0.7880146,-0.15774915
-0.85079765,0.019729989
0.27656,-0.89645666
0.10236668,-0.5459001
-0.7782772,-0.155322
0.08746608,-0.42952853
0.081651896,-0.51796323
-0.80405474,0.06592818
0.27418378,-0.90204704
0.26819313,-0.89739424
0.0459782,-0.3150502
0.22720738,-0.8791241
-0.8412002,-0.10048223
-0.84130913,-0.019820116
-0.847143,0.08758867
0.27474594,-0.8980918
-0.8378888,-0.06888184
0.23130587,-0.9020312
0.27248478,-0.8976169
0.285347,-0.8931064
-0.7097155,0.2963397
0.084962085,-0.3823801
0.2885113,-0.89484304
-0.75426304,0.28489873
0.27804315,-0.8981996
-0.8266993,0.04839662
0.085907206,-0.30820546
-0.7329268,-0.17783535
-0.6308615,-0.07372937
-0.7966392,0.103604086
0.1254978,-0.3785666
-0.20930155,-0.12142005
-0.8455162,-0.059620414
-0.78365797,-0.05127592
-0.7394431,0.15284796
0.27251747,-0.8993983
0.023227798,-0.45745605
-0.7286441,0.30631766
-0.82919407,-0.11191926
-0.81008136,0.19467048
0.12456294,-0.42889068
-0.8032995,0.16959365
-0.81156415,0.11713942
-0.78687835,0.25987628
-0.73775786,0.30458406
0.2413334,-0.8984158
0.13764215,-0.44392958
-0.840602,0.03610905
-0.8449549,-0.05949816
0.25521368,-0.90270185
0.29244378,-0.89296204
-0.8327111,0.00494087
-0.7387797,0.3008612
-0.75272954,-0.09501551
-0.758544,0.28218323
0.22159643,-0.89555675
-0.38628322,-0.119765714
-0.8133784,0.13753326
-0.7226288,-0.21379061
-0.80564576,-0.16637817
-0.63718253,-0.26231244
-0.46778026,-0.12380126
0.16002616,-0.8604222
0.26562464,-0.89860535
0.14594966,-0.40119264
-0.8421684,-0.012852518
0.111599125,-0.56439114
0.06320491,-0.41413054
-0.4646017,-0.20632531
0.15070605,-0.45850578
-0.80776083,-0.116972625
0.25483203,-0.90366757
0.2521257,-0.8974444
0.02090718,-0.28582156
0.09919645,-0.6387363
-0.5929035,-0.12488101
0.07245733,-0.3893088
0.26120606,-0.8999226
-0.85257655,-0.0066904426
-0.73920375,0.2950756
-0.8514097,-0.004647809
-0.76201314,-0.18754542
-0.66371036,-0.2179134
-0.8450847,-0.0254675
0.07373527,-0.43510672
-0.77886444,0.22678909
-0.5822227,-0.1734969
-0.79490626,0.22106302
-0.7558227,0.2763249
-0.7823973,0.2584059
0.1643667,-0.8684935
-0.8409847,-0.10136081
-0.18858421,-0.18360503
0.11851046,-0.4711996
-0.7508821,0.29154244
0.14020096,-0.839816
0.2665125,-0.89743245
0.122613385,-0.36987466
0.08793377,-0.46966338
0.22112115,-0.8907416
-0.0007913352,-0.32929096
-0.84983647,-0.04229693
0.11650088,-0.4667962
0.22842768,-0.8929294
0.14343952,-0.3897489
0.2680007,-0.9015146
0.27592462,-0.8970828
0.24362548,-0.896747
-0.8039464,0.21756229
-0.7528355,0.28861988
-0.835239,-0.086542174
0.28386363,-0.89693826
0.26113656,-0.90174437
0.17148276,-0.614564
-0.84625113,-0.046954118
0.2414904,-0.895518
0.16821852,-0.5470192
-0.033848412,-0.31044933
0.07865123,-0.5364292
-0.7451297,0.3010068
0.2511715,-0.8973286
0.20886618,-0.8965243
0.025146823,-0.5019881
0.21079242,-0.39238203
0.07600783,-0.39602378
-0.76416,0.27437997
-0.82102025,-0.114081115
-0.6321127,-0.15327767
-0.7349237,0.29783365
-0.7579959,0.29649642
0.27957574,-0.89538234
-0.83675474,0.029623058
-0.8304113,0.047849998
0.090602614,-0.32943362
0.28624505,-0.8941158
0.26847574,-0.8962091
-0.06604958,-0.3274803
-0.74397516,0.28498083
-0.8452125,-0.09379512
0.18897077,-0.8321027
-0.8414274,0.024101298
-0.8039673,-0.12704489
-0.84109503,0.009296896
-0.8471512,-0.03484481
0.25645673,-0.8940118
0.12649715,-0.35211307
-0.7497764,0.2988353
-0.8032991,0.2117574
-0.8167573,0.11948767
-0.8161763,-0.18240306
-0.8219503,0.05787084
0.16246083,-0.7185693
-0.83247906,0.021477193
0.016354784,-0.2846191
0.2453882,-0.89822054
0.10236669,-0.67688274
0.07370719,-0.44385308
-0.7677717,-0.14300041
-0.7674467,-0.08727835
0.14205505,-0.81337255
-0.7494984,0.30204317
-0.732871,0.30429238
0.038331125,-0.4180374
0.24364446,-0.89981294
0.1179303,-0.5251104
0.08802189,-0.56111246
-0.8381226,0.055069696
-0.7929293,-0.08993602
0.1885171,-0.88192296
-0.63509566,-0.12723085
0.09016204,-0.36057118
-0.72159916,-0.13221247
0.24932882,-0.8987014
-0.7067194,0.1239132
-0.7474995,0.2849971
-0.7165324,0.30426887
0.18562679,-0.8730838
-0.54865754,-0.08787292
0.1701694,-0.8298241
0.2639993,-0.90030986
-0.84619594,-0.15111315
-0.7376618,0.30888197
-0.7387207,0.29209697
0.15054022,-0.5638944
-0.7742583,-0.17932941
-0.71257234,-0.1586615
-0.7449789,0.29173046
-0.8393575,0.01806875
0.15489565,-0.7856281
0.12932374,-0.36301756
0.23631342,-0.89324033
0.06621989,-0.35478073
0.16993788,-0.8569627
-0.77757955,-0.226013
-0.82197684,0.1795829
-0.839838,-0.04688326
-0.850863,-0.0063466164
0.27469772,-0.8996042
0.2833317,-0.8943022
-0.7725915,0.26492706
0.0660149,-0.3956513
0.090764284,-0.39560342
0.0497538,-0.29946205
-0.7301609,0.0449603
-0.81146973,-0.1508044
0.20891692,-0.8996859
0.09404211,-0.5686786
-0.74820715,0.3096051
-0.8593855,-0.024724964
-0.8282625,0.11946088
0.106407695,-0.37268806
-0.8333691,-0.12441486
0.06270758,-0.531911
-0.7230071,0.29181513
0.10346285,-0.37328613
-0.69862217,-0.19716343
0.16879305,-0.8704575
-0.38487867,0.022462688
0.27065754,-0.89694303
-0.85266775,-0.06189105
-0.7572455,0.28509042
-0.826812,0.10007677
0.14870761,-0.8582754
0.03341983,-0.40379357
-0.77625585,-0.13285859
0.15459286,-0.5850125
-0.83545464,0.0045656823
0.11509656,-0.62753296
-0.52858335,0.106699295
0.27097705,-0.8988616
-0.8486138,-0.0015137757
-0.8526912,-0.016989972
-0.7542703,0.28493646
-0.8035547,-0.17855789
-0.74874043,0.30531752
-0.84314513,-0.037115213
0.16321237,-0.84769845
0.29158163,-0.8934794
-0.44242027,-0.06800339
-0.75091416,0.29230842
0.06655369,-0.34751195
-0.7923083,0.08186884
-0.81761545,-0.11379642
-0.72723645,-0.06981107
0.19930142,-0.8845771
-0.74590105,0.28758618
-0.8455456,0.03280024
-0.20826955,-0.21344118
-0.7807582,0.18594573
-0.8258629,-0.05929938
-0.8424699,0.040390734
-0.79249877,0.21698426
-0.76624644,0.27838656
-0.49795786,-0.24338119
-0.7374036,0.29870802
-0.7456925,0.2993102
0.16706334,-0.61831474
0.25136977,-0.90016514
-0.8228055,0.10761506
0.0717237,-0.5578144
0.17681323,-0.43180525
-0.5863922,-0.17663398
0.15340881,-0.45875892
-0.8454169,-0.01984584
0.25569433,-0.8960442
-0.7963715,0.10157804
0.11991795,-0.4750795
-0.5352774,0.07209147
0.21984722,-0.8954743
-0.84009403,-0.011428304
-0.8518246,-0.05009657
0.07810634,-0.38233113
-0.7881136,-0.014059779
0.123684086,-0.41192338
-0.45784357,-0.21285124
-0.7724817,-0.18593794
-0.80496025,0.15497144
-0.7619139,0.3013294
0.2596809,-0.90078676
-0.8467954,-0.035963334
0.09369201,-0.36261758
-0.74152267,0.29279009
0.25085285,-0.90058005
