-0.7412106,0.25929835
0.87574136,0.01648409
-0.8112855,0.21891692
0.87715554,-0.0769833
0.011148481,0.42812318
0.8755697,0.015193447
-0.9035731,0.08707828
0.880588,-0.0322782
0.8843116,-0.099626236
0.8764167,0.01545811
-0.88416773,0.19023329
0.8830719,-0.098084986
-0.8645957,0.24318181
0.88332385,-0.09925252
0.8787417,0.013969683
0.87271136,0.017000472
-0.89657503,0.25162438
-0.9043036,0.087968625
0.2591691,0.33760837
0.2353591,0.4412849
0.8764378,0.016819969
-0.8351595,0.16420834
-0.8827965,0.24631877
-0.6869318,0.3103649
-0.85067314,0.18983299
-0.87774473,0.12926346
-0.89488834,0.25261685
-0.8984375,0.25331032
0.8790542,0.016643994
-0.8995946,0.25375158
0.8844553,-0.10095684
0.87718034,0.015193535
-0.8872709,0.11121846
-0.7672069,0.27435938
-0.49023888,0.3476429
0.87798375,-0.015824074
0.88183504,-0.10238004
-0.83878666,0.23178929
-0.8587067,0.17379598
-0.8599704,0.19698143
-0.9004946,0.2548971
0.8818191,-0.0944672
-0.904324,0.08799532
-0.8987364,0.25427407
-0.89801455,0.2548079
-0.9012753,0.086277604
0.298366,0.39396814
0.16459644,0.4580605
0.019744694,0.47124958
-0.89331794,0.10498491
-0.8456491,0.12828751
-0.88215923,0.14684214
-0.9018774,0.10185804
0.8831465,-0.09795325
0.17289017,0.45815587
-0.6304469,0.3186171
-0.9043774,0.088565186
0.24811159,0.41722405
0.14156395,0.45174578
-0.1365249,0.4289731
0.88507384,-0.10229467
-0.23116553,0.40884167
0.3060259,0.38524473
-0.8925581,0.065201424
0.23327397,0.41643333
-0.8988234,0.25429258
-0.73825437,0.28215036
0.17284203,0.4581556
-0.6799467,0.287178
0.17594102,0.45330948
0.2099126,0.44544774
-0.87759775,0.23735268
0.21644291,0.43599764
-0.8986868,0.25380665
-0.84622186,0.20549443
-0.9040131,0.08824142
-0.8865485,0.10988489
0.880342,-0.07496134
-0.86827016,0.11948459
-0.90485615,0.0886533
0.88396734,-0.10037879
-0.90548944,0.08436796
0.8762144,0.017732335
-0.7332931,0.2873321
-0.8636112,0.21791475
0.85392404,0.03743
-0.9090263,0.08883577
-0.89866865,0.25383818
0.40034932,0.33838296
0.87559545,0.014378615
-0.8967187,0.25271502
0.34709814,0.3625112
0.8823885,-0.09851532
0.88310784,-0.10057676
-0.27693987,0.39856216
-0.9058657,0.08725573
0.86339945,0.033127382
0.17164366,0.46420282
0.88251317,-0.097669594
0.18026508,0.45580494
-0.85458255,0.1263506
-0.8975718,0.25187275
-0.84686565,0.18095475
0.8759747,0.017970743
0.876699,0.019075917
0.8769603,0.016245691
-0.8533158,0.23194279
-0.3918319,0.226164
0.87460834,0.018526059
-0.90265876,0.087331
-0.82275146,0.20370975
-0.85441744,0.21732068
0.8266085,0.05296462
0.8826077,-0.09147182
-0.8815141,0.18844411
-0.6470369,0.3026596
0.88346064,-0.100529015
0.876693,0.014288453
-0.04746584,0.44398266
0.88094395,-0.03166273
-0.8928119,0.06333458
0.87608767,0.015056442
0.8760614,0.018065475
-0.3215104,0.38936433
-0.83701473,0.21134377
0.34449914,0.36628798
0.87733316,0.017434279
0.87621486,0.018022558
0.8831523,-0.076916985
-0.8846947,0.115719914
-0.82714945,0.25033817
-0.90395284,0.08837505
0.17744076,0.4586633
-0.8424508,0.17830014
0.15714322,0.4548044
-0.86680806,0.23520048
-0.9026325,0.08664997
0.8822905,-0.09561055
-0.8873406,0.24827687
-0.84478444,0.039044283
-0.7661532,0.27578476
0.87544847,0.016349003
0.8755585,0.004915728
-0.8793454,0.24197644
0.8831586,-0.10027501
0.13299625,0.4495854
0.8770479,0.016506672
-0.573064,0.34439954
0.8678109,0.022487095
-0.9024262,0.103256434
-0.8899518,0.11275812
-0.8909464,0.06749937
-0.9004524,0.25451955
0.87980455,-0.08994677
0.1838792,0.4543246
0.5047303,0.23968858
0.8813634,-0.036824714
0.17798507,0.45544332
-0.90453094,0.08627954
0.87618655,0.011051301
0.87898177,0.019230744
-0.73127615,0.2748269
-0.43020773,0.37298608
-0.86947596,0.15935947
-0.6670205,0.30857107
-0.9019124,0.15103613
-0.8785769,0.24191512
0.48554793,0.2520673
-0.647434,0.3107201
0.17650802,0.4578165
-0.89783937,0.25245196
0.88264287,-0.101661146
0.30173603,0.39878473
0.86339045,0.024512013
-0.5773595,0.3355874
-0.28459495,0.32023522
0.8764307,0.016509876
-0.048401628,0.40707812
-0.88639885,0.190743
-0.8319888,0.22894356
0.38700497,0.33501297
0.1760842,0.45509425
0.87620807,0.016484058
-0.82367164,0.028481428
0.14003234,0.4544216
0.17450379,0.45963392
0.18040118,0.45739612
-0.85979855,0.15630059
-0.89875823,0.2550813
-0.8983869,0.25426683
-0.9036793,0.08594279
-0.87836415,0.23876527
0.8753445,0.015821662
-0.89718556,0.25235116
0.8824354,-0.09768344
0.08670678,0.46640232
-0.8719546,0.18856132
-0.89402723,0.25126588
-0.90256137,0.08699752
0.18109645,0.45524758
0.14615266,0.45727816
-0.8845425,0.0578873
0.88004726,-0.058262102
-0.124221146,0.40404767
-0.717825,0.28434873
-0.8471177,0.20150535
-0.8767572,0.18609698
-0.89039356,0.24546129
0.8627348,0.022196086
0.8797141,0.017173
-0.8422019,0.23446567
-0.84453934,0.16246901
0.8760008,0.01743878
0.17082103,0.46206108
-0.2532728,0.38498306
0.17651339,0.45563254
-0.7337287,0.27720457
-0.9033361,0.088665254
-0.9017848,0.09039846
0.88122,-0.076528706
-0.91070336,0.08657618
0.17774841,0.4606559
0.88170177,-0.0983552
-0.91381216,0.08726886
0.876176,0.016529985
-0.8727156,0.16467713
0.8763419,0.016833672
-0.9052779,0.08706967
0.88004065,-0.069444485
0.87664527,0.017107274
-0.6236119,0.3060747
0.87992996,-0.075566545
-0.86679316,0.23560998
-0.89542943,0.11735159
0.85066646,0.035330262
-0.03467335,0.39855325
-0.8941723,0.25298887
0.8492689,0.03627117
0.8736624,0.014455872
-0.4978798,0.38143778
-0.47048584,0.34339255
-0.13970247,0.39459375
-0.8698483,0.23671168
-0.68830264,0.29270992
0.06912701,0.42372438
0.87550044,0.017586352
-0.8151539,0.21969135
0.31207326,0.38249055
0.87746286,0.01441605
-0.7187703,0.28062004
0.8773513,0.015145381
0.8789103,0.016273558
-0.87615633,0.22285633
0.87555534,0.017725777
0.883467,-0.103619434
-0.90334797,0.08817584
0.8762061,0.017293507
-0.87686557,0.15284127
-0.88500744,0.13492046
0.17444754,0.45801097
0.8671882,0.025273219
-0.8241059,0.22292401
-0.84703207,0.036067557
0.4921061,0.24883059
-0.83337957,0.19883952
0.87685597,0.015416931
0.8835317,-0.101347536
-0.7003243,0.28964302
0.88352734,-0.10252946
-0.8989476,0.25383005
0.20331289,0.44406107
0.88281465,-0.096348055
0.87988275,-0.08691043
0.87540483,0.017422782
0.8788216,-0.0124307675
-0.84814364,0.23509422
-0.26455426,0.40147686
-0.8343482,0.20251617
-0.89161897,0.09734218
-0.7233295,0.2943992
0.18872738,0.45071027
0.8754917,0.017674455
-0.9029971,0.086920455
-0.8988038,0.25324202
0.31605953,0.38807145
-0.5847261,0.06356392
0.87674713,0.014450697
0.87617874,0.016962152
0.8815328,-0.06401762
-0.9027263,0.086373374
-0.88158447,0.23298486
-0.8976842,0.2527031
-0.6336866,0.24761824
-0.90454125,0.08255323
0.19413297,0.45591462
-0.7764251,0.0137543455
-0.8990345,0.25438017
0.060800467,0.4453235
-0.87200105,0.18737587
-0.90727776,0.08567037
0.638035,0.17849799
0.8807646,-0.079649314
0.88119537,-0.0060882517
0.5874838,0.21430047
-0.8661722,0.23888333
-0.7728958,0.23270361
0.24885878,0.4470733
0.3881017,0.33126804
-0.9016046,0.08779352
0.87787443,-0.01708625
-0.85332704,0.19323023
0.17656691,0.45718125
-0.07035978,0.3766606
-0.83066976,0.2301372
-0.84678733,0.036706407
0.03909007,0.4527139
-0.58240896,0.32826212
0.8611821,0.024609435
-0.9041296,0.08719385
0.878077,-0.05338309
0.20202172,0.4514316
0.38184127,0.32204768
0.8675714,0.033173066
-0.858279,0.14221334
-0.8033968,0.25257128
-0.87013936,0.23673339
0.88410956,-0.09919185
-0.70693225,0.28752112
0.8766856,0.0146927945
0.8743976,0.017951727
0.87344307,0.019453013
0.10565467,0.43566018
-0.897924,0.25190148
0.12878351,0.43983302
0.31376588,0.38981554
0.8832319,-0.10017551
0.87747407,0.015797254
0.88297486,-0.06264612
-0.65177524,0.31529298
0.87447464,-0.04174388
-0.8218332,0.22218205
0.7282001,0.102689266
0.87688446,0.01653042
-0.8979473,0.2542157
0.2047594,0.44077623
-0.26456034,0.38449347
0.87661964,0.016891617
0.88299704,-0.042874403
0.8832628,-0.062110174
-0.876477,0.18812183
-0.82263905,0.21347475
-0.3384294,0.28326106
0.8766109,0.016655862
0.87714416,0.018112896
-0.88623375,0.24591313
-0.046306264,0.41810536
-0.7733917,0.2716185
-0.89873296,0.25422233
-0.89821935,0.25269908
-0.77416533,0.018077191
0.876302,0.016646234
-0.895958,0.110845104
0.87669235,0.009696995
-0.77815926,0.27427718
-0.9029076,0.13614321
-0.87160075,0.049447086
0.8799555,-0.019905906
-0.87339044,0.22515146
0.87744206,0.015471644
0.8778357,0.016933445
0.8765155,0.015759766
-0.8997137,0.2546448
0.8836693,-0.10132156
0.8791838,0.0046426277
-0.6300002,0.32368425
0.88437086,-0.10102359
-0.87846917,0.05486982
-0.61641425,0.33157396
-0.8541389,0.2230892
0.7327362,0.017243583
0.88077545,-0.06392775
0.17661953,0.45714706
-0.8953926,0.25192416
-0.8311731,0.20654637
-0.89991313,0.25367203
0.17557389,0.45775935
-0.9050985,0.087443754
-0.36743215,0.3772278
-0.87854904,0.23935178
0.27833265,0.3313328
0.8817322,-0.07338737
-0.8951169,0.07121702
0.8771107,0.0152508775
0.030479563,0.38719913
0.18719983,0.45578197
0.88282675,-0.09914544
-0.75629926,0.26971397
0.37765092,0.33938053
0.8760925,0.015759071
-0.8943499,0.08566453
0.18251097,0.4649473
0.8769718,0.015539706
0.07838728,0.4532155
-0.29747903,0.38271874
-0.90422416,0.087709315
0.18104471,0.45143214
0.87683755,-0.07466775
-0.6892814,0.3007824
-0.8088461,0.026823342
-0.2677908,0.4220796
-0.77387196,0.21727696
0.87644774,0.017017592
0.19357604,0.45452318
0.8782966,-0.0045171455
0.46869728,0.2615119
0.87400126,0.019433212
0.8760419,0.016327595
0.34331185,0.36801386
0.3818982,0.33620018
-0.89826435,0.2536017
-0.89628756,0.25280944
0.8776503,-0.0038708977
0.1755756,0.4558041
0.83575255,0.041695442
0.88150626,-0.07424639
0.8792176,-0.029614147
-0.88239074,0.24547659
-0.8564457,0.23341171
-0.89121366,0.06460109
-0.89939517,0.25518706
-0.84452516,0.23637222
0.22635168,0.44743806
-0.2861038,0.3957846
-0.82797426,0.21556169
-0.90125793,0.08216738
0.877237,0.014637821
-0.845784,0.15613723
0.8421429,0.032026205
-0.8214384,0.20027909
0.17358802,0.45537332
-0.87867385,0.14990848
0.8782076,0.017599382
0.876429,-0.0063126623
-0.9019826,0.08708447
0.859535,0.038079202
0.8812189,-0.059430033
-0.8664768,0.22798498
-0.78314203,0.277441
-0.8577477,0.24051088
0.86997473,-0.031602528
0.8721463,0.004374611
-0.8935844,0.08204326
-0.9021634,0.087891825
-0.9010871,0.088835515
-0.89927065,0.2544442
0.8762989,0.016709713
0.26646712,0.40525824
0.8767212,-0.0003584374
-0.8635193,0.049023725
-0.8984581,0.25291803
0.8760951,0.016580924
0.35361254,0.26569203
0.8812253,-0.08125972
-0.8793985,0.0517924
0.8844495,-0.10015713
0.88148415,-0.057372782
0.8765497,-0.06338045
0.8761492,0.016780516
0.28439477,0.39978558
-0.87819314,0.054973442
0.87904495,0.017679175
0.87721646,-0.070245884
-0.8964547,0.25247037
0.18239723,0.45440024
-0.8621927,0.23711678
-0.22770979,0.43181682
0.8760165,0.01660346
0.8766961,0.016288506
-0.8156015,0.2153163
-0.90340537,0.08786201
0.18490532,0.45136082
0.07584876,0.4499126
0.87655866,0.016787967
-0.8354425,0.2193358
-0.82976574,0.054247875
-0.6370526,0.316168
-0.86140907,0.2372125
-0.9049561,0.082846835
0.8762057,0.01677257
0.88356215,-0.10149343
0.22520247,0.43741262
-0.57949704,0.3371359
0.8769305,0.015405039
-0.8902381,0.24995343
0.88246506,-0.10020093
0.17039825,0.45562744
-0.74656314,0.28450134
0.8834151,-0.10176136
0.8768093,0.01658278
0.19107823,0.45518553
0.88375527,-0.10076
0.17731662,0.45509025
0.2161034,0.44169137
0.08940235,0.4502442
0.13507803,0.45562828
0.8759561,0.01583802
-0.8989465,0.25421754
0.87799907,0.015760593
0.87717164,0.016759815
0.24650559,0.4439288
-0.8432086,0.040106203
0.83602256,0.058455173
-0.89913017,0.25221714
-0.8767179,0.048759114
-0.7843188,0.2603488
0.17835213,0.45539382
0.8840438,-0.10157045
-0.86060804,0.13617967
0.8840763,-0.10092628
0.70444435,0.044627342
-0.606662,0.3173011
0.54508257,0.117312945
0.17948852,0.4542205
0.87728584,0.01230193
0.74189097,0.10149192
0.29058403,0.40765858
0.8767671,-0.016055645
-0.8989561,0.11625224
0.8414147,-0.017111821
0.17618698,0.45779797
-0.86469525,0.2306252
-0.9040421,0.08812359
0.882515,-0.10019644
0.43773302,0.27589023
-0.40498936,0.21290246
-0.8771263,0.18686232
-0.7704306,0.26387095
0.88003784,-0.049295533
0.19944638,0.44603884
-0.8984048,0.25401774
0.8813814,-0.068343244
0.88367,-0.10117181
0.8816294,-0.09986934
-0.87681925,0.23887706
-0.886481,0.05954587
-0.14794116,0.36159772
0.8743075,0.020573528
0.8772382,0.015289594
0.06558391,0.44695833
-0.9094986,0.08814769
0.8837059,-0.10147336
-0.06742668,0.38828942
-0.74759024,0.2780138
-0.6976539,0.29362583
-0.9039192,0.08742475
-0.8846135,0.18989016
0.8765683,0.016520176
0.17641798,0.45623556
0.8830477,-0.093700625
0.08985774,0.42754155
-0.89648443,0.25301266
0.88136125,-0.086689465
0.87506145,0.016132973
0.87850255,-0.025559783
-0.8592448,0.23839258
0.12664059,0.45565858
-0.89750063,0.2529448
0.176822,0.45644894
0.8812586,-0.078691736
0.88365,-0.10059222
-0.8983718,0.25319508
0.87024224,-0.104857974
0.8773859,0.016769737
-0.89488333,0.124812804
-0.90362215,0.087530635
0.87751687,0.015866859
-0.8688769,0.047142696
-0.81747884,0.23336029
0.17288661,0.4491568
-0.86859226,0.23732409
-0.8640246,0.25024122
0.87805426,0.0150400875
0.39269176,0.3284389
-0.8946544,0.25367835
0.8827329,-0.10020007
-0.20009689,0.40813485
0.8821003,-0.101099856
0.8780377,0.018750137
-0.6709231,0.3089834
0.3872334,0.2686412
-0.900755,0.084514014
0.8764291,0.013028555
0.8759876,0.01744648
0.87773156,0.017173862
0.81667256,0.052949823
-0.9032445,0.08557768
-0.49668458,0.36263767
0.15951037,0.4611747
0.8827318,-0.09169474
-0.879292,0.23987195
-0.89706373,0.25174057
-0.9046114,0.08889422
0.88210624,0.01558124
-0.69885373,0.29419583
-0.8247898,0.17224701
-0.8854712,0.24270615
0.885225,-0.100171514
0.19653067,0.44605848
-0.85573083,0.22872013
0.055285923,0.451004
-0.85091925,0.21760188
-0.55700445,0.34602413
0.8813916,-0.045745034
-0.61576265,0.3176252
-0.7732331,0.013882173
0.27001035,0.41839373
-0.8778862,0.15806493
-0.9040397,0.09272034
-0.89775294,0.25273085
0.16653575,0.4611708
-0.87128615,0.19993646
-0.36582032,0.39044642
-0.34159195,0.40040588
0.17235515,0.45628327
-0.88917434,0.07013968
-0.89768356,0.25415242
0.86926925,0.021789007
0.26320994,0.41399688
-0.86479634,0.05982975
0.87124944,0.0033667712
-0.87319255,0.2411642
0.8834147,-0.10131006
0.5931555,0.21204129
0.8763875,0.017768105
-0.8992891,0.2549263
0.8817137,-0.10040011
-0.67097944,0.31657937
0.8796509,-0.055153474
-0.7066709,0.28914288
-0.89900964,0.13557027
-0.8642326,0.22807243
0.8773608,0.016346917
-0.8940754,0.24985822
-0.67987275,0.29883298
-0.83206344,0.19063222
0.88412404,-0.10137165
-0.8862004,0.10226514
-0.22192863,0.43095994
-0.9037532,0.087689415
-0.8701323,0.24321778
0.3089587,0.38095728
0.17309937,0.45857635
0.5063773,0.23072828
0.8657523,-0.11323707
0.873729,0.013798246
0.8809062,-0.094745465
0.17521422,0.46055204
0.8827875,-0.091613404
0.43096814,0.3091139
0.88371587,-0.10031985
-0.8564607,0.1573201
0.87973976,-0.0073148534
-0.887068,0.24470428
-0.76625377,0.26405206
-0.85283697,0.06450161
-0.90236425,0.08701053
0.8766746,0.016418822
-0.8956838,0.25156924
-0.675209,0.30163687
-0.83972263,0.16207589
0.87746793,0.017405864
0.17520733,0.46530235
0.87679166,0.016218014
-0.8054132,0.02560049
-0.19509499,0.420905
-0.882754,0.1898968
0.8755993,0.01616418
-0.7723811,0.27184784
-0.08204777,0.41640922
-0.9049315,0.08668763
-0.69887656,0.2924245
0.0809637,0.4503324
-0.90580237,0.087220095
0.8756539,0.017617194
0.51416343,0.10939117
0.04979263,0.4599603
0.029513855,0.46807253
0.17159764,0.45763233
0.39739868,0.14357147
-0.90539336,0.087482266
-0.866624,0.21934071
0.07755436,0.44358575
0.8706839,0.016168574
0.88393027,-0.1017376
-0.23985411,0.3991661
-0.75607675,0.27244082
0.8753585,0.017979134
0.8790566,0.018557474
-0.8008649,0.2517996
0.8842744,-0.08876963
-0.28938967,0.39679486
0.8784814,-0.0450812
0.8835158,-0.10016479
-0.846917,0.17179747
-0.90245426,0.10561066
0.8761952,0.013769182
0.18018775,0.45380923
0.17002319,0.45910618
0.8738729,0.016457394
-0.69000816,0.2941374
0.87506986,0.018857317
-0.9000363,0.08425458
0.8763419,0.01603629
0.17474417,0.45575938
0.06777967,0.4532712
0.8840315,-0.100521825
-0.8259687,0.24439915
-0.8692566,0.23889971
-0.8903771,0.24916553
-0.8476188,0.037780873
-0.8205764,0.025233984
-0.9033636,0.08679546
0.058864135,0.44842482
0.87593085,0.01650349
-0.86052036,0.22469969
-0.9035383,0.08980644
-0.89660597,0.2524755
-0.86772424,0.16849683
-0.87545216,0.18791738
0.8755719,0.003524346
-0.49271587,0.35540155
0.8843213,-0.09745202
0.8837444,-0.102342814
-0.7304683,0.27917567
-0.88894624,0.10425317
-0.897655,0.25662342
-0.5801862,0.33672342
0.8685122,0.024327068
-0.88342834,0.24631724
-0.8885314,0.17025498
0.17719984,0.45780563
0.1790219,0.45743987
-0.9082872,0.08573975
0.8761558,0.01680548
-0.8983972,0.25473875
-0.8740567,0.24052778
0.29795232,0.40096113
0.876968,-0.0276403
0.8827428,-0.10534284
-0.9016077,0.12978582
-0.8507836,0.2562766
-0.75834167,0.27249682
0.8767271,0.017359963
-0.42479494,0.375445
0.8746212,0.016514655
0.88206184,-0.05918358
0.87410635,0.01592467
-0.90537393,0.08726457
-0.28085104,0.40093395
-0.8321211,0.25253537
0.2008861,0.444628
-0.89716846,0.25342652
0.19208424,0.45183098
0.18765014,0.45013228
-0.87458193,0.24294533
-0.8669088,0.1863734
0.79350615,0.063433364
-0.8123904,0.24624847
0.8763337,0.01679206
-0.9047823,0.08831741
-0.74327135,0.2727191
-0.43576726,0.3696572
-0.88660204,0.11208597
-0.9050345,0.087656654
-0.89773357,0.25397968
-0.8854146,0.24389246
0.87576824,0.014376228
-0.8988128,0.25597814
-0.7896078,0.24506119
0.18213348,0.45133725
0.22383045,0.43911186
-0.6532671,0.30657646
-0.17565906,0.41460216
-0.76411897,0.27212086
0.85722536,-0.024679692
-0.9009784,0.08968143
-0.8777106,0.1998554
0.1775978,0.46024477
-0.806282,0.24921456
-0.55052567,0.3566446
0.1577034,0.4498024
0.876369,-0.01902182
0.8836882,-0.060861565
-0.9014656,0.08676063
-0.73763895,0.057275806
-0.9059253,0.08669375
-0.67367494,0.31646752
0.28189263,0.40452734
0.10556576,0.44014087
-0.8919401,0.24819417
-0.88354826,0.124095716
0.20593937,0.4421849
-0.8876302,0.24364877
0.87588865,0.015442427
0.16551287,0.46153146
0.8835135,-0.10080085
0.88064367,0.0012114923
0.8837085,-0.10076905
-0.9044486,0.08600992
0.604841,0.17231104
0.7847734,0.075700805
-0.54879344,0.3759323
-0.8662168,0.22072761
0.88155174,-0.09811361
-0.062827885,0.43634152
0.87870675,-0.056602363
0.876332,0.018425567
-0.81598127,0.21802276
0.33352697,0.37439945
0.6326556,0.14696191
0.8824148,-0.09547128
-0.8961711,0.2514167
0.8831104,-0.09402314
-0.8927207,0.24988545
0.20737813,0.44748124
0.87047726,0.018696187
0.8765,0.015182189
0.87677634,0.016088996
0.81486464,0.039895143
-0.645056,0.3109425
0.15238789,0.45028397
-0.8961142,0.08380302
0.8549515,-0.116664596
-0.4557466,0.35697737
0.8771538,0.016490895
-0.7190544,0.28084406
0.8768439,0.016011355
-0.68527365,0.21338998
0.87966317,-0.049708866
-0.7305759,0.28317967
-0.88247675,0.188106
0.8760521,-0.067018084
-0.77517194,0.23657332
0.20291457,0.44327033
0.068282016,0.41098288
-0.6452776,0.31443584
-0.89453256,0.22830018
0.8772655,-0.006425219
0.17910759,0.45812282
-0.84421355,0.23135674
0.8780901,-0.02558081
0.18888284,0.46276754
-0.8964943,0.25135687
-0.74650383,0.24597408
0.8793487,-0.0653972
0.88186777,-0.06192201
0.8759463,0.016373489
-0.885097,0.112248525
-0.89972275,0.25637135
0.87844247,-0.073099166
-0.8416463,0.042058706
0.30004784,0.38976645
0.8756073,0.019140478
-0.871767,0.2368726
-0.87717235,0.07215159
0.10505368,0.4437798
0.056257427,0.4349043
0.8775322,0.01651443
0.87688106,0.015559496
-0.8873132,0.121995464
-0.894574,0.25074798
-0.7417942,0.27914616
-0.8615352,0.10520371
0.87604517,0.018850962
0.87491894,0.017022803
0.8838251,-0.10088395
0.8760615,0.017968465
-0.899259,0.25333884
0.16372521,0.45444685
-0.9061883,0.08398414
0.8755363,0.017573422
0.87763166,-0.10427389
-0.35416096,0.37191474
-0.8991684,0.2532459
0.88229257,-0.08727304
-0.7210275,0.29347
0.15499058,0.45482963
-0.90423036,0.087639175
0.77263343,0.073673315
-0.8089146,0.2469465
-0.9047947,0.08744153
0.18014891,0.45478237
-0.17010628,0.40470037
-0.30170494,0.37193495
0.8822288,-0.09887942
-0.90414417,0.08775893
0.17282206,0.45886204
-0.8675733,0.23661956
0.87668395,-0.0043737087
0.8837697,-0.10157857
0.8749855,0.017631836
0.88041735,-0.09722952
0.8793484,-0.09691497
0.8796219,0.006725436
0.14909694,0.43498886
0.8820137,-0.09423524
-0.7463058,0.26906505
-0.904327,0.08895396
0.04097775,0.4393393
-0.8407492,0.24933495
-0.8798043,0.18728855
0.7461899,0.10410816
-0.65275615,0.31970096
-0.8991747,0.2538161
0.8837762,-0.1003789
-0.89137894,0.06157013
0.18307762,0.4534515
0.88221014,-0.09831748
0.87592703,0.018674681
-0.84488076,0.20129961
0.33223325,0.3691929
0.8766631,-0.029393654
0.8832297,-0.09874178
0.8813594,-0.10056123
0.88239515,-0.043813378
-0.17852385,0.40516183
-0.89522034,0.16959152
-0.8611927,0.23157273
0.8830447,-0.100147374
-0.8483284,0.23286633
0.25602907,0.39338604
0.38565284,0.33592302
-0.89589065,0.10420925
0.8768603,0.014693973
0.8830277,-0.10067119
0.87893206,0.017360384
0.88273895,-0.09673769
0.8764213,0.016278101
0.8805416,-0.060381524
-0.7428859,0.2729024
0.8774345,0.015020347
0.8818361,-0.05319124
0.86073107,0.027278956
-0.8983806,0.25390047
-0.8829793,0.09783698
0.29204726,0.39150625
-0.7590573,0.2646975
0.8839277,-0.10072402
-0.65504247,0.3190214
0.12292432,0.4474954
0.8791859,0.013282113
-0.8973108,0.25300223
0.872084,0.018307777
-0.88221353,0.13357373
-0.8955048,0.100098714
-0.70870763,0.2795826
-0.90627986,0.08842367
-0.7905424,0.26215383
0.88296103,-0.09987914
-0.27666938,0.37910402
0.71746707,0.13542405
-0.8948477,0.25006285
0.27622056,0.41091585
0.8757754,0.016059453
-0.2540223,0.41031796
0.8763,0.016537176
-0.8828048,0.18912962
0.87628925,0.016428728
-0.862739,0.23776545
0.87396634,0.018065227
-0.8260466,0.24633309
0.23719071,0.43450838
0.876221,0.016411353
0.8829098,-0.10038954
0.8768493,0.017950695
-0.9036863,0.086463585
-0.8968176,0.2539798
-0.3065399,0.35689804
0.022621028,0.44300216
-0.89620835,0.25276312
-0.8977328,0.25300935
-0.7636308,0.02032775
0.8819705,-0.097086646
-0.7184532,0.28059626
-0.9049877,0.086384885
0.44008884,0.2835777
0.17979114,0.4540349
0.8747162,0.016643496
-0.8492154,0.04324941
-0.51404816,0.3158228
-0.8939304,0.06331647
0.8769241,0.016026782
-0.8866013,0.16815826
-0.90488577,0.07408564
-0.8946808,0.2495132
0.20029312,0.44873968
0.88191175,-0.035955813
0.88354456,-0.09930622
0.8835352,-0.099525586
0.87500215,0.01764324
0.88288635,-0.09876575
0.17527689,0.45683533
-0.44798392,0.36325318
0.88295275,-0.10121338
-0.90010184,0.07005965
0.8762683,0.01789759
-0.3459893,0.392021
-0.9077574,0.08639198
-0.893774,0.25095755
-0.13265397,0.4507112
-0.26359126,0.4161555
-0.8895867,0.25039983
-0.7398993,0.27685627
-0.6807361,0.29027537
-0.90476745,0.08723376
0.17719634,0.45551732
0.88295454,-0.09801598
0.8837138,-0.10011896
0.878999,0.015303986
0.876669,0.015947957
0.20982826,0.44994208
0.8752599,0.012067578
0.14952192,0.4604388
0.17646566,0.46587434
-0.8854221,0.24249281
-0.88864726,0.06176673
0.8835469,-0.0988554
0.1813568,0.4513826
0.8817017,-0.10159893
0.88353384,-0.10130326
0.21930276,0.44868127
0.8748248,0.018543113
0.8819661,-0.10050257
0.8746031,0.016573958
0.87874013,0.015636453
-0.42692256,0.35787442
0.27641696,0.40871498
0.8796831,-0.051536072
0.18890974,0.4528895
0.8767463,0.016758427
-0.71013784,0.28317413
-0.3676253,0.3667503
0.17310534,0.45606023
-0.9016898,0.08708689
0.8766981,0.019556696
-0.89867175,0.2538846
-0.747031,0.23418593
-0.49623317,0.30452526
0.8806073,-0.095918044
-0.8917583,0.2500866
-0.7938014,0.27926406
0.8757872,0.0178097
-0.7730936,0.2609092
-0.88368744,0.24479185
0.87630904,0.017089387
-0.11076958,0.37348393
-0.85626787,0.23460366
-0.6964555,0.30226928
-0.8983792,0.25272694
0.87338793,0.021765819
0.33516857,0.37863916
0.8784108,-0.03304483
0.87060297,0.021440437
-0.89775217,0.25216556
0.8820171,-0.10303067
-0.8342885,0.18232182
-0.3206768,0.41727856
-0.5656024,0.36743027
-0.8880192,0.13903384
-0.9043316,0.08661067
-0.8990543,0.08385583
-0.8951511,0.09175333
-0.2797511,0.40077046
-0.8213665,0.01862445
0.87446755,-0.047518887
0.17747785,0.46288416
-0.85819405,0.2317307
0.88484126,-0.10149737
-0.27483487,0.3961385
0.8783096,0.011591945
0.87288123,0.021959601
0.20886083,0.4435473
-0.85446024,0.2117747
-0.8480033,0.1787683
0.8828149,-0.1003396
0.16664205,0.44831502
-0.43491516,0.36048555
-0.64429915,0.31263858
-0.88777465,0.2524556
-0.8825556,0.20067877
0.88378376,-0.10042088
0.06296833,0.47255528
0.6068451,0.18045609
-0.7490177,0.28658196
-0.7494364,0.27530333
0.8765577,0.017557709
-0.88179636,0.23870675
0.8765597,-0.027687972
0.87691456,0.015456394
-0.7848642,0.24966866
-0.9099477,0.08726215
0.8765393,0.016267963
-0.7954269,0.21643996
0.8834575,-0.101397
-0.8995685,0.25367516
0.8820736,-0.091810085
-0.906997,0.08753101
-0.89160216,0.24839196
0.15250462,0.44379917
-0.86192644,0.1299034
-0.896957,0.2526839
0.4324952,0.29403457
0.88465124,-0.09380393
-0.8773939,0.119295634
0.88336205,-0.09888808
0.8758851,0.017066773
0.8852188,-0.09909037
0.8770756,0.015512732
0.8819339,-0.09023265
-0.8976244,0.25308684
-0.8986657,0.25456947
-0.8811459,0.18961112
-0.8795223,0.20503265
0.8782087,-0.015955726
0.002496003,0.41259953
0.8834433,-0.10113938
-0.62728405,0.31552047
-0.90335375,0.0871226
-0.728956,0.06096502
0.87628233,0.018175261
-0.9056694,0.08721038
0.18232994,0.45128137
0.8762108,0.017639967
-0.8775777,0.12729684
0.84834945,0.035597324
-0.8821084,0.18631028
-0.81041324,0.25220695
-0.728203,0.2968453
0.8734128,0.014441498
0.38932014,0.31698227
0.87600535,0.01626244
-0.6526568,0.31000218
0.16566513,0.44359767
-0.7747562,0.25641748
-0.8885545,0.1880414
0.8778908,0.013127402
0.8831791,-0.09901705
0.22607632,0.43509737
-0.75997055,0.26065978
0.86422753,0.024476811
0.21003336,0.43123645
-0.8969148,0.25487968
0.29089114,0.4137118
0.2186986,0.4389225
0.87640357,0.01671156
0.80027825,0.06090079
0.19967723,0.44417635
-0.8777614,0.23800294
-0.8316026,0.1941874
-0.7329102,0.29619792
0.040792055,0.44300866
-0.25532222,0.4067035
-0.8793059,0.18860638
0.17477202,0.45875052
-0.59632534,0.34065214
0.17655267,0.45730394
-0.63621444,0.31873348
0.8839007,-0.100893505
0.1594746,0.45690474
0.48846346,0.25004372
-0.7755649,0.26780125
-0.89848644,0.25378188
-0.81549835,0.2156355
-0.9061879,0.08752499
-0.9041297,0.090155885
-0.2630235,0.4114846
0.8500232,0.02986436
-0.7310311,0.2993182
0.8834761,-0.10182415
0.8778579,0.0058448417
0.88127166,-0.0949636
-0.90454006,0.08740274
0.87118137,0.022026604
-0.24118625,0.39479625
-0.9042803,0.08782753
-0.88266987,0.19772264
-0.90099144,0.2547724
-0.8526297,0.24400902
0.87788886,0.018229844
-0.90707415,0.08768199
-0.9047895,0.087800644
-0.7760293,0.24934523
-0.86287487,0.23016828
-0.8631944,0.22746827
-0.6851137,0.28764117
0.8766413,0.017969266
0.87672836,0.017222565
0.8839211,-0.10140519
0.87584174,-0.010461611
0.8840065,-0.10004991
0.20849198,0.44336754
-0.8985913,0.25394392
0.8781572,-0.026255947
0.88361293,-0.10056009
0.34081233,0.36504954
0.88346916,-0.09996357
0.20189899,0.4451174
0.87675077,0.017542988
-0.68069386,0.30494174
0.87442255,0.019402161
-0.89368224,0.24948537
-0.36826888,0.4103143
-0.8749974,0.08077149
0.15291962,0.45820332
0.17766322,0.45476788
-0.78466606,0.25492927
0.33474225,0.37093335
-0.87587184,0.1384852
0.1793902,0.46077126
0.0770472,0.42876044
0.8811242,-0.07364466
-0.8199752,0.24192043
-0.9039133,0.087617196
-0.78924215,0.018847456
-0.86690164,0.05376048
-0.8656956,0.23835117
-0.8864843,0.1909297
0.88337106,-0.098759055
-0.87765193,0.05421853
0.17539056,0.45625898
0.17899252,0.45712984
0.13963374,0.44494987
-0.4917686,0.33510083
-0.89917326,0.0845486
-0.89468044,0.2499068
0.17269547,0.45674783
-0.8663279,0.093069986
0.87643194,0.018553248
0.88330233,-0.10108544
0.8836208,-0.10015323
0.8560823,0.030889438
-0.9042308,0.0880853
-0.9084608,0.08654286
-0.8916867,0.2477021
-0.89397454,0.111926995
-0.88534427,0.06371366
-0.7334956,0.2739485
0.20308453,0.4444796
-0.8756141,0.12673956
-0.8939642,0.2501969
-0.8852186,0.23924519
-0.88492197,0.057679515
0.87560624,0.016487272
-0.8923324,0.061687946
-0.8269224,0.18499607
-0.8985681,0.2539593
-0.815486,0.24826244
0.8797222,-0.09418395
-0.8950352,0.2498818
0.8771528,-0.05485599
-0.74330807,0.27614716
-0.8102691,0.25273055
0.87611496,0.017035633
0.881504,-0.06981535
-0.34038967,0.40300822
0.5339498,0.20067897
0.8717029,0.015962983
-0.27604106,0.3998407
-0.86142987,0.04076742
0.047168046,0.44394827
-0.38261065,0.37953943
0.8846121,-0.100663915
0.13936864,0.4567898
0.8823509,-0.09658217
-0.75370634,0.27816504
-0.8999937,0.09405716
-0.45190424,0.36556384
-0.9054685,0.094709
0.878402,0.016715048
0.8748334,0.013026685
0.8776613,0.015681574
-0.8631739,0.23448727
-0.7201074,0.2784514
0.5117626,0.2434525
-0.89579713,0.2507782
-0.7506409,0.27438846
0.20828733,0.4471922
0.22573604,0.43601876
0.8763064,0.016259948
-0.8855092,0.061050057
-0.5906553,0.34019116
-0.575242,0.23745756
-0.38749886,0.22028095
0.88051295,-0.0954739
0.883503,-0.09556264
0.88352567,-0.102056704
0.17704938,0.45370245
-0.86570287,0.23270038
0.19610432,0.46332344
0.88443404,-0.09968592
0.14224462,0.44703102
0.8562456,0.028022686
-0.8956846,0.25088593
-0.8805678,0.25044754
0.87822396,-0.07553477
0.8826222,-0.09335789
-0.8707709,0.2336443
0.047975574,0.46076682
-0.886709,0.12024246
0.13367862,0.46792117
0.88240606,-0.09788379
0.86702305,0.023820924
-0.90347624,0.116737254
-0.6960313,0.28527206
-0.8982237,0.25334063
0.20375511,0.44653592
0.8834314,-0.09884735
0.87592834,0.016266093
-0.8784501,0.24616559
0.8693954,0.022613972
-0.84134465,0.19053173
0.88260055,0.016387967
-0.82923615,0.24101593
0.87764853,0.016617782
0.8831664,-0.10099165
0.17024247,0.4569149
0.8786484,0.0065646563
-0.8580333,0.17934729
0.8824688,-0.026950266
-0.90892756,0.08856611
0.87667227,0.016722048
0.8542278,0.037880793
-0.89541996,0.08885275
0.17252265,0.45373
0.12646444,0.43300083
-0.88324875,0.24530761
-0.7987931,0.027335672
-0.90431327,0.08804878
0.8760298,0.014862218
-0.2875107,0.39501923
0.88292867,-0.09163035
-0.87795734,0.12703346
-0.89482635,0.25140944
0.88415366,-0.097867265
-0.24213624,0.37958762
0.87491196,0.012796891
0.8789843,-0.010059878
-0.8816158,0.19000985
-0.7958545,0.25458792
0.16675688,0.45480382
-0.70464987,0.29933253
-0.6489932,0.314697
-0.8915471,0.06141329
-0.8810326,0.18903136
0.79123205,0.07609294
-0.7657099,0.22962973
-0.9009312,0.2551435
0.17959873,0.4538819
0.87611,0.016758436
0.17009641,0.44932944
0.8734551,0.0008287716
0.8620516,-0.026692977
-0.882604,0.05550103
0.8767181,0.017390464
0.18123999,0.45285293
0.8787322,0.016836422
0.19086428,0.4660389
-0.6445192,0.3116041
-0.29309562,0.4227801
0.8800251,-0.070958614
0.8770977,0.015753135
0.88078535,0.011528
-0.88408875,0.12346676
0.8759928,0.01633588
-0.47317562,0.3585557
-0.8813907,0.053661745
-0.8678029,0.046103425
-0.8247451,0.22245118
-0.7190245,0.2870511
0.8561574,0.009851915
0.882743,-0.09832786
-0.86066467,0.18853647
0.88409185,-0.10013869
0.8577007,0.031163512
0.87981045,-0.062212665
-0.8704867,0.19920142
0.87986475,-0.0063396906
-0.82605517,0.20693892
0.8840952,-0.10047904
0.8806569,-0.0028107702
0.22097631,0.44038352
-0.6195855,0.3170127
-0.8986655,0.08081521
0.88376576,-0.100906044
0.83766145,0.03509205
0.8768197,0.016069092
-0.8836842,0.1903419
0.87778413,0.017386552
-0.6592251,0.3169779
-0.8165641,0.22524427
0.88332593,-0.10208286
0.8833088,-0.09194363
0.87604076,0.016981097
-0.8366662,0.035720296
0.8810535,-0.08239654
0.87744176,0.015378221
-0.6191121,0.3178939
0.87412834,0.013914731
0.87639046,0.015904937
-0.75401187,0.2680231
-0.6350343,0.3156997
-0.87594086,0.05656181
0.877022,0.015626438
-0.8608665,0.23754574
0.8760184,0.01861567
-0.04116452,0.4176526
0.88061994,-0.08584099
0.1807293,0.4547382
-0.90146565,0.2542768
-0.8716047,0.24057151
-0.80033034,0.22938944
-0.7510946,0.27559328
0.13479137,0.4556138
-0.7216752,0.28725022
0.33520392,0.31888252
-0.88927126,0.2477974
0.87629414,0.01809149
-0.6584828,0.3281796
-0.90314555,0.0871568
-0.8556485,0.18922248
0.17287512,0.45272171
-0.9060523,0.08770187
-0.8820794,0.24930699
0.22429377,0.4264289
-0.87680006,0.22147317
-0.9012334,0.08558389
-0.8767603,0.06610377
-0.66213554,0.32378793
-0.7919008,0.24799748
0.87820864,-0.010036081
-0.6332448,0.322469
-0.8092485,0.2520726
0.8793892,-0.07248183
0.6244652,0.16032061
-0.68264717,0.29454637
-0.7862274,0.25689352
0.8775249,0.016909236
0.8445289,0.029728081
-0.701127,0.29184458
-0.614899,0.31974676
-0.27836788,0.3921593
-0.8276042,0.23666355
0.84707355,0.035628263
0.8818734,-0.063759014
-0.7161688,0.2898969
-0.90387136,0.08779816
-0.88424975,0.057017248
0.8724908,0.024628036
-0.899348,0.25360867
-0.88216376,0.18823221
0.88115394,0.005481767
-0.847135,0.24039488
-0.9020366,0.10893995
0.8802902,-0.07429393
0.8648816,0.022679564
-0.85402,0.14188427
-0.9033762,0.08576319
0.14743425,0.45226285
0.8770296,0.0172132
-0.84024376,0.24680512
0.87844825,0.013623304
-0.15304057,0.41740713
0.8670157,0.019301351
-0.59689575,0.34096396
-0.8759902,0.23774227
0.17342421,0.4570552
0.17613034,0.46028012
0.8851069,-0.093640104
0.87876564,0.015881754
-0.788317,0.24912629
-0.842992,0.23144612
-0.8997997,0.06698695
0.8805661,-0.07070355
-0.8692177,0.16458982
-0.74001205,0.021110142
0.88268304,0.018127894
-0.90519476,0.08887326
-0.89526814,0.25152028
-0.5536636,0.34303966
-0.88543916,0.19212718
-0.8983778,0.25285965
0.8762985,0.01663884
0.4390418,0.04148196
-0.69443107,0.2693932
0.87944424,-0.05560525
0.8723539,0.019167164
-0.90278,0.08988247
0.87667584,0.016020304
0.8754603,0.017578596
0.8767654,0.016162291
0.1661239,0.46718526
0.039137486,0.46242955
-0.27096188,0.39793316
-0.87213945,0.22953048
0.17561388,0.45501155
-0.8324007,0.20018815
-0.16894385,0.4065706
0.25038713,0.41815162
0.88193184,-0.09772277
-0.8887173,0.11864909
0.52844024,0.21870057
-0.8993982,0.25392053
0.8763603,0.016784191
-0.87173843,0.23318788
-0.79502815,0.22167353
-0.8505554,0.0931104
-0.88468057,0.20069154
-0.53354436,0.33963278
-0.9039358,0.0875934
0.054263327,0.46770722
0.8755117,0.017256826
0.8760085,0.014493743
-0.44023255,0.3550852
-0.8997599,0.25527787
-0.88144934,0.22394967
0.29605094,0.3909507
0.23045973,0.4357027
-0.71160537,0.29425502
-0.6522401,0.31179002
-0.85742795,0.24417017
-0.8659232,0.24871098
0.8764477,0.016488384
0.88649374,-0.07915439
0.18816124,0.456189
0.88687074,-0.10205645
-0.9029285,0.08907073
0.8762244,0.005264031
0.8768311,0.016107708
0.86673737,0.025928546
-0.9080967,0.087178364
-0.883406,0.13818786
0.040205024,0.4256727
-0.8846207,0.24575657
-0.90308106,0.08496363
-0.7170601,0.23631516
-0.8992119,0.25347945
-0.87635857,0.23952906
-0.9062205,0.086749166
-0.8819754,0.24356245
-0.8906846,0.24810413
0.17228054,0.45165998
-0.07697925,0.39037055
-0.9061274,0.08586857
-0.8978677,0.25226632
-0.8142318,0.21637137
0.87616074,0.017407969
0.88316333,-0.099734835
0.1756539,0.45657176
-0.8456358,0.24393053
-0.9046641,0.08730977
0.22503912,0.42639792
0.1576792,0.45007133
-0.89286786,0.11243923
0.88292897,-0.100416265
-0.8756073,0.18537536
0.882452,-0.090702765
0.19769353,0.44883052
-0.6444766,0.31668952
-0.87510467,0.18862565
0.8768386,0.015653364
0.87745255,0.015986767
-0.6850161,0.30013752
0.15923367,0.455008
-0.88218194,0.12397466
-0.8982201,0.08256664
0.18399897,0.45221174
0.87564147,0.016777597
-0.7088455,0.28550318
0.8761385,0.017405529
-0.8822423,0.13003774
-0.7900762,0.26807868
0.8766463,0.019341802
0.15080386,0.4522333
0.87514377,-0.016728165
0.8770407,0.018107215
-0.8544435,0.23489596
0.8784335,-0.015650172
0.86895686,0.021188423
-0.18388182,0.41684756
0.8765422,0.017212398
0.21532154,0.42889225
0.87761706,0.016205996
-0.4087754,0.39303842
-0.8481138,0.038505893
0.87649906,0.017016431
0.8139013,0.052047756
-0.89764583,0.07291831
0.16420755,0.45797607
-0.85823333,0.22840449
0.87770796,0.01918196
0.1679171,0.4573653
-0.8931148,0.25149307
-0.88347614,0.18908885
0.86508155,0.023315338
-0.90766805,0.088457644
-0.8513049,0.23706913
0.88327825,-0.10059036
0.88299876,-0.09531418
-0.8945741,0.064518824
0.8821631,-0.10172208
-0.8886973,0.24173051
0.17191081,0.45512792
-0.89398664,0.24968377
0.87648433,-0.009993381
-0.88133585,0.17394793
-0.89802605,0.25282294
-0.869492,0.11532792
0.044310085,0.45528898
-0.6999289,0.29538512
-0.8686369,0.23934393
-0.7597185,0.2731374
-0.85530925,0.23256247
-0.90639013,0.13206518
0.29024422,0.39669353
-0.90522754,0.088166565
0.88239026,-0.10247465
0.17622124,0.4568312
0.88234526,-0.096262135
0.8664452,0.02663726
0.04412988,0.4452461
0.18702018,0.46193787
-0.9039149,0.08794035
-0.9047742,0.08726029
-0.88377714,0.24170277
0.17900413,0.45427698
0.27203724,0.41062847
-0.8938453,0.23191193
0.8390144,0.045412
-0.9026512,0.08627001
0.2484929,0.42836905
0.88321406,-0.09756242
-0.8899611,0.13741721
0.88481194,-0.10077036
-0.866788,0.23326425
-0.7972685,0.21470273
-0.7623116,0.2827002
-0.86966175,0.17074865
0.87630683,0.016026178
-0.8135356,0.21874906
0.17930037,0.46435004
0.88355273,-0.09652891
0.87576497,0.01529582
0.87568855,0.017493565
0.88211066,-0.037482996
-0.8567106,0.22794975
-0.45087785,0.36179298
0.19020429,0.4542504
0.87642974,0.01690132
0.6695401,0.11589535
0.06784293,0.44398245
-0.89809126,0.2540345
-0.8309135,0.17840149
0.18687938,0.4595257
0.87631804,0.016756577
-0.9054514,0.08587709
0.883812,-0.10159515
0.1420184,0.47979167
0.8768017,0.015003928
-0.8977955,0.2545385
-0.62325484,0.30381843
-0.67389894,0.30026177
0.87767303,0.01723297
-0.6907224,0.29748344
0.8733625,0.019462211
0.8730752,0.019850189
-0.8019152,0.22882995
-0.90581703,0.08749421
-0.63869536,0.3068082
-0.88997936,0.11141827
-0.8962603,0.25203177
-0.74478364,0.25716355
0.8818169,-0.09787388
-0.90380406,0.08802218
0.87642336,0.016029838
-0.90361404,0.08744623
0.22464189,0.4353131
0.3848213,0.33519295
0.18109521,0.4532772
0.87171865,0.020640675
-0.8629899,0.14034382
0.18061805,0.46671492
-0.8985524,0.25184768
-0.90423167,0.08812916
0.198916,0.45505774
-0.86436856,0.042981174
0.8394534,0.03407622
-0.6132104,0.33513656
0.87632716,0.018335676
0.54061425,0.22503178
-0.9001378,0.25430804
0.8849811,-0.101604015
0.8790246,-0.053065546
0.88354003,-0.09997206
0.8776174,0.01639385
0.21680474,0.45486918
-0.51858366,0.35509217
-0.7514625,0.27448854
0.19698031,0.45081896
0.8766131,0.012243832
-0.6183812,0.31889075
0.87849593,0.019841611
0.8743834,0.013904114
0.87766874,-0.0070836865
0.8786803,-0.043889683
-0.74958915,0.2355313
0.15390746,0.44636482
-0.85785574,0.12285217
-0.8836113,0.24842863
-0.8882902,0.1184168
0.41152936,0.2945968
0.87587756,0.016469022
-0.84191364,0.1920236
0.13897079,0.46652284
0.88261503,-0.10041074
0.8781206,-0.03359663
-0.8900671,0.24780826
-0.65704185,0.30461714
0.5614884,0.2038269
0.6715212,0.15462458
-0.8719804,0.13791169
0.882864,-0.10101027
-0.8704484,0.23551857
0.8801763,-0.0978789
0.8803578,-0.07534454
0.87589103,0.017618816
0.88341594,-0.100692526
0.87623084,0.016714321
0.87637186,0.0147483265
-0.87837034,0.24160364
0.87653464,0.016113155
0.87690467,0.01748018
0.18027224,0.45434383
-0.8709139,0.24210516
-0.17992309,0.42519528
-0.8918477,0.24547796
-0.8942085,0.25044796
-0.8800127,0.18739966
-0.8144549,0.21557431
0.17773363,0.4674499
-0.77151555,0.26656166
0.876406,0.01666023
0.5045987,0.24086657
-0.871405,0.23145837
0.6125932,0.16912207
0.87598735,0.016733201
0.87665343,0.017121049
0.88359356,-0.10135322
0.87250304,0.017470434
0.8765743,0.016042333
-0.89554137,0.250877
-0.7361271,0.28139317
0.8834633,-0.10156562
-0.8972586,0.10649736
-0.89916486,0.2547273
-0.7134859,0.29368028
-0.7461268,0.25771636
0.8794814,0.016786356
-0.7584844,0.2767397
-0.86563164,0.18535596
-0.7334773,0.27382407
-0.8784047,0.24366494
-0.88225114,0.18932314
-0.69076353,0.30859476
0.18712384,0.44031662
0.4108438,0.28018156
-0.7972208,0.2771564
0.8746222,0.017983617
-0.8709978,0.23080611
-0.8120107,0.21519229
0.40819934,0.30054238
-0.88722926,0.110159926
0.8747269,0.015195221
-0.86137426,0.046945654
0.8842515,-0.10165335
-0.7023934,0.2944616
0.71477145,0.11093183
0.18454084,0.45223826
-0.8829424,0.11769946
-0.34313935,0.26878446
-0.61217463,0.3254779
0.17150298,0.45789576
-0.85759145,0.23496373
0.8767606,0.01624271
-0.88443094,0.19583625
-0.87233084,0.23891328
0.26283798,0.4112128
-0.885646,0.060392592
-0.84093803,0.16352051
0.8835777,-0.09746073
0.8703619,0.018154511
-0.83674043,0.20465429
0.875257,0.015818326
-0.8460982,0.16599178
-0.90411204,0.08911397
-0.82777125,0.19926488
-0.8803727,0.114225775
-0.84047025,0.06176602
0.8761134,0.01576165
-0.9042354,0.086907364
-0.7829094,0.18462072
-0.89795935,0.25393236
0.06793164,0.44341335
0.8770309,0.017097952
0.8840217,-0.102091625
0.87642026,0.015701579
0.6044397,0.1893112
0.17922615,0.45130506
-0.86085504,0.16796413
-0.42115963,0.37159634
-0.5802111,0.31965187
0.3238354,0.37016597
-0.7327537,0.27114525
0.1807329,0.45369673
0.88338405,-0.09767342
0.87714857,0.015462286
-0.8997734,0.25387672
-0.7568148,0.2811075
-0.8962972,0.11616982
0.8759234,0.017745519
0.8800983,-0.033492114
-0.78587073,0.25052372
0.1899341,0.45374152
0.21228622,0.4421384
0.8754893,0.016533438
-0.90542847,0.08768349
-0.79163784,0.2369588
0.8743987,0.01845578
-0.8842029,0.24210656
-0.88730514,0.19131123
-0.78066313,0.016468547
-0.56180024,0.33248872
0.17654231,0.45799085
0.21166006,0.4395608
0.8813232,-0.08390897
0.8828916,-0.09843284
0.8761855,0.016055506
0.19252066,0.450557
0.88056093,-0.10048507
-0.45431107,0.38713688
-0.35849202,0.40747002
-0.89817566,0.08217745
0.88194466,-0.09806725
-0.87625057,0.24074492
0.15147167,0.44493866
-0.8846676,0.24501303
-0.84606224,0.03724477
-0.7281256,0.2844155
-0.89812464,0.2545244
0.8747757,0.0030381058
0.8830433,-0.102001786
0.88387084,-0.10197924
-0.38314134,0.36812803
0.8769386,0.017014753
0.8835563,-0.100490324
0.8756817,0.016055875
0.8754292,0.01456653
-0.90827227,0.08758746
-0.38746503,0.36891285
-0.90520245,0.08839834
-0.84606904,0.18566203
0.8769637,0.016466908
0.8776343,0.015755806
0.8800491,-0.08035666
-0.88360745,0.056771617
-0.85826635,0.22967897
0.8745622,0.01597741
-0.86955464,0.16759512
0.17455672,0.45718822
-0.29873225,0.40435106
0.8809228,-0.09025832
0.8769294,0.016371194
0.8769536,0.0147068845
-0.6101012,0.32703587
-0.7114178,0.23340607
-0.8794466,0.1109625
-0.90618116,0.0867149
-0.8816506,0.18968226
0.8816848,-0.08367416
0.87672204,0.016619671
0.31749776,0.39079702
0.16933486,0.45679042
-0.89290625,0.25083822
-0.8907418,0.061973263
-0.6976732,0.29277912
-0.8853198,0.060491715
0.88277537,-0.088556685
0.87634116,0.016175421
0.87697864,0.016697062
0.8825677,-0.07554873
0.87664735,-0.09032592
-0.90007806,0.2539363
0.18065807,0.45661286
-0.6337436,0.31665608
-0.903308,0.08787192
0.050795734,0.45015228
-0.905921,0.08739601
-0.7900586,0.26202142
0.44754675,0.27410772
0.88024265,0.016808081
-0.717791,0.30660677
-0.67766416,0.3021866
0.20576374,0.44324595
-0.8835548,0.24238893
0.8765768,0.016785104
-0.89173156,0.17608179
0.8758804,0.015660547
0.85877323,0.038962148
0.87634677,0.017301116
-0.79346573,0.25086325
0.7342134,0.094021775
0.8830206,-0.095753044
-0.59718794,0.33556932
0.87399846,-0.0322054
0.4898283,0.25699005
-0.834261,0.2336306
0.8832488,-0.10089588
-0.819274,0.21188316
0.87576115,-0.03141997
0.8759217,0.016975246
0.37141997,0.33992478
0.87669903,0.016228156
-0.88200223,0.1895358
0.17584907,0.45941862
-0.9033987,0.08719598
0.8761764,0.016738566
0.8815084,-0.09878852
-0.7407938,0.28720638
-0.86516345,0.116857335
-0.8813341,0.1851518
-0.8424754,0.23368241
-0.90390664,0.08646767
-0.8909796,0.062712274
0.8840118,-0.10151019
0.876658,0.015768703
-0.6529676,0.31896663
0.87696314,0.018232152
0.8788949,0.015025567
0.1796221,0.45943975
-0.89601654,0.25188932
-0.8962604,0.25176883
0.883493,-0.09784152
-0.755999,0.25991055
0.16755898,0.4541077
0.8714105,0.018660506
0.879334,-0.027962025
0.8752784,0.015798202
-0.85641253,0.24093236
-0.8974569,0.25618267
0.87610143,0.01728058
-0.8967926,0.2515927
0.8745077,0.017725518
-0.89088637,0.14688317
-0.87101275,0.23220934
0.1957445,0.46472397
0.8814535,-0.0551951
0.8767776,0.015654445
-0.8984208,0.08830767
0.54850453,0.22319598
0.8766258,0.015266736
0.87793857,-0.046380844
-0.89136684,0.0875042
-0.89897555,0.18722819
-0.79393387,0.26266593
-0.05737404,0.44533554
-0.70864713,0.28639048
0.8786223,0.012008765
0.17797892,0.45527512
0.8643035,0.023933133
0.8770781,0.016794246
-0.6861313,0.30165708
0.37592366,0.3289842
-0.7629061,0.26805282
-0.9034722,0.089620866
-0.7676653,0.27603874
-0.80425775,0.24826226
0.8760803,0.017696489
0.84386367,-0.10492059
-0.45886528,0.35258678
-0.8563379,0.23608473
-0.8143652,0.18822992
-0.8936484,0.10820453
-0.83873296,0.22794989
0.8741628,0.019881766
-0.5695842,0.32896748
0.876552,0.014837387
-0.8970637,0.25314867
-0.89657724,0.2510669
-0.7199758,0.2866696
0.19396105,0.44660273
0.8837878,-0.10205966
0.87643486,-0.032249965
0.8768612,0.018998198
-0.60723567,0.3324517
-0.77841944,0.015344619
0.87656444,0.017781358
0.17224436,0.45891222
-0.89791554,0.2532495
-0.83093095,0.24168658
0.8762131,0.017478317
-0.90050673,0.087873474
-0.8034987,0.21079159
0.88095427,-0.032028932
0.12216223,0.44706118
0.88051456,-0.05809594
-0.87667733,0.18407609
0.8770312,0.016785486
0.8840115,-0.10034994
-0.85943604,0.21308419
-0.896881,0.25384575
0.8835681,-0.10003654
0.19237275,0.45539242
-0.8876698,0.24277933
0.8781094,0.017998168
-0.7892665,0.27276778
0.14427128,0.45423463
-0.8687251,0.23972228
0.87724173,0.01766283
-0.8867365,0.2343611
-0.5947369,0.32449734
0.8818166,-0.06357706
-0.904301,0.08699341
-0.84162635,0.22998816
0.17307939,0.45686597
-0.8900238,0.24906239
-0.9030346,0.087772116
-0.49951836,0.34217706
-0.8983605,0.25481457
0.88109076,-0.02131091
0.8832846,-0.09723301
-0.88199127,0.062656134
-0.8828826,0.24155018
-0.905062,0.086207986
0.88178915,-0.090607405
-0.905896,0.088248916
-0.90444624,0.087103836
-0.88480425,0.2425255
0.19351958,0.4528776
0.30130076,0.39319345
-0.9062007,0.08559513
0.88083667,-0.09014298
-0.9027638,0.08276494
-0.8981282,0.087336004
-0.8779541,0.13266528
0.8767435,0.01824681
0.8762211,0.01658987
0.8768597,0.015703302
-0.8570895,0.23394014
0.8761513,0.014250183
0.87678903,0.017815439
0.88022006,-0.077375986
0.8781888,-0.0286715
-0.7164389,0.2906824
0.18384159,0.4716129
-0.5963189,0.23040353
-0.76650304,0.26587042
-0.7132705,0.30684334
-0.8354748,0.14255764
-0.904604,0.08830483
0.87646896,0.015527489
-0.45877814,0.3660997
0.87645483,0.01708768
0.18186067,0.4540043
0.2025965,0.44176063
-0.89913106,0.25443348
-0.5795287,0.36941242
0.8849385,-0.10151123
-0.3972976,0.36706325
0.21603927,0.4439813
0.88322777,-0.10162179
-0.70636815,0.3040162
-0.9072721,0.105673246
0.016516946,0.44155863
-0.8478761,0.034744117
-0.81222683,0.22886537
0.8813357,-0.07370752
-0.7628395,0.2743408
-0.23625745,0.39989564
-0.8623033,0.12584285
0.124207266,0.460285
0.88196945,-0.101219185
-0.69428545,0.29548997
0.8770173,0.017062452
-0.82624304,0.24182406
-0.898526,0.2544799
0.091090925,0.44121897
0.87797606,-0.06521032
-0.8618468,0.23790757
0.88388044,-0.102107905
-0.83026683,0.20227435
0.8805319,-0.065451466
-0.64088756,0.25603536
-0.898406,0.25443244
0.8777713,0.015855283
-0.9045162,0.08761149
-0.90610385,0.08842632
0.88316435,-0.098416954
-0.8801403,0.18343595
-0.7080366,0.28851736
0.723577,0.105861
0.8728238,0.01762501
0.8801177,-0.04758438
0.19038217,0.45594046
-0.88424015,0.18967286
0.87116677,0.013309536
-0.827733,0.19600645
0.88320965,-0.081548795
0.87610704,0.015706833
-0.07825542,0.37208682
-0.8245504,0.24446723
-0.8088672,0.24763644
0.87819386,-0.055384155
0.19340277,0.4488185
0.17101645,0.4556913
0.87534016,0.016556622
0.87798357,-0.0069395504
-0.07813733,0.40622008
-0.89482385,0.25228405
-0.8031558,0.2529995
-0.82701015,0.24012831
0.17143041,0.4506853
-0.85173726,0.22310027
0.20645352,0.44272676
-0.63142216,0.31240454
0.11655222,0.4423133
0.87666315,0.018284382
0.14174442,0.47496346
0.8762032,0.018404337
0.8754453,0.015869759
0.18689147,0.45097953
0.8655001,0.02584867
-0.042117685,0.4335867
-0.88209367,0.18964529
-0.90393656,0.08799219
-0.89383584,0.24972157
-0.90530306,0.08652939
0.15433548,0.45033422
-0.88767785,0.24303393
-0.7989626,0.25856155
-0.8765814,0.15448485
0.876995,0.01643316
0.11694392,0.44159564
-0.8860901,0.19127966
0.8847046,-0.10100051
-0.6222432,0.3200437
0.8766606,0.016825223
0.8820953,-0.06771444
-0.87764657,0.080917686
-0.26835018,0.3944418
-0.8840831,0.05649114
-0.7571072,0.27785015
0.88439715,-0.09985803
-0.61165947,0.3401833
-0.8904789,0.24836129
-0.8683152,0.08706741
-0.8136177,0.27215272
0.88315237,-0.09835213
0.1743527,0.45466712
-0.32498989,0.40143344
0.8811886,-0.10095038
0.87630904,0.016521102
0.17941603,0.45742688
-0.6207306,0.3640731
-0.9050087,0.088320084
-0.8081361,0.26497677
0.8729733,0.0044998336
-0.8417943,0.17901184
0.8840412,-0.10061707
-0.8294398,0.18991508
0.8760962,0.016542403
0.8755297,0.017814225
-0.8915238,0.24392992
0.29737502,0.3734625
-0.8432517,0.17743404
0.88187414,-0.09701198
-0.8750865,0.23905101
0.8717134,0.02035559
0.87614137,0.017434604
0.17458053,0.45972297
0.24168022,0.43313164
-0.899234,0.2550737
0.8815678,-0.09715601
-0.7189748,0.29016697
-0.6555487,0.3098532
-0.28125417,0.38983786
-0.8338497,0.17533551
-0.9056876,0.08584941
0.17890084,0.45188987
0.2018239,0.4440242
-0.6473753,0.3050925
-0.7952743,0.25494996
-0.8719033,0.18743533
0.8786204,-0.02311471
-0.8821145,0.1908716
-0.86459243,0.23431166
0.8838453,-0.10033375
-0.83937085,0.22571586
-0.8963785,0.13695286
-0.8944325,0.16321634
0.8829196,-0.10086886
0.11074765,0.4473262
-0.47750404,0.36135828
-0.7541901,0.26969457
-0.6791692,0.30656344
-0.84728944,0.21333075
0.87322026,0.014013317
0.87496424,0.015947443
0.87817895,0.0196789
0.38765535,0.34904873
-0.8994201,0.12334446
-0.8864792,0.24582595
0.87892723,0.016872227
0.47271475,0.03147457
-0.88127774,0.05548514
-0.85377854,0.2376366
0.86186826,0.0237216
-0.8388151,0.080683865
0.87938863,-0.027727598
0.7919673,0.07591837
-0.823942,0.2465464
0.87292874,0.020411376
0.8806396,-0.019045522
0.8775111,0.016418347
0.8762859,0.018406529
0.87589854,0.0171332
-0.85171556,0.22742991
-0.45323408,0.3899522
0.34963593,0.24484427
0.3445049,0.358922
-0.86887693,0.18256822
-0.7895781,0.22121754
0.87670696,0.016019048
-0.8624224,0.23831083
-0.8940194,0.25047386
-0.26224726,0.43621796
-0.8084818,0.25860342
0.7584998,0.09328477
0.2570647,0.4187237
-0.8965434,0.25288004
-0.8982013,0.25464448
0.8837897,-0.10102726
-0.8265462,0.21235842
-0.8591602,0.22552693
0.87618726,0.018057741
-0.9063282,0.0948121
-0.8975334,0.25467828
-0.1470412,0.31164885
0.16139847,0.4576002
0.8828781,-0.06925532
-0.8900856,0.09384728
0.8829981,-0.101400666
-0.87550884,0.18936561
0.343303,0.40495038
0.80314684,0.048440743
-0.88386124,0.18982781
-0.8975883,0.25497726
-0.8956327,0.25152075
-0.8798546,0.055299282
0.75616205,0.11062642
-0.88912976,0.1095694
-0.74713117,0.2930745
-0.8715991,0.1952303
-0.8977564,0.081244625
-0.29398784,0.3992216
-0.58860505,0.26173592
-0.8484322,0.18358815
-0.5459334,0.37600565
-0.563383,0.25690126
-0.8052709,0.25010616
-0.89843166,0.2523417
-0.8988649,0.25307745
-0.8826162,0.18918753
-0.7146829,0.28685153
0.6557287,0.11029185
0.8757202,0.01554394
-0.5162277,0.3895812
0.86786574,0.0213094
0.87817955,0.0007070829
0.8766607,0.015099388
-0.8824531,0.23605269
-0.8805919,0.14980853
0.8623117,-0.052569382
0.8765034,0.015878301
-0.8925955,0.116394505
0.8810237,-0.10044288
0.8830928,-0.09920181
-0.90418214,0.08795891
0.52670527,0.21098891
-0.89768475,0.088330075
0.26053113,0.40790722
-0.59601766,0.33333105
-0.8995208,0.25442153
0.18163669,0.45708507
-0.64873785,0.3131563
0.8757537,0.018101504
-0.8663739,0.22597905
0.87785405,-0.010166781
0.873703,0.017724853
0.8760479,0.016345082
-0.5234156,0.31167868
0.69365597,0.12605718
0.87718487,0.013637186
-0.9001391,0.21882416
0.33637065,0.21602777
0.8808998,-0.09698859
-0.7820722,0.27472958
-0.84619504,0.063779764
-0.90204996,0.08874472
0.16563196,0.4660277
0.8820097,-0.05100697
-0.9024156,0.08818139
-0.8966097,0.24832381
-0.8987988,0.25396168
-0.025893698,0.43822643
-0.8384651,0.24210347
-0.7277611,0.28811222
0.8838884,-0.10328418
-0.26978192,0.35419372
0.313236,0.3756228
-0.8740878,0.23366696
-0.89906895,0.25433102
0.18583584,0.4523532
-0.2998315,0.4122052
0.87857896,0.016415028
0.65078235,0.1578431
-0.90512085,0.087846175
-0.64525044,0.31470135
0.87745225,0.019148275
0.8843675,-0.09356087
-0.8959047,0.25243247
-0.9032454,0.1111406
-0.8988751,0.25487116
0.877601,0.017221818
0.8750652,0.01579974
0.876798,0.017237235
0.6087664,0.066392615
-0.6840598,0.29605648
0.07012701,0.42636117
0.8119954,0.05123258
0.185319,0.44846457
-0.71752703,0.28997442
0.87800527,-0.02756614
0.17084211,0.45610023
0.8761873,0.016075438
0.20822516,0.45421618
0.8836915,-0.10168368
-0.8929544,0.25040996
0.876375,0.018525524
-0.35549176,0.3679501
-0.1257502,0.42183474
-0.8823715,0.12802348
0.809792,0.06328908
0.17254175,0.45578384
0.5693227,0.17586648
-0.89910674,0.25397068
0.17707874,0.45532194
-0.3882846,0.35659632
-0.8984894,0.25396562
-0.8942745,0.083084956
-0.8904363,0.2462165
-0.3165938,0.41456127
-0.9047173,0.08628876
-0.74374855,0.27402475
0.8808643,-0.05361171
0.86898005,0.025657646
0.87711704,0.017044604
0.8839641,-0.01060302
-0.8683173,0.21504067
0.25233006,0.4209939
0.31876773,0.37413663
-0.89690095,0.2543444
-0.90802336,0.08808959
0.8766965,0.015576453
-0.8453649,0.16647021
-0.8517061,0.09099917
0.8758985,0.016547287
-0.74456483,0.27302736
-0.8996787,0.2542877
0.87693423,-0.037246585
-0.89238036,0.12233872
-0.8738929,0.23637511
-0.8624257,0.080273174
-0.8575368,0.22550221
-0.113542125,0.41495186
0.16997135,0.45697874
-0.87890697,0.24138173
-0.84289247,0.20107667
0.88104814,-0.026244618
-0.8598026,0.19071254
0.8855473,-0.07724844
0.8793388,0.0147073325
0.87886596,0.01786917
0.86778957,0.024876805
-0.8976237,0.067858644
0.88095087,-0.07509626
0.87965524,-0.056456134
-0.75762486,0.27292004
-0.8648928,0.14417057
0.8779126,-0.07041717
0.88256,-0.10069731
-0.061525036,0.42227098
-0.8740714,0.19580366
0.87587315,0.016388219
0.28184077,0.40081015
0.8862235,-0.06798691
-0.9049138,0.087664254
0.17362414,0.45794937
0.15102316,0.44303465
0.8700491,0.020416668
0.8771521,0.012603999
-0.8978309,0.2539343
-0.85994494,0.24323332
0.0826717,0.45232958
-0.74846005,0.27207386
-0.43401992,0.3583768
-0.8900584,0.24815848
0.8459923,0.031812362
-0.76091516,0.2917361
-0.8968396,0.25183004
-0.89491767,0.09725417
0.17973004,0.4524691
-0.8999478,0.2546612
0.8832145,-0.098801635
0.17328063,0.4484136
0.87599206,0.015567611
0.87653345,0.016295968
0.8808798,-0.079974465
-0.75137836,0.13738623
0.8761088,0.015177442
-0.7812422,0.27400836
-0.886904,0.056421842
0.8755826,0.016673308
0.88369393,-0.101144895
0.87609977,0.018474715
0.8822166,-0.027032627
0.17209528,0.45322216
-0.35755944,0.3829154
-0.88659024,0.060929295
-0.8967551,0.25177747
0.12522857,0.44999442
0.88287807,-0.10115243
0.8405911,0.03566144
0.8790088,-0.040743206
-0.8846251,0.24405162
-0.8680937,0.23825562
0.8765119,0.017424347
-0.60574293,0.31926283
-0.69282377,0.31942287
-0.8989754,0.2536801
-0.8972818,0.25335032
-0.22666344,0.3974848
-0.9017417,0.08515489
-0.9024755,0.085156105
0.8842643,-0.10222062
0.8770209,0.01596274
-0.8310341,0.25608712
-0.8885748,0.24606298
-0.884155,0.11373344
-0.8846654,0.12828092
0.17840971,0.45619866
0.8768787,0.013335278
0.45495138,0.27050844
0.1685995,0.45411372
0.8794396,0.017158965
-0.9041474,0.08727645
-0.8814717,0.05742314
-0.49432024,0.30554792
0.8831279,-0.099487595
-0.70148975,0.2900682
0.17124021,0.447523
-0.87453055,0.204697
-0.8875538,0.12309836
0.17041601,0.45854774
-0.8991632,0.25444
-0.9043622,0.087168105
-0.8589046,0.1822985
-0.89941514,0.25326484
0.60099643,0.16363502
0.8771695,0.014468753
0.8852095,-0.10141893
0.15846951,0.45747977
0.8779945,0.01630964
0.211056,0.4493565
0.28425872,0.39441764
0.88022083,-0.065522864
-0.89742464,0.25250775
0.87688774,0.016506523
-0.86925805,0.22213182
-0.742689,0.28245574
-0.8912378,0.10745639
0.8684619,0.016420735
0.10062074,0.46023956
-0.32306242,0.3928144
-0.22105603,0.40724093
0.8728478,0.01980039
-0.9032124,0.08707312
-0.74734527,0.27634725
-0.26973358,0.40442145
-0.8967965,0.25386843
-0.18004827,0.40749127
-0.8837762,0.18766756
0.8758843,0.013363875
-0.8912371,0.24662746
-0.89869756,0.25393033
0.18075645,0.46060568
-0.28065956,0.40586147
-0.6576154,0.31777784
0.17140281,0.45421308
-0.9035335,0.08779914
-0.79493874,0.25644502
0.87616026,0.015523707
-0.64427346,0.3084026
0.14675896,0.45130298
-0.85809606,0.0334944
-0.44721046,0.3570881
0.8762804,0.01620484
-0.86461234,0.20648998
-0.8832774,0.108180694
0.88231826,-0.09747635
0.8706783,0.019859912
0.88463646,-0.10174082
0.86684024,0.023506036
0.88350713,-0.10145366
0.17038052,0.45129117
0.5072011,0.25806218
0.18600918,0.4592946
0.1902472,0.4516229
-0.8684707,0.05855223
-0.72259176,0.2834242
0.28967282,0.40200016
-0.8044407,0.22265592
0.047913704,0.43828344
-0.9060259,0.08830668
-0.8635049,0.079329565
0.8768944,0.017140532
0.8769524,0.017470293
-0.8608668,0.23242243
-0.88564044,0.24769567
-0.843962,0.212257
-0.8757943,0.20613281
0.6726532,0.15738751
-0.85704917,0.03913867
-0.8707267,0.2140398
-0.7778638,0.28739125
0.8778474,0.016225558
-0.90075934,0.25564367
-0.9012513,0.08794461
0.83853555,0.040694267
-0.89957345,0.25467393
-0.82772523,0.2400032
0.23531303,0.41868418
-0.86466426,0.2196234
0.09892371,0.44591635
0.42588133,0.31399816
0.8753944,0.017206905
-0.29431027,0.3982178
0.87833434,0.016788986
0.8715987,0.022741448
0.16663133,0.34526938
0.8761201,0.0035709895
-0.77847385,0.26574966
0.17551021,0.45572773
0.8824041,-0.075008996
-0.91024905,0.085964195
0.5299981,0.2273278
0.18962353,0.436544
-0.75290966,0.2541837
0.50754964,0.23210044
-0.888233,0.05876495
0.8410241,0.0356732
0.8840228,-0.10235437
-0.19453903,0.4183785
-0.8581406,0.21225579
-0.8604738,0.2295108
0.29054466,0.40484217
0.8816008,-0.048142273
-0.90675426,0.08646068
-0.8065637,0.22909577
0.87514395,0.015457932
0.8745187,0.016694155
0.8763227,0.016858121
0.8820798,-0.09709559
0.4443054,0.28056487
0.8769228,0.01729528
0.8757059,0.013249027
-0.73596925,0.2920399
-0.810658,0.23823118
-0.65662277,0.2982657
0.17828897,0.45819673
-0.7061866,0.02858382
-0.90531063,0.08827763
0.8814577,-0.098657675
-0.9043538,0.088212065
-0.5570347,0.3507847
-0.89847976,0.25294024
0.19268724,0.45084515
-0.4791979,0.35055193
0.87472785,0.015024255
-0.78598475,0.008919211
0.87934047,-0.020137204
-0.84106326,0.2267823
0.8772769,0.017173585
-0.88428694,0.20483339
0.18040258,0.47006565
-0.9065319,0.08597617
0.877174,0.01688687
0.71033865,0.12356678
-0.68869996,0.30410632
-0.38190416,0.395839
0.01961082,0.13987376
-0.8955508,0.25075838
-0.8284517,0.24490042
-0.8965209,0.09293317
-0.25469708,0.3332332
-0.042189047,0.40128767
0.8827621,-0.09957003
0.88274014,-0.06420153
-0.8340059,0.04096184
0.87612283,0.015732618
0.22581348,0.4354648
0.12205896,0.4532826
-0.8636074,0.23542964
0.88306683,-0.057396527
-0.5369778,0.3381178
-0.8975608,0.2534873
0.8763963,0.016830143
-0.04152447,0.41731194
0.8751868,0.017245974
-0.9026983,0.086923674
-0.7956857,0.2517866
-0.19769126,0.4152918
0.26719677,0.39607158
0.8546477,0.021043831
-0.9060156,0.087344795
-0.85027975,0.15327407
0.8766564,-0.05695465
0.18160108,0.45504674
-0.9003607,0.08984787
-0.75820553,0.21729408
0.23384558,0.4313428
-0.8815491,0.18878128
-0.8990808,0.0658154
-0.89621794,0.0699112
0.38349235,0.32541394
0.8574299,0.032876436
0.8809455,-0.08040783
-0.83784467,0.22927685
-0.7582652,0.2814847
-0.8989233,0.2541805
0.8749018,0.015917623
-0.7991163,0.19974568
0.17648612,0.45403042
-0.8991578,0.2558584
0.8784148,-0.06753074
0.81602263,0.048748408
0.86890805,0.024376579
0.15820627,0.46195957
-0.72935563,0.23602788
0.16859886,0.45669872
0.38022113,0.34394366
0.2762817,0.42814392
-0.67327905,0.30171978
0.1869115,0.45078018
0.87670565,0.016735543
0.87574977,0.008407355
0.88023996,-0.07399412
0.8720536,0.01779408
0.44956893,0.27955684
-0.90718424,0.08705968
0.18942937,0.44954947
0.26934767,0.4048011
0.8761824,0.017250419
-0.62348646,0.3231006
-0.8846683,0.111611165
0.8837715,-0.10235844
0.29540884,0.27242786
0.87740165,0.0102969
0.88350123,-0.10095141
-0.8290883,0.22835207
0.85771877,-0.11757715
-0.6218335,0.3273453
0.8800152,-0.09701689
-0.88100845,0.19066715
-0.9072866,0.087125145
0.8750047,0.002997608
0.1674147,0.4537016
0.8831792,-0.10029094
-0.6947972,0.030118436
0.883717,-0.09915075
-0.26955304,0.39441216
0.1694742,0.45938948
0.8197651,0.039686073
0.87860525,-0.06536369
0.59851724,0.18274075
-0.83332026,0.03397905
-0.81116545,0.16110478
-0.5801505,0.30288264
-0.84938127,0.22498895
-0.69670683,0.25386983
0.16432182,0.45803213
-0.7446342,0.27193758
0.87627226,0.015007737
-0.8754861,0.2364981
0.8758611,0.015567222
0.12592691,0.4452479
0.16674018,0.28108752
0.8801918,-0.07273433
0.8837707,-0.100673385
-0.644489,0.31767958
0.8841439,-0.101290494
-0.90101016,0.09003037
0.8646157,0.023344351
-0.7861673,0.24211884
-0.75324327,0.18630207
0.88009787,-0.025285995
0.8439748,0.039537027
0.87581176,0.016591111
0.30939782,0.38134614
0.8764363,0.015800834
-0.90458727,0.086427145
-0.896743,0.25283685
-0.88908947,0.06284369
-0.86985075,0.14356498
0.09467551,0.46082014
-0.714145,0.2884409
-0.88326424,0.05619732
0.8749276,0.018138671
-0.11795059,0.43818572
0.080695316,0.45719436
-0.83149433,0.23304453
0.16321105,0.46351716
-0.8945353,0.252767
0.88226736,-0.05058112
0.7988356,0.06400501
0.87629384,0.016570786
0.22898774,0.41981426
0.87477887,0.016987208
0.1425698,0.45839164
0.17945038,0.4561729
-0.89361274,0.19556794
-0.89726627,0.25223976
-0.89517474,0.2518373
-0.2809696,0.39671877
-0.8690608,0.23466514
-0.8771949,0.18685685
-0.11515027,0.34291774
-0.8634103,0.16113333
0.87656903,-0.024150249
-0.9043186,0.088708885
0.17105465,0.44904703
0.88375926,-0.10034545
-0.9033964,0.0881552
0.87603015,0.017230825
-0.43557814,0.3435319
0.8775134,0.016962519
-0.8619295,0.04716591
-0.2886409,0.40336576
-0.8896347,0.24886267
-0.88434887,0.121349595
-0.9054942,0.08715066
0.18285878,0.4611235
0.8764926,0.016313914
0.17267624,0.4568946
0.87557834,0.017658722
-0.8984769,0.25461757
-0.5763858,0.34990403
-0.21396127,0.40460685
-0.7510592,0.27849066
0.88069093,-0.07482959
0.8747323,-0.06540753
0.8807781,-0.0789411
0.8806584,-0.024764037
0.17932947,0.4587078
-0.87622446,0.12349
-0.8178826,0.03078299
-0.8832451,0.24252847
0.8762147,0.01748711
-0.8994313,0.2539822
0.8780056,0.017635321
-0.8661356,0.2218768
-0.6203923,0.3243804
-0.9046744,0.087767735
0.266681,0.41883218
-0.6210841,0.33885953
-0.73838603,0.28088775
0.8724212,0.020007899
-0.88944715,0.24671504
-0.8840768,0.13827384
-0.6454317,0.31678927
-0.9055519,0.08723203
-0.8984087,0.25474563
0.18481418,0.44886068
0.8804055,-0.073485136
0.87610275,0.014571501
-0.7578837,0.2738601
0.17476296,0.4588963
-0.86469454,0.18172123
-0.89882046,0.2534909
-0.72042567,0.28807995
-0.89860314,0.25371468
-0.8404246,0.18558401
-0.8843315,0.12136225
-0.84685737,0.23303212
-0.88001347,0.18001683
-0.8988617,0.25378922
-0.895494,0.24983253
-0.9015832,0.0855574
-0.9052152,0.09114431
-0.91014075,0.08717915
0.8814175,-0.076955974
0.17937815,0.45384428
0.22193237,0.43317914
-0.6334285,0.31541362
0.87797713,-0.06073814
-0.9038873,0.083451755
-0.64335144,0.31010106
-0.6713849,0.31165344
0.8670987,0.027180724
0.8758305,0.015093863
-0.8816197,0.18968497
0.15292771,0.4628556
0.87951165,-0.03995842
0.87845147,0.02170718
0.31678298,0.37428388
0.81621677,0.048588984
0.2895894,0.3448997
-0.89417803,0.25036943
0.8787639,0.012584012
0.8749702,-0.0150841875
0.16338965,0.4638932
-0.8424334,0.24284671
-0.8718424,0.23672046
0.8741598,0.017252825
-0.9035402,0.08756777
0.8803581,-0.054057613
-0.9027739,0.08799384
-0.0018073549,0.36533996
0.869587,0.016566828
0.8533024,0.027996626
-0.9076017,0.087877125
-0.7757835,0.26987487
-0.88407373,0.19097136
-0.88858354,0.103692666
0.79438764,-0.08179846
0.87613684,0.016004011
-0.8766995,0.1643244
0.88383603,-0.09340471
-0.90413725,0.08934858
-0.8995238,0.0870097
0.87650204,0.017436584
0.8761515,0.018132742
0.17307845,0.4560285
-0.8900781,0.118394
-0.5383378,0.35997888
0.1720424,0.4618861
-0.8404057,0.20620027
-0.26955566,0.36625946
0.87220764,0.019009843
-0.8907683,0.13149732
-0.8929246,0.0634074
-0.88710207,0.18965474
0.41422278,0.32168823
-0.8860725,0.05751588
-0.9047424,0.0884226
-0.9044504,0.08688586
-0.8978425,0.25305802
-0.89852667,0.25380707
-0.88841504,0.098522745
0.26313037,0.41468918
-0.8976278,0.2528017
0.07554833,0.4364817
0.14877956,0.4592744
0.8787755,-0.037569594
0.1690934,0.45676434
0.8761411,0.016534135
0.87653637,0.018498108
-0.7647134,0.27487418
-0.72282624,0.26889795
-0.89599484,0.25112888
-0.8986324,0.25493816
0.8777665,-0.0444891
-0.8596796,0.22660719
-0.6496313,0.3141598
0.8764194,0.015420351
0.063364185,0.47131395
0.87691545,0.01625373
-0.89665794,0.06633016
-0.8883582,0.0661671
-0.8469135,0.040493764
0.875878,0.016899986
-0.89564204,0.2526379
-0.8525937,0.23289007
-0.73589003,0.2822034
-0.8511531,0.24050142
-0.8573095,0.19803134
0.87983066,-0.07266954
-0.90617925,0.086732075
0.8787915,0.01811565
-0.7780285,0.029568193
-0.9067306,0.08859095
0.04188034,0.4443864
0.88283074,-0.07456014
0.87883323,-0.029642824
-0.892223,0.059356563
0.21945804,0.43775353
0.87475735,0.016641164
-0.9046568,0.086276665
0.8770946,0.016406141
0.846769,0.03809412
-0.8820658,0.18929292
-0.268615,0.4104837
-0.7685126,0.28777632
-0.29346654,0.39397326
0.7261111,0.10038046
-0.8887363,0.24827953
0.8823851,-0.060049273
-0.75220615,0.26455635
0.87686026,0.017219016
-0.8821671,0.18918042
-0.32258803,0.27117473
0.056309137,0.45294386
-0.8645084,0.24356543
0.14879246,0.4651905
0.8800966,-0.028058907
0.86856544,0.010484888
0.19463961,0.43567672
0.88407975,-0.1018171
-0.858336,0.2347713
0.018937588,0.44417197
0.1820404,0.46577498
0.8822552,-0.066864856
-0.89539474,0.2517742
-0.89956665,0.08813515
0.87732697,0.017552499
0.87208027,0.018785745
0.8824054,-0.100050725
0.87428284,0.019119862
-0.27508235,0.39517438
0.17335719,0.45552677
-0.7586562,0.27097434
0.88046575,-0.034504022
0.21120816,0.4435506
-0.86448854,0.22742632
0.8764509,0.01821134
0.87640584,0.007453355
0.18124877,0.4563327
-0.85264003,0.23630075
-0.89493215,0.25062853
-0.84882385,0.19820532
0.8764403,0.016702661
0.17864265,0.46044713
0.876884,0.015478502
-0.8980532,0.25297543
-0.8983999,0.2552434
-0.8622048,0.23695186
0.8827672,-0.09858312
-0.8905898,0.24334596
-0.7234884,0.2970027
-0.06919385,0.36741507
-0.9045225,0.08740779
0.8698392,0.022232037
-0.66506267,0.32737935
-0.89669114,0.25184387
0.879219,0.018620992
-0.9025098,0.08868881
-0.24111968,0.4070077
-0.8895919,0.24913284
-0.88906974,0.24502923
0.8753081,0.003626315
-0.8734376,0.049531188
0.8761337,0.016361125
0.19287148,0.45429242
-0.16480996,0.40553385
-0.7481872,0.27642503
-0.8947742,0.2515456
0.38728392,0.32801238
-0.90446997,0.08728737
-0.8797428,0.05408375
0.15360925,0.4566614
0.8763141,0.017301511
-0.8293423,0.18802339
0.8724714,0.02027187
-0.90074986,0.09049431
-0.847712,0.21419401
0.88266075,-0.09824231
0.88262016,-0.09752798
-0.889711,0.23851341
-0.8824148,0.17586078
0.87677425,0.016486505
0.8767081,0.015423176
0.8765906,0.015308175
-0.8985547,0.25120062
-0.9021413,0.085957244
0.87683856,0.017219344
-0.7628158,0.2357541
0.87546206,0.016864968
0.8841477,-0.10032537
-0.67520607,0.29012838
0.8850395,-0.10016309
-0.89845246,0.25253022
0.16466916,0.456996
0.8831316,-0.09951058
-0.6967722,0.29018238
-0.76299167,0.25571883
-0.9040522,0.08834224
-0.89457846,0.06475557
-0.6732792,0.3080268
-0.45190912,0.39621663
0.18859464,0.44539475
0.239834,0.42732126
0.16920224,0.45863453
0.12936835,0.44344756
-0.65384024,0.32121167
0.8771077,0.013901991
-0.05899981,0.43759933
-0.8987076,0.25378636
0.8755223,0.017266203
0.17915656,0.45461753
0.877281,0.011577126
-0.5781017,0.32774168
-0.8815305,0.24418363
-0.7519941,0.27907795
0.86024964,0.03065975
0.87664217,0.0169883
-0.8593508,0.19836728
-0.88831556,0.24529922
0.88349485,-0.09960732
-0.83988357,0.16225812
-0.8640409,0.24012631
-0.89749295,0.25425893
0.48692358,0.27445444
0.8842214,-0.10073945
0.8764017,0.016517146
0.864975,0.025267046
-0.8981087,0.083174
-0.86316335,0.23520464
0.8835554,-0.10078766
-0.7812744,0.26865897
-0.8963532,0.2520674
0.17764296,0.45773563
0.1717461,0.45379424
-0.8931421,0.2500302
-0.74334574,0.270831
-0.89862865,0.12557283
0.19271924,0.4412675
0.8836652,-0.09720494
-0.7202523,0.2818711
0.4179602,0.2701813
-0.03386056,0.43498695
0.87539756,-0.040414523
-0.19750369,0.41458318
-0.048963137,0.43387893
0.8723786,0.020316279
0.88233054,-0.1020451
0.8761767,0.017155135
-0.5811162,0.3138232
-0.7793982,0.26744142
-0.8947789,0.092635676
0.8768222,0.015941128
-0.8899717,0.24912709
-0.87726206,0.14789163
0.31383288,0.38892066
-0.8979655,0.25471148
0.8759516,0.016778165
0.88104874,-0.069724046
0.4204911,0.30015814
-0.90445113,0.08890309
-0.801534,0.24296568
-0.89349735,0.12371526
0.15534791,0.4579476
0.8731235,0.022961253
-0.88755023,0.2419283
0.17869443,0.4531429
-0.8827361,0.18736914
-0.32442325,0.38656625
-0.5688821,0.32609534
-0.8976141,0.25353634
-0.89987165,0.2545908
0.8843238,-0.10111068
0.8769687,0.01274457
-0.86001945,0.048487708
-0.89971834,0.1576054
0.6109917,0.1704588
0.87843835,0.017728465
-0.8206759,0.023157299
-0.63698876,0.3145179
-0.8973147,0.25374976
-0.69175214,0.089366846
0.8579054,0.012037864
-0.88913465,0.113714635
-0.9042618,0.087624215
-0.90151405,0.0735835
-0.73546803,0.26619473
0.14713818,0.4436411
-0.8637815,0.11060968
0.87666523,0.015980244
-0.71803546,0.28841826
0.14412643,0.45772982
0.8790311,0.017895777
-0.89826196,0.2530922
-0.7869258,0.2610917
-0.008073198,0.44761014
0.88329387,-0.096125744
-0.9022116,0.08579965
-0.88645625,0.059061334
-0.8927372,0.2500044
0.87579215,0.017873436
0.21420373,0.43688163
0.87648344,0.016629264
-0.42325965,0.36111778
0.031886518,0.3985847
-0.83336294,0.19508913
0.8804697,-0.022343969
-0.9044923,0.088588625
0.18688482,0.4525306
0.28036988,0.40729392
-0.8873876,0.2390593
-0.71965414,0.27947086
-0.774846,0.22848493
-0.48024976,0.36805892
0.8761256,0.013628153
-0.569025,0.27844307
0.16659431,0.45600736
0.03498514,0.436168
0.8837848,-0.10275048
-0.9027979,0.08445222
-0.9089366,0.08735869
0.87653214,0.017243527
-0.90010315,0.07297367
-0.850503,0.20385994
0.88372034,-0.10171751
-0.72274023,0.2824598
-0.89942986,0.25511575
-0.85086507,0.23678528
-0.9006032,0.08886575
-0.4388977,0.3997056
-0.9033927,0.08865534
0.8830553,-0.08080491
-0.20815787,0.4243353
-0.89619833,0.2502591
0.88188934,-0.099702105
-0.87306756,0.20168112
-0.8654298,0.1404856
0.87715477,0.01741666
-0.77048796,0.26872414
0.8764128,0.017994493
-0.8721973,0.24132207
0.88339597,-0.100560226
-0.75771314,0.24413927
0.8840282,-0.10028208
0.87665606,0.017201552
0.7993548,0.058958437
0.57642967,0.19333145
0.88140434,-0.0846871
0.88293916,-0.097134754
0.47948352,0.25924885
-0.32269308,0.39737332
-0.73623246,0.2786859
0.861933,0.029454019
0.6260142,0.1531937
0.17996484,0.45729312
0.8767905,0.0155841075
-0.7092816,0.28168422
-0.8598182,0.24201016
0.8761125,0.017913342
0.15641245,0.44540206
-0.8168948,0.03209882
0.878659,0.011374562
0.8735017,0.01818349
0.17774487,0.4546777
0.8761091,0.017735882
-0.87564397,0.2413146
-0.874381,0.14855935
0.8744021,0.016513899
-0.838715,0.12801747
0.34269875,0.37946758
-0.8198789,0.25687292
0.88031644,-0.0946974
-0.90031517,0.08580122
0.8766633,0.01773112
-0.8439449,0.18965256
0.8476044,0.03755342
0.22183198,0.43775052
-0.5385406,0.34427884
-0.21072248,0.4087801
-0.6692011,0.21459885
-0.7355016,0.25373793
-0.74404246,0.25447747
0.8811855,-0.07674157
-0.8054679,0.24127159
0.8744362,0.016127108
-0.8803636,0.15505937
-0.8579807,0.20757085
0.8773644,-0.022835184
-0.87953216,0.05681923
0.8683959,0.028649805
-0.20792818,0.40968385
-0.1446779,0.4125471
-0.5648408,0.33961046
-0.117158204,0.3493573
0.17114875,0.45865914
-0.8657818,0.23527825
-0.6569989,0.3165172
0.85919416,-0.09396987
0.18266432,0.45514932
0.7407648,0.11026579
-0.886581,0.0592422
-0.88985574,0.19399466
-0.8560335,0.1332072
0.8543658,0.038465083
0.8829321,-0.06691826
-0.89628714,0.25164357
-0.60459673,0.324727
-0.90436,0.08725118
-0.8355336,0.24748679
0.8762085,0.0148031805
0.18408398,0.45293668
0.8801817,0.0043481337
0.17605223,0.45582694
-0.8939968,0.25162786
-0.26140836,0.39913324
-0.9041129,0.08653289
-0.8856741,0.11958917
0.3178835,0.25301778
-0.03135387,0.455586
0.87320393,0.018383572
0.88048774,-0.090528764
0.8755224,0.018320872
0.8714196,0.019123178
0.86564237,0.026471894
0.8747676,0.01698748
-0.89823776,0.2549965
-0.8182233,0.25524732
-0.4376695,0.35843742
0.867258,0.029087016
-0.851115,0.045372106
-0.894863,0.08096627
-0.8894359,0.248443
-0.86419475,0.140034
-0.8968955,0.2503457
0.87653977,0.017253775
-0.8941301,0.09067069
-0.882497,0.18861236
-0.89290905,0.11461894
0.38104197,0.33642936
-0.8253028,0.24585761
-0.88599724,0.24643926
0.8739169,0.016605664
0.1771151,0.45593214
0.87782794,0.020787053
-0.8784633,0.07808421
-0.85678595,0.23198913
0.87896395,-0.09834865
0.8757317,0.016444255
-0.9035248,0.08974185
0.8551327,0.02553121
0.19145007,0.4529573
0.88062084,-0.0714584
-0.9016079,0.08583219
-0.8165169,0.25131276
-0.8768671,0.16642497
-0.69462734,0.29300368
0.8739171,0.012460664
-0.90378237,0.08619574
0.8840761,-0.101730675
-0.8389587,0.21316548
-0.58958036,0.33615914
0.8759038,0.016149461
0.87892807,0.016806709
0.22243111,0.4394073
0.8829598,-0.0978876
0.8823257,-0.09632238
0.30286628,0.38126454
-0.8987549,0.25425297
0.884908,-0.09946642
0.87657726,0.014957747
0.85431033,0.029649744
0.879959,-0.07715737
0.21978715,0.40348247
0.26537964,0.35522386
-0.9028316,0.08616305
-0.8994939,0.2532895
-0.8842863,0.057286628
0.17779864,0.45466736
-0.8735326,0.04684134
-0.8994932,0.07284849
0.8791068,-0.07519782
-0.8684542,0.22391938
0.883102,-0.09611281
0.879825,-0.057347506
-0.8802024,0.11522278
0.8763263,0.016827865
-0.8730075,0.14949873
0.8836009,-0.101277456
-0.90449625,0.11502715
-0.8570834,0.139765
0.3025648,0.37372652
0.87629193,0.017839018
0.8836008,-0.09945121
0.14876114,0.44340283
-0.33983406,0.40136352
0.879608,-0.081553034
0.8765061,0.018547704
0.87569207,0.015396015
-0.1169968,0.3833788
-0.845576,0.12411353
-0.8864863,0.24261482
0.87230253,0.020125741
-0.6699882,0.29905164
0.19137548,0.45580783
-0.8616229,0.21449476
-0.89902055,0.25403765
0.8761505,0.014779961
-0.8728175,0.11981924
-0.7734848,0.2729144
0.87629265,0.016776824
0.8104289,0.056034807
0.8773701,0.017040377
-0.85819584,0.23308387
0.22910705,0.4319366
0.18159708,0.44805184
-0.88297224,0.18741173
0.84328675,0.033412524
-0.78017193,0.25173005
0.8751312,0.017644871
0.8783089,0.017118372
-0.89407164,0.2514779
0.8753101,0.016548784
-0.84397405,0.2333579
-0.90043944,0.08565351
-0.4486001,0.36109298
-0.83218837,0.1955906
0.8774772,0.016170988
0.232403,0.43663102
-0.7453963,0.2932053
-0.8700776,0.2336264
0.88360554,-0.10234017
0.26881352,0.40661412
0.87382793,0.017217815
0.00069757993,0.44210014
-0.9093104,0.08731304
-0.9002109,0.25497758
0.8756807,0.015302118
-0.26506308,0.40869316
0.8795198,0.018610831
0.28683224,0.3994952
-0.82986265,0.22019978
-0.9034622,0.08752786
-0.8798946,0.24237113
-0.85115457,0.032227345
0.18102632,0.4549536
-0.89683884,0.25470218
0.8756124,0.01631316
0.88135624,-0.10107092
0.16616258,0.45344627
-0.8133019,0.21419528
0.30637556,0.38599697
0.8830492,-0.0983425
-0.09815706,0.4232008
-0.90952206,0.0863179
0.14638531,0.45384982
-0.8876926,0.06738995
0.1315462,0.4396415
0.8771843,0.015766662
0.8761185,0.017458422
-0.7426149,0.2590842
-0.8465003,0.22397529
-0.9013545,0.08584876
0.060387608,0.4480794
-0.7334602,0.29003823
-0.85532904,0.07474141
-0.8856011,0.24693504
0.1835382,0.45518973
0.87896323,0.014149109
-0.6505245,0.3123013
0.87626904,0.017088074
0.8764264,0.016144108
0.8773354,0.017207557
0.1423877,0.4542741
-0.84489244,0.16163914
-0.655355,0.32685852
0.87596875,0.015761994
0.36623964,0.3377567
-0.8719266,0.13808638
0.23063095,0.4261674
0.87862426,-0.054642446
-0.6550798,0.31557137
-0.8498608,0.23426673
-0.9025044,0.088033214
0.87642676,-0.005974781
-0.83262354,0.24014194
0.876802,0.01643406
0.5521164,0.19929323
0.29889515,0.38201082
0.882061,-0.10079815
0.8851825,-0.10228884
0.8777976,0.016818414
-0.2761235,0.40540186
0.883293,-0.10106345
-0.8989593,0.253847
-0.65664834,0.3101166
0.875735,0.015910432
-0.82157093,0.21588273
0.29993045,0.30445644
-0.8285821,0.23138678
0.8783656,0.012448194
0.21144484,0.43694887
0.8764023,0.017478878
0.88359255,-0.10098649
0.87356657,-0.102291726
-0.87311,0.18764293
0.88266903,-0.03378914
0.88016504,0.015811335
0.8776592,0.019336564
0.8795539,-0.08538661
-0.86090857,0.23625144
0.87607706,0.01703048
-0.8656214,0.24249785
-0.7593421,-0.0010975659
-0.21866448,0.40395617
0.8822834,-0.09871295
-0.8861366,0.24616145
-0.87320924,0.252742
0.88120085,-0.092505716
-0.5981894,0.339737
0.8814435,-0.09742652
0.8765634,0.012782532
-0.8388087,0.22503483
-0.90426064,0.08623426
0.8757595,0.016669797
0.88494474,-0.10120146
-0.7700854,0.28435284
-0.42736873,0.3717256
-0.9049835,0.08610763
-0.8680935,0.24894312
0.8771522,-0.0765502
-0.88161486,0.18958074
-0.906078,0.08699042
-0.8978628,0.25384933
0.8794961,0.0051122797
0.15061492,0.455809
0.29293883,0.35100582
-0.90252167,0.079497315
-0.7041402,0.29108542
-0.5662752,0.3377811
-0.85552317,0.23364665
-0.85660124,0.22695784
0.17660102,0.45628878
0.8753171,0.017384354
-0.90120155,0.08815524
0.8840321,-0.07915584
0.8784573,-0.026839893
0.8760883,0.01725032
0.88381153,-0.101544395
-0.9061573,0.08920327
-0.8874001,0.059284016
-0.8411388,0.20476212
0.8825061,-0.09821507
-0.9042517,0.08841234
0.8765123,0.017259216
-0.6997328,0.009997718
-0.8734857,0.24217688
0.8750379,0.021908771
0.6011421,0.16903935
-0.75953746,0.012797324
-0.8982327,0.25543025
-0.89481336,0.25095746
-0.87032133,0.12775406
-0.8439949,0.23404738
-0.86986697,0.062495586
0.8840161,-0.10222842
0.8765346,0.015840976
-0.82550454,0.20788467
0.8764862,0.01666282
-0.8907498,0.2476851
0.88250864,-0.09635719
-0.8966407,0.2545588
-0.89898956,0.088199005
0.83959424,0.01512665
-0.85400295,0.04215077
-0.89910513,0.25273046
0.8816189,-0.08447115
-0.6969552,0.2920137
0.5212417,0.23898832
-0.3129982,0.3988181
-0.85288644,0.22943413
-0.8447731,0.20806625
0.17296278,0.45537168
-0.80929065,0.21809706
-0.2681791,0.4017534
0.87601894,0.01683297
-0.837563,0.19670688
-0.2937945,0.4021862
0.88315016,-0.10273649
-0.88280034,0.18003206
-0.28141567,0.40045393
0.5005556,0.24350941
0.8839159,-0.0996666
0.4962781,0.26376775
-0.5713308,0.33449247
-0.87638104,0.054545995
-0.5317847,0.33757997
0.88294476,-0.09799009
-0.9033935,0.0892674
0.8762665,0.017291991
-0.90373176,0.08764551
0.1752677,0.45897385
0.8649954,0.03130862
0.8660012,0.025447251
0.8595846,0.03646791
-0.8593342,0.18543795
-0.88589895,0.21290223
0.8775022,0.014465802
0.1257514,0.44203267
-0.7346627,0.28664955
-0.17646754,0.41758466
-0.57517457,0.3526913
-0.9040872,0.088087015
0.17558913,0.45497662
-0.88686866,0.05919997
-0.89547753,0.25168774
-0.8926722,0.24618007
0.8766229,0.01586867
-0.8956023,0.2527086
0.16372268,0.45506307
-0.38678753,0.37789017
-0.85170215,0.22784942
0.1752336,0.4530458
0.8559635,0.03076796
0.8618199,0.02597066
-0.7498641,0.26626846
-0.90127397,0.13617758
0.8721601,-0.04169387
-0.44553316,0.37807986
-0.28334385,0.39605346
-0.89882135,0.25341997
0.68068093,0.12893577
0.8069402,0.05501774
0.88041455,-0.021206865
-0.880548,0.188482
-0.16093417,0.41418433
0.170611,0.44976267
-0.8835319,0.18969965
0.4920923,0.24628054
0.36349374,0.3346675
-0.89215654,0.076814316
0.8814745,-0.099082574
-0.78163475,0.2565492
0.8755285,0.018275544
-0.5829378,0.34708026
0.18554138,0.44715866
-0.59219843,0.28056204
0.8761009,0.019891717
-0.46923,0.15634753
-0.8824074,0.24228157
0.8841956,-0.10199937
-0.90602815,0.08772935
-0.7288908,0.2823916
0.8769266,0.016787846
0.8763611,0.016953789
-0.836123,0.25261065
-0.8928593,0.25105613
-0.88080347,0.055287715
0.8835777,-0.10067014
0.8791365,-0.05018663
0.5457672,0.22159153
0.20388825,0.44377938
0.8798761,-0.058289796
0.1709019,0.45399186
0.8776002,-0.0776877
-0.893959,0.06561833
-0.90451765,0.08717742
0.18991308,0.457593
-0.7649046,0.256343
-0.8810991,0.18869893
-0.8576491,0.2291217
-0.8990979,0.080395415
-0.8603653,0.22546883
0.17548761,0.45906016
0.87823313,-0.04417783
0.8822537,-0.09373925
-0.7554479,0.2636762
0.18409838,0.45344368
0.8779289,0.01837694
-0.86247903,0.04659798
-0.8702303,0.18001117
0.0235313,0.4438856
0.15571299,0.43391708
-0.87026507,0.23517866
-0.8489889,0.206062
0.21209294,0.4256824
-0.7838277,0.25529784
0.8697655,0.017056795
-0.8849041,0.24898642
0.2861599,0.39090186
-0.85217035,0.22224252
0.8818551,-0.048976813
0.8726049,0.018031107
0.13930589,0.4559078
0.10220537,0.44641423
0.15155289,0.45239544
-0.65687907,0.31128702
0.87637603,0.017387602
-0.4059074,0.36470145
0.876497,0.015790932
0.26322782,0.42365935
-0.90526253,0.08683778
-0.90478104,0.086110175
-0.8758993,0.110364966
-0.83220905,0.21398236
-0.7669786,0.28385925
0.8772191,0.017678903
0.17085493,0.45777655
-0.83257455,0.22118598
-0.84212273,0.2213327
-0.84579474,0.16147603
0.877926,0.017709076
0.87835145,-0.042428438
-0.8522545,0.17584138
-0.5757179,0.33722115
0.8804743,-0.014696707
0.8771599,0.01669353
-0.8947418,0.24908258
-0.30189165,0.4000263
-0.7160329,0.28386417
0.88042915,-0.028411554
-0.64026165,0.3178687
-0.8748916,0.04626975
0.8757817,0.015231058
0.8762406,0.014502878
-0.7534543,0.2744695
0.1687839,0.45471036
-0.8963139,0.061876953
0.8787312,-0.09523454
-0.84587604,0.19421478
0.17537689,0.4541091
-0.64848995,0.32360807
-0.9050196,0.088228926
0.8760869,0.015805975
0.8819045,-0.06035653
-0.7877063,0.25423586
0.8485881,0.035159897
0.06554051,0.47682083
-0.39776444,0.3976567
0.8760214,0.016106153
0.14571096,0.46102735
0.40957272,0.28358114
0.8781404,0.017934773
0.88338,-0.09859916
0.87672186,0.016877633
-0.7511297,0.27835476
-0.89814025,0.25342262
0.5177901,0.23162551
-0.9022091,0.10334102
0.87670803,0.015272821
0.8787682,0.01617237
0.88366723,-0.099734
-0.8792274,0.2389091
0.87612426,0.016853156
0.8828557,-0.0987041
-0.893688,0.24903269
-0.8977511,0.07682516
-0.8992506,0.25345293
0.87710494,0.016590167
-0.8823967,0.19053857
-0.58497316,0.33850306
0.82357126,0.039703183
0.8801016,-0.06341552
0.87949276,0.017898323
-0.88878,0.1174998
0.8838353,-0.101729974
0.28183964,0.40524387
-0.8571989,0.23222917
-0.8940402,0.065626785
-0.9104243,0.0875971
0.8841621,-0.09968178
-0.89934814,0.25498638
0.8752085,0.017181128
0.17648211,0.45988098
0.6069783,0.15318364
-0.8724939,0.2347141
-0.7860613,0.2555316
-0.6157134,0.3196521
0.17514616,0.45646638
0.8812877,0.012207559
-0.9043161,0.08743229
-0.8701855,0.045245174
