-0.027263049,-0.1972432
-0.07309158,-0.939063
-0.11872021,0.77360004
-0.076351665,-0.9358483
-0.13592859,0.7689786
-0.044988453,-0.9194565
-0.032888044,0.72200084
-0.18901382,-0.06877333
0.07213979,0.22133268
-0.10380888,0.7804846
-0.16739874,0.7373453
0.05973847,-0.8039241
-0.03910723,-0.9346198
0.0012628332,-0.9210538
-0.11727899,0.7776669
0.0243961,-0.28427064
-0.073353216,0.7520426
-0.10174061,0.7594017
-0.15648793,0.7754588
0.0008304251,-0.41288182
0.03157885,0.48504427
0.053188212,-0.59446836
0.010948812,-0.24166597
-0.13033575,-0.50588894
-0.048501395,-0.9363846
-0.0710176,-0.93453664
-0.11082945,0.7651244
0.0026281148,-0.5328146
-0.044012457,-0.72024506
-0.118234366,0.76217085
-0.12656982,0.7576299
-0.05360656,0.7041556
-0.1217396,0.5911861
-0.04776016,0.7633792
-0.014479559,-0.91362965
-0.18272172,0.7812412
-0.14871138,0.78152543
-0.1230276,0.4408931
-0.1009239,-0.9292793
-0.048004616,0.65373003
-0.12614636,0.7686842
-0.044302616,-0.9392548
-0.27544478,-0.2795994
0.0682668,-0.8372099
-0.14064094,0.76653856
-0.041106183,-0.9433878
-0.099172726,0.6883614
-0.087338746,0.768602
-0.24806355,-0.31593943
-0.12200336,0.76536286
-0.0016210389,-0.7431237
-0.0688703,-0.9317017
-0.10324632,0.4885775
0.11888524,-0.62159914
-0.100210294,0.77413315
-0.070681974,0.7458232
-0.0496523,0.7309343
-0.036436655,-0.94256556
-0.1488879,0.7770383
-0.027555346,-0.9430801
-0.1485887,0.76296544
-0.02539243,-0.9464853
-0.028652057,-0.93819946
-0.039962977,-0.94198596
-0.007532315,-0.30607298
-0.07748506,0.035069373
-0.0054833293,-0.29205555
-0.04733016,-0.840382
0.06580004,-0.753962
-0.046538465,-0.09428667
0.0039474503,0.38167116
-0.04391308,0.6116493
-0.09936513,-0.91842014
-0.055006757,0.7586401
-0.10254463,-0.9326346
-0.11685752,-0.9225497
-0.0975805,0.7465387
-0.063020095,0.68583864
-0.10150912,0.74230874
-0.03562258,-0.9428023
-0.006859134,-0.9230266
-0.020947969,-0.8786398
-0.06794542,-0.9219582
-0.052111864,0.712887
0.03256782,-0.22303475
-0.046103083,-0.25140923
-0.094458565,0.7601974
-0.032772504,0.26945165
-0.124860436,0.7731716
0.024644585,-0.25850043
0.04635467,-0.56829125
-0.13643469,0.7636268
0.060076356,-0.374112
5.9635637e-05,-0.053610623
-0.05558997,-0.17667486
-0.03824719,-0.9408223
-0.071371846,-0.93706244
-0.034014467,-0.87198544
-0.0780235,0.7215374
-0.12310539,0.7699755
-0.051788785,-0.9447036
-0.18729323,0.77051765
-0.07184406,-0.93773305
-0.055530295,-0.93863755
-0.09389808,0.7379319
-0.10178331,0.08900554
-0.13549905,0.7700113
0.024332656,0.25099686
-0.060352307,0.7579313
-0.05300857,-0.9384288
0.035623003,-0.845861
-0.16942047,0.7835493
-0.008890429,-0.3137366
-0.10842273,0.77189964
0.0028643755,-0.5268109
-0.10713955,-0.14632633
-0.08634603,0.75563
-0.119949095,-0.9189441
0.006686312,-0.66057134
0.09047411,-0.80902994
-0.066204354,0.5331617
-0.097109064,0.4427371
-0.11779323,0.77941126
-0.11175229,0.7462223
-0.07519159,0.72726786
-0.1351269,0.7663671
-0.11502536,0.7086808
-0.023400027,-0.94709486
-0.075380884,0.73511094
-0.04236838,-0.9430151
0.0007075563,0.6013503
-0.09193261,0.7762825
-0.120692216,-0.91260767
-0.1658512,0.77360904
-0.095609315,-0.68121606
-0.09564326,-0.92595005
-0.16667871,0.77080387
-0.111955665,0.77129287
-0.07522866,0.724983
-0.07722677,-0.93524116
-0.08961329,0.7603522
-0.096319176,-0.9332949
-0.027527468,-0.94151634
-0.04503143,-0.92098695
-0.02445283,-0.94494075
-0.088034235,0.7563655
-0.051283162,-0.9330959
-0.0068381727,-0.31231093
0.0002815962,-0.9005005
-0.07574289,-0.8564939
-0.075238325,0.3786565
0.02676189,-0.71001923
-0.07535657,-0.91525567
-0.032173503,-0.9428127
-0.1065039,-0.93016535
-0.005637941,-0.5245184
-0.05439716,-0.25719815
-0.06219434,-0.006168791
-0.095418066,-0.9307734
-0.12832327,0.7634253
-0.07402466,-0.9021619
-0.08698757,-0.9273937
0.039341323,-0.8372615
-0.116984524,-0.9268105
-0.0019317351,-0.42138195
0.021258978,-0.29146984
-0.050085824,-0.9386322
-0.07973527,-0.2818866
-0.1038905,0.6980472
-0.038513195,-0.94354004
-0.04457281,-0.9297049
-0.083447784,0.74817884
-0.054788213,0.61026764
-0.03590467,-0.92784077
-0.1022663,-0.924074
-0.05249978,-0.3253947
-0.040144596,-0.19855127
-0.15683222,0.7042461
-0.05542812,-0.93794924
-0.10647979,0.7668895
-0.025692942,0.5766053
-0.046271168,-0.9359641
-0.081307925,0.7282641
-0.06290793,-0.937631
-0.06940717,-0.93534863
0.0015963758,-0.3455225
-0.1375204,0.77613723
-0.075603075,-0.93492144
0.02823959,-0.2925058
0.006023123,-0.90171754
-0.13134418,0.7784052
-0.074796475,-0.16960144
-0.09241377,-0.8866693
-0.08429815,-0.91550463
-0.029790523,-0.9448538
-0.0070577045,0.69926906
-0.07354001,0.7540416
-0.005671646,-0.9336498
0.11319428,-0.41962874
-0.017003236,-0.22065842
0.025288878,-0.3405402
-0.09619779,0.25878322
-0.14541815,0.77142084
-0.11054199,0.77033395
-0.11849886,0.7736622
-0.035307568,-0.93566394
0.049761888,-0.076879516
-0.08540035,0.7621452
-0.058934502,0.7456569
-0.014211358,-0.05971428
-0.13327439,0.7513184
-0.0980321,0.7795617
-0.03705313,-0.93928313
-0.10763951,0.7649556
-0.03478537,-0.94278806
-0.05806073,-0.9359106
-0.05051574,-0.10193349
-0.06124506,-0.93790144
-0.07143329,0.6823949
-0.074150294,0.71562463
-0.051381752,-0.8070514
-0.05549501,-0.9437071
-0.1304237,0.78604317
-0.073778056,-0.93717194
-0.0050850236,-0.94174474
-0.088496946,0.72874206
-0.0932994,-0.90001434
-0.09357818,-0.9330386
-0.007840782,-0.9459175
-0.17488983,-0.506632
-0.038729317,0.7426137
-0.07062362,0.7165346
-0.049264714,-0.938008
-0.100875765,0.74813044
-0.00071666593,-0.27841786
-0.10670598,-0.92909104
-0.038316313,-0.9434736
-0.07147843,0.7678429
-0.019373331,-0.84491485
-0.080941126,-0.93719363
-0.11839504,0.5964041
-0.10497995,0.76058704
-0.08065536,-0.07025541
-0.023112476,-0.9423989
-0.007965016,0.70312476
-0.0668549,-0.93355405
-0.027833318,-0.9443158
-0.070455186,-0.9368456
0.005201346,-0.31375378
0.007477677,-0.9206152
-0.09040597,-0.92462796
-0.03145586,-0.94542193
-0.0643612,0.76038396
-0.16379896,0.7648011
-0.09897399,0.74914646
-0.05872524,-0.9362498
-0.1566317,0.77184355
0.071211785,-0.84892565
-0.10903214,0.7772165
-0.05484354,0.68717045
-0.031254966,-0.8588952
0.020077368,-0.43112257
-0.12455754,0.7632007
0.06860525,-0.6032677
-0.10349041,0.71730494
-0.004756312,-0.9345106
-0.13283432,0.7772615
0.017076202,-0.7548652
-0.08036714,-0.937313
-0.11385856,0.7681613
0.019914895,-0.6065306
-0.020483343,0.6964344
-0.09949828,0.69826657
-0.1424277,0.76273584
-0.032989,-0.91241246
-0.014852067,-0.92875415
-0.12605985,0.7528654
-0.038879726,-0.9295022
-0.11297124,-0.92669994
0.03809227,-0.43937707
-0.058483258,-0.93728834
-0.036551036,-0.9416743
-0.08096484,0.75223607
-0.026267499,-0.94039303
0.01962567,-0.89433575
-0.013449275,-0.90797967
-0.0013039187,0.606912
-0.0047180946,-0.42478743
-0.03030041,-0.94006914
-0.13045654,0.6949943
-0.048993368,-0.94004905
0.0011189482,-0.82167697
-0.057036858,0.75571877
-0.10642736,0.7637672
-0.031783883,0.6667644
-0.09476406,0.7587662
-0.15999319,0.7798513
-0.13468364,0.6041262
-0.135196,0.7911309
-0.10333454,-0.9298101
-0.050651472,-0.9416891
-0.101651795,0.75907636
-0.096833535,0.72452027
-0.07523379,-0.9322666
-0.030537577,0.64712954
-0.11600823,0.74603677
-0.033453874,0.70774055
-0.1320135,0.7601379
-0.0057884,-0.32076037
-0.13662878,0.7256285
-0.058699742,-0.9374631
0.009986329,-0.3263003
-0.10346965,0.7143181
-0.07379826,-0.9400303
-0.10677482,-0.1407174
0.034165286,-0.26522464
-0.09857493,0.7645303
-0.08928246,0.7179425
-0.05707257,0.7547871
0.038226932,-0.33162287
-0.14212786,0.75755894
0.06209264,-0.83161366
-0.033284817,0.6940418
-0.103868544,0.7025297
-0.052351035,-0.93738234
-0.024389358,-0.9162275
-0.14186561,0.7788873
0.018900681,-0.05271611
-0.10475176,-0.9210239
-0.17868109,0.7671484
-0.008925614,0.6076846
-0.09773491,-0.81448543
-0.010573982,-0.24358413
0.09654861,-0.83140975
-0.06659273,-0.93572867
-0.14279445,0.7569018
-0.09947133,0.56535566
-0.11546032,0.7790351
-0.034461364,-0.9395855
-0.044957604,-0.9417514
-0.052148767,-0.9408689
-0.10428352,0.76463836
-0.0023675233,-0.9230046
-0.108577095,-0.93142515
-0.08925853,0.73903555
-0.01658437,-0.9462389
-0.11426287,-0.92160404
-0.082664825,-0.93390423
-0.11244294,-0.9226942
-0.03985993,-0.9436848
-0.053984948,-0.23207645
0.016724547,-0.7021765
-0.048076145,-0.9362368
-0.08867574,0.668775
-0.016882824,-0.17282808
-0.12740947,0.76758736
-0.07417039,-0.89709365
-0.035674024,-0.94467217
-0.07541196,0.74196905
-0.10892186,0.76686
-0.0448162,-0.9442579
-0.050780695,-0.94256294
0.043815922,-0.8031445
-0.12829953,0.77516615
-0.010226827,-0.7920269
-0.06656852,-0.9417818
-0.016136134,-0.48644933
0.0447787,-0.30049276
0.0030556791,-0.7217726
-0.07021609,0.5207871
-0.05812009,0.75335264
-0.046014193,-0.94282717
0.065555885,-0.5905252
-0.09086456,-0.9373359
-0.027027695,-0.93320054
-0.08715359,-0.22637573
-0.009019825,-0.25877747
0.008415269,-0.18707511
-0.082761765,0.34153783
-0.062052794,-0.94006795
-0.043491066,-0.9435911
0.086226515,-0.8049596
-0.034476344,-0.19303693
-0.08003161,0.760802
0.0029905029,-0.24556327
0.0073994193,-0.933996
-0.12987101,0.76215047
-0.07081482,-0.9332162
-0.024228342,-0.9487254
-0.008056036,-0.6288048
0.09653895,-0.5801305
-0.07838594,0.73868
0.00038154528,-0.9347636
-0.123891875,0.77734274
-0.020688318,-0.94195473
-0.13221076,0.77445984
-0.07540888,-0.16375974
-0.07344449,-0.13437687
-0.028203439,-0.9397492
-0.048543707,0.6057785
-0.030604346,-0.9363187
-0.11533659,-0.54511786
-0.09235908,-0.9353174
0.04604642,-0.5050325
-0.0173442,-0.36167684
0.07164636,-0.600757
-0.08430321,0.75138676
-0.07725962,-0.89524996
-0.0405741,-0.9432038
-0.091503955,-0.8597478
-0.046543304,-0.93854606
-0.07427559,0.75805193
-0.037154492,-0.9327703
-0.099015184,0.47493038
-0.04655311,-0.93980986
0.014791171,-0.78736067
-0.091828465,-0.91264266
-0.10150121,-0.7914064
-0.0963956,-0.81320626
-0.024831874,-0.9445461
-0.1760173,0.76826096
-0.07352836,0.72919303
-0.06678794,-0.9137552
-0.044386417,-0.12211428
-0.034660183,0.64966094
-0.08133792,0.34296975
-0.034468923,-0.9342371
-0.071155615,-0.93220824
-0.04082939,-0.9455364
0.014184238,-0.24754223
-0.027589913,-0.2798023
-0.043922033,0.6383518
-0.0128957825,-0.9302844
-0.13191645,0.7474441
-0.102956384,-0.90347064
-0.053915855,-0.9365096
-0.08373156,-0.9299151
0.025463102,-0.30520684
-0.00690511,-0.39696515
-0.07226874,-0.92568666
-0.14093754,0.6516762
-0.12088388,0.4865119
-0.20998196,-0.1936584
-0.017686399,0.72015554
-0.09883811,-0.92828816
-0.16150941,0.77953094
-0.006797806,-0.92729497
0.015514667,-0.8934055
0.0076417406,-0.2991047
-0.13522054,0.77212775
0.08184346,-0.48261803
-0.11923957,-0.92430055
-0.22725946,-0.3909293
-0.039681893,-0.9453029
-0.058127526,-0.9389205
-0.075012125,0.7647149
-0.07780945,0.76440305
-0.09033131,-0.9304335
-0.117219426,-0.92228293
-0.04968629,-0.94466585
-0.11475263,0.7728271
-0.11238709,-0.9282794
-0.077046305,-0.46820456
-0.074742235,-0.9052861
-0.00073291594,-0.9002985
-0.1100601,-0.91510826
-0.11646598,-0.109853074
-0.006622171,0.5462122
-0.060260836,-0.94118863
0.061245054,-0.48654166
-0.022866806,-0.9452081
-0.07956943,-0.92179096
-0.007868722,-0.9391036
0.022542492,-0.24530673
0.040679142,-0.32327944
-0.055853758,-0.44811264
-0.081122294,-0.9320054
-0.13151541,0.7792156
-0.020151822,-0.84886575
-0.18177477,0.003917836
-0.109925315,-0.9203755
-0.046380524,-0.9419616
-0.11466143,-0.9117949
-0.103140056,-0.9323271
-0.11714831,0.4736077
-0.110067494,-0.9269017
-0.08223058,0.38694394
-0.05210762,-0.93917286
-0.061257496,-0.9401203
-0.11099058,-0.93069226
-0.16240905,0.7659594
-0.14942311,0.76418513
-0.04735934,0.7307445
-0.031618014,-0.9341917
-0.0028791921,-0.9397323
-0.06340099,0.50344115
-0.17272495,0.31714877
-0.021848276,-0.38320065
-0.060748287,-0.9402123
0.023077494,-0.28063348
-0.07615306,-0.9305188
-0.0046440437,-0.9171191
-0.12135466,-0.9198615
-0.14226809,0.77165616
-0.124285325,0.64713883
0.08366762,-0.3319092
0.008477389,-0.30031976
-0.1043941,0.7706013
-0.095463246,0.6437531
-0.01772488,-0.9456257
-0.036290333,-0.9453833
-0.0037311672,-0.9094412
-0.05853977,-0.10522082
-0.083558634,-0.24687746
-0.020686233,-0.9431125
-0.02169156,-0.30574495
-0.094771676,0.7184143
-0.11645672,-0.9261703
-0.05633992,-0.9426938
-0.034775343,-0.9387102
-0.11386575,0.7660057
-0.074275844,-0.93471175
-0.11877643,0.6990047
-0.08265523,-0.18565837
0.018854043,-0.92737645
-0.13678738,-0.45146433
-0.05807153,-0.6824455
-0.109838784,0.76865435
-0.07275282,-0.9268676
0.05151948,-0.7381914
0.07087374,-0.40407905
-0.10546327,-0.91197425
0.005930719,-0.8708074
-0.074337535,-0.2855864
-0.09654627,-0.9281435
-0.032207035,-0.9458367
-0.061497934,0.7636827
-0.09534436,-0.9344638
-0.11107076,0.769015
-0.00072993024,-0.09947542
-0.011362972,-0.27372766
-0.21762627,-0.4920914
-0.13138309,0.71196723
-0.030881261,-0.9466666
0.034776438,-0.6280811
-0.07746953,0.74572843
-0.08873007,0.7348439
-0.17206885,0.7754181
-0.106434695,-0.9196025
-0.041665874,-0.94490427
-0.119713016,-0.92272156
0.0034256214,-0.15170607
-0.0539829,-0.9385593
-0.026335616,0.049392816
-0.0641507,-0.9395546
-0.07015676,-0.9391975
-0.21313433,-0.45240742
-0.095733896,-0.9215111
0.008980988,-0.7996055
-0.043561358,-0.91839296
-0.027828759,-0.9171123
0.0026584503,-0.93429
-0.044949684,-0.9342056
-0.11335901,0.7704559
-0.078314334,0.73440427
-0.023848983,0.58825284
-0.15546453,-0.17899862
-0.053114668,-0.9437717
0.03832026,-0.6733537
-0.06281839,-0.23397225
-0.009747796,-0.8287481
-0.11238794,-0.1372891
-0.05986141,-0.94087833
0.000955997,-0.9313631
-0.089451075,0.76663804
-0.07121595,-0.9408325
-0.0884224,-0.9354528
-0.1367271,-0.107865036
0.039621036,-0.6263936
-0.052260432,-0.9406303
-0.06182574,-0.93665636
-0.092871144,0.74385387
-0.021932418,-0.22362928
0.012943612,-0.9208763
-0.039753634,-0.76678413
-0.0755489,-0.9370313
-0.104073085,-0.93130845
0.07306283,-0.600219
-0.16183847,0.7706467
-0.08347554,-0.9370898
0.038933776,-0.43587154
0.050073188,-0.7002263
-0.12518635,-0.32439852
-0.11989239,-0.92641544
0.10853497,-0.42960224
-0.01256054,-0.9437764
-0.113215595,-0.92378
-0.10049255,-0.06767224
-0.0066678897,0.30815578
-0.057480313,-0.58229923
-0.0037663525,-0.93055177
-0.046921402,-0.37733233
-0.05347085,-0.93634534
-0.06809249,0.5830139
-0.0002758029,-0.92334485
-0.039521907,-0.9458534
-0.03908111,-0.94547147
-0.21577938,-0.4230623
-0.073648445,-0.9188131
-0.0780517,0.7490645
0.012061011,-0.47154805
-0.12608123,-0.5791102
0.034895085,-0.8423026
-0.17401308,0.7707884
-0.21376206,-0.3418891
-0.103803165,0.7528337
0.044462267,-0.107860275
-0.026648575,-0.09358931
-0.09144731,0.75790715
-0.15423104,0.7798386
-0.054076485,-0.9430242
-0.09251002,0.18563505
-0.12770678,-0.92228603
-0.10782126,0.767939
-0.008091233,-0.5911674
-0.011991962,-0.05158127
0.004072044,-0.917236
-0.022656443,-0.75383645
0.029706074,-0.5475701
0.058073618,-0.7424983
-0.02483887,-0.54936075
-0.04571373,-0.21132141
-0.11973486,-0.19635129
-0.03756889,0.10524886
-0.053117167,-0.93906045
-0.05477779,-0.92654043
-0.17611966,-0.31039262
-0.029618645,-0.94544125
-0.0035159406,-0.939804
-0.0833686,0.7549099
-0.1256863,-0.49726927
0.008980029,-0.36132666
-0.049933087,0.6936255
0.025182145,-0.7916492
-0.10503453,-0.9250373
0.011925732,-0.9202238
-0.059357688,-0.6481765
0.045733623,-0.88687783
-0.048740447,-0.9262883
-0.06478753,-0.9413952
-0.10554246,0.7486509
-0.024721524,-0.9016965
0.0065276492,-0.8743216
-0.042207114,-0.94417495
-0.13921738,0.7808161
-0.15199506,0.76773506
-0.115510866,-0.9280448
-0.058182355,-0.93957704
-0.048132926,-0.8499793
-0.0992553,-0.93237144
-0.025265686,-0.94682586
0.003818444,-0.9324236
-0.10033818,-0.9286566
-0.1578782,0.61631864
-0.04753676,-0.9397321
-0.054489076,-0.7024198
0.013514093,-0.5431439
-0.076739594,0.76501715
-0.13995132,0.7664379
-0.11203326,0.74797195
-0.0847566,0.16067412
-0.012398004,-0.94069165
-0.09660097,-0.91212445
-0.085077696,0.7251056
-0.022346487,0.7189564
-0.11279332,-0.9213891
-0.052281972,-0.19463405
-0.075830795,-0.91918355
-0.025421776,-0.9486947
-0.065656304,0.46514836
-0.079562254,0.6315676
-0.12738748,0.76336986
-0.059346918,0.7088951
-0.16072828,0.7159214
-0.032513615,-0.6951952
-0.07962549,0.7584599
-0.11050185,-0.87761784
-0.055601902,-0.9415674
-0.07035233,0.7337432
0.0170921,-0.43125424
0.038469035,-0.9068667
-0.0784429,-0.9327421
-0.067155525,-0.94027555
-0.022058826,-0.94541866
-0.029048525,-0.9453538
-0.030656967,-0.93167657
0.022334656,-0.7760923
-0.102093555,-0.92759156
-0.03324477,-0.9435689
-0.00610537,-0.34347737
-0.040423952,-0.9295924
-0.04356831,-0.4107676
-0.038791444,-0.9468271
-0.16593052,0.7730821
-0.083170764,0.7535699
-0.030227974,-0.9450546
-0.02684878,-0.941399
-0.09749473,-0.92859197
-0.056440562,0.73710227
0.031095944,-0.859568
-0.07584705,0.74967843
-0.047898494,-0.9382202
-0.08648588,0.7761426
-0.08765564,-0.0083891675
-0.095626354,0.7647369
-0.22243588,-0.4392409
-0.0891813,-0.928011
0.04127572,-0.5289604
-0.04679449,-0.2384396
-0.14986916,0.777405
0.10183011,-0.37300834
-0.041538276,-0.9463123
-0.033589125,-0.94335085
-0.08913342,-0.4289084
-0.050797526,0.6773235
-0.082268715,-0.8922926
-0.12402841,0.7713762
0.012862471,0.70162165
0.096809745,-0.57905865
-0.009925485,0.68620634
-0.13405646,0.7829106
-0.072979175,0.7287934
-0.04568033,-0.94110465
-0.09357319,0.76418674
-0.13083968,0.77770036
-0.1062461,-0.9187895
-0.10157693,-0.92738116
-0.0907714,-0.369786
-0.1309671,-0.91980183
-0.09203789,-0.9350501
0.02195731,-0.9195229
-0.11231624,0.76151884
-0.046463415,-0.9413307
0.026861593,-0.22393823
-0.039307266,-0.9289949
-0.0739634,-0.9331781
-0.12411515,-0.8770392
-0.07852893,0.7513022
-0.033303425,-0.93198776
-0.09522426,-0.9312699
-0.09943632,0.3318164
-0.118981004,0.77582365
-0.007133777,-0.9437311
-0.037705258,-0.9444885
-0.023822943,-0.92191005
-0.0350594,0.43530437
0.026629329,-0.8245137
0.01084943,-0.24291107
-0.10043012,-0.9221375
-0.10173757,-0.015803423
-0.12658411,-0.920841
-0.09310193,-0.93301475
-0.0014277438,-0.69953865
0.018629923,-0.22793052
-0.030772429,-0.9426833
-0.089850254,-0.9312432
-0.12403126,-0.9207703
-0.040943574,-0.94048446
-0.06261106,-0.93870014
-0.17371514,0.7691543
-0.08355859,-0.06836113
-0.019603083,-0.17421141
0.005923962,-0.9228756
-0.06401132,-0.93868715
-0.1057002,-0.9267502
-0.11154092,0.7673767
-0.14369093,0.76912934
-0.058653276,0.7150903
-0.11441634,0.75955725
-0.05036306,0.592824
-0.13408859,0.78390753
0.00028002865,-0.9438328
-0.064347625,-0.93813056
-0.037328828,-0.94285697
-0.11634238,-0.9272798
-0.1683123,0.7749498
-0.059529163,0.7051464
-0.06427823,-0.93146545
-0.0350963,-0.9358796
-0.059078548,-0.9368615
-0.030209502,-0.9469063
-0.07878239,-0.924426
-0.16705827,0.7829301
-0.111147106,-0.12829988
-0.120402776,-0.921697
-0.04134572,-0.94268465
0.07226621,-0.68493843
0.066484235,-0.73655075
-0.009274863,0.68208265
-0.06531087,-0.94087255
-0.2165734,-0.31749266
-0.1820958,-0.52664256
-0.109936774,0.76314646
-0.03834846,-0.9341301
-0.033456024,-0.90458167
-1.0629071e-05,-0.2912583
-0.006843644,-0.85416085
-0.04416058,0.4950886
0.013274826,-0.92388475
-0.048272576,0.7194456
0.009284987,-0.90368265
-0.04835463,-0.9423556
0.007486909,-0.9286697
-0.08338734,0.7469872
-0.13970652,0.7650574
-0.14014848,-0.915621
-0.06563824,0.76789993
-0.046077464,0.48348114
-0.14363411,0.7678788
-0.05611674,0.20850106
0.018802302,-0.9005531
0.0070120827,-0.92986226
-0.044227026,-0.9341342
-0.039795574,-0.34318876
-0.10521063,-0.9303877
-0.035208702,-0.9382688
-0.049348637,-0.21878609
-0.061574813,0.7603284
-0.012570811,-0.9402502
-0.046922844,-0.10597568
-0.13167511,0.7734361
-0.0578015,-0.9280385
-0.11707727,-0.92806447
-0.13144602,0.76756567
-0.06475004,-0.8943858
-0.07392398,-0.9248991
-0.10952415,0.3745069
-0.16367768,0.76739144
-0.087742224,0.737236
-0.12850466,0.76801515
0.034782737,-0.4195603
-0.09698626,0.75694674
-0.10530724,0.7619576
-0.065896384,-0.9413575
0.029264743,-0.4761961
-0.12439,0.4373312
-0.03223015,-0.9379687
-0.03345834,-0.23817518
-0.05823052,0.7285101
-0.036755744,0.7038218
-0.028149137,-0.9447581
-0.047104858,-0.24952273
-0.031080002,-0.111434974
-0.07805379,0.7778694
0.0150410365,0.5063977
0.021234043,-0.91552514
-0.12455241,0.7536824
-0.088529065,-0.9102608
-0.1251484,0.75643903
-0.10039493,0.77104163
-0.09835623,-0.9334253
-0.09016008,-0.9305963
-0.014211906,-0.9243424
-0.04514741,-0.94197476
-0.041987304,-0.9353171
-0.040302623,-0.9389281
-0.04713319,0.6835492
-0.06386633,-0.284669
-0.0067446623,0.50449634
-0.03739956,0.73272616
-0.033392742,-0.2916703
-0.17276959,0.7700771
-0.058930516,-0.941872
-0.11752401,0.7675196
-0.05918183,-0.9180905
-0.039749097,-0.9402837
-0.01971997,0.63936216
-0.038855985,-0.94471186
-0.024316318,-0.15381423
0.10331436,-0.67008954
-0.05492463,0.76445633
0.044036623,0.34550315
-0.17081216,0.7706215
-0.07012424,0.75466543
-0.03992202,-0.9426656
0.07255391,-0.6030434
-0.018531047,-0.16460748
-0.06600315,-0.9415305
-0.06266526,-0.92483616
-0.027533578,-0.9445952
-0.17867005,-0.50036
0.07007453,-0.63370156
-0.018247496,-0.114296794
-0.11080149,0.43250135
-0.07850705,-0.9362208
-0.080147974,-0.93449837
-0.086928144,-0.9271516
-0.084932804,0.7503884
-0.10241338,0.7572053
-0.07061681,-0.92601544
-0.073229365,0.29558212
-0.09011137,0.6974806
-0.09824719,0.76106
-0.10316447,-0.92997193
0.09811761,-0.4279224
0.014366904,-0.6501293
0.08616547,-0.44187278
0.03633384,-0.37252355
-0.12183501,-0.91176707
-0.019457767,-0.16030562
-0.033778686,-0.9147486
-0.003418174,-0.8739195
-0.036403686,-0.931904
-0.13623367,0.7764999
-0.10751429,-0.93175215
-0.03639716,-0.93628335
-0.036786422,-0.94100827
-0.15064143,0.7766955
-0.054071426,-0.93815976
-0.1347078,-0.9258634
-0.15547289,0.7684664
0.034866147,-0.8381207
0.022026084,-0.2728221
-0.046737306,-0.17801882
-0.1049762,0.754743
-0.07647288,-0.9374939
-0.12330611,0.76981944
-0.091268435,0.7540833
-0.04905513,-0.9434107
-0.052091107,-0.090491846
-0.04162715,-0.94287384
-0.03226145,-0.89167887
-0.00097509444,-0.92851657
-0.04239641,0.7446948
-0.0633271,0.7580197
-0.09676031,0.76398385
-0.0201261,-0.9430885
-0.114697896,-0.92205405
-0.018723594,-0.9156456
-0.13293096,0.76886946
0.018110517,-0.7867119
-0.15303297,0.78483397
-0.04238727,-0.9249909
-0.11420848,0.7680103
-0.09949933,0.7782632
-0.1095732,-0.9317539
-0.11308734,-0.9234994
-0.0833039,-0.10933539
-0.14701873,0.77590775
-0.022949513,-0.93366957
-0.095785014,-0.9287753
-0.09896139,0.7693856
-0.025144437,-0.30431634
-0.11414948,0.7029947
-0.042248968,-0.9410852
-0.14358807,0.76771003
-0.023858111,0.18521397
-0.0720394,0.7358951
-0.16024134,0.7721767
-0.063611954,-0.17845775
-0.122411326,-0.9204689
-0.15055308,-0.4333981
0.054898776,-0.46002463
-0.13675232,0.7684275
-0.060461916,0.71448153
-0.05263683,-0.2305894
-0.07716359,0.6400746
-0.027826898,-0.8365806
-0.081937805,0.7774678
-0.041285124,-0.94316167
-0.12476495,0.7773624
-0.15295492,0.78050715
-0.09039229,-0.15791225
-0.109231874,0.77696246
-0.007378794,-0.28803504
-0.080917016,0.57031846
-0.073205695,0.7607882
-0.091872744,0.76494735
-0.033180766,-0.9256762
-0.038659327,0.72999895
-0.10074205,-0.9297215
-0.043834727,-0.9377511
-0.08600679,0.75050825
-0.03137707,-0.9439927
-0.13367842,0.7512263
-0.09603313,0.775192
-0.08743272,-0.9217859
-0.018695127,-0.9450659
-0.008960541,-0.93225056
-0.06819482,0.37057668
-0.10638294,-0.91804683
-0.047559507,-0.94507444
-0.099152945,-0.93344164
-0.012070892,-0.25090036
-0.029067352,-0.16153696
-0.08225277,-0.31045285
-0.037336078,-0.9434881
0.058702577,-0.8830199
-0.08073388,0.74349403
-0.02375233,-0.28889373
-0.09294437,0.7587993
-0.0364101,-0.92835426
-0.02894906,-0.9418525
-0.09720394,0.7753535
-0.057150774,0.7068969
-0.12202718,0.76064473
-0.060619198,-0.9373144
-0.09581673,0.7597464
-0.04068053,-0.22637706
-0.110275365,0.77719665
-0.097365275,-0.93210936
-0.02326532,-0.93559945
-0.09338323,0.4886879
0.040154085,-0.88414246
-0.13345948,-0.9120519
-0.04186077,-0.9415126
-0.07522694,-0.9335294
0.0006923584,-0.9430112
-0.098607786,0.76220393
-0.036963463,-0.92868817
-0.052808464,-0.93102616
-0.05274122,-0.34439254
-0.06185174,-0.65385926
0.025827205,-0.30303162
-0.088961855,0.75505865
-0.09739573,0.6936803
-0.12334925,0.7795884
-0.08910385,-0.9323526
-0.10228552,0.74058545
-0.103356294,0.7609987
-0.03558435,0.70724976
-0.089155,0.7228344
-0.04875997,-0.93424475
-0.038098466,-0.93937665
0.0032480063,-0.36469865
-0.081142284,0.74740034
0.00838528,-0.23785092
0.09454572,-0.55835915
-0.10357361,-0.9314343
-0.057257697,0.77066195
0.015867293,-0.92956096
-0.0942916,0.75075436
-0.12159961,0.6742845
-0.06354247,-0.93771315
-0.019411668,-0.019236969
-0.062416874,-0.94051206
-0.06960182,-0.38325945
-0.14869519,0.74776673
0.009160735,-0.9156387
-0.13804787,0.78752863
-0.04688663,-0.93298227
-0.1292082,0.767208
-0.10809344,-0.92405325
0.004808002,0.653263
-0.011490097,0.6952505
-0.085015066,-0.33003837
-0.09036514,0.2669762
-0.069290616,-0.93575585
-0.17110799,0.7806276
-0.04469302,0.6791231
0.047527593,-0.43256798
-0.045865625,0.7127218
-0.022786504,-0.94574386
-0.041921236,0.7175653
-0.104688756,0.56052357
0.08416257,0.13149212
-0.004283435,0.60074574
-0.124611825,0.73886895
-0.05330643,0.75020903
-0.08304169,0.7571474
-0.098083526,-0.9323068
-0.023357062,-0.23357125
-0.1485191,0.7740249
-0.11685836,-0.92061365
0.046284195,-0.8533846
0.049515616,-0.7911486
-0.11763432,0.76980966
-0.09514152,0.7648171
-0.020981977,-0.94548017
0.09805415,-0.7473482
0.0344671,-0.7619148
-0.106207944,-0.92714626
-0.093159474,-0.9323105
-0.1395532,0.76055586
-0.05201291,-0.94366515
-0.12359077,0.77348566
-0.09159918,0.7748925
-0.0049215835,-0.9374888
-0.03409163,-0.9408054
-0.053277623,-0.3094647
-0.11848155,-0.92494315
0.07112887,-0.43016416
-0.12841836,0.7699401
-0.092619464,0.7552456
-0.050132427,0.7532173
0.03847771,-0.2192444
-0.101629555,-0.9305543
-0.021486176,-0.94190454
-0.089572124,0.7520356
-0.042558864,-0.9341739
-0.08760008,0.77790034
-0.016508652,-0.9330587
-0.029000275,-0.94330525
-0.023814868,-0.94403833
-0.06022613,-0.9014746
-0.09870545,0.764748
-0.14432825,0.77292204
-0.021681046,-0.9431013
-0.13232163,-0.0118723735
0.01262529,-0.25136754
-0.0016047902,-0.33458948
-0.023726527,-0.9283563
-0.056994565,0.74728477
-0.09373439,0.6146536
-0.0114162695,-0.93487525
-0.1425043,0.38896635
-0.10408946,0.7585166
0.05364604,-0.3367808
-0.024383985,-0.25506356
-0.10677055,-0.9336552
-0.114522785,0.6941096
-0.04188602,-0.94006336
-0.06337356,0.6346865
-0.06829978,-0.9309346
0.0069251615,-0.19346705
0.050535295,-0.41205284
-0.13376641,-0.48099893
-0.05937379,-0.93690217
0.013652619,-0.41828758
-0.010797949,-0.946246
0.04778281,-0.3384184
-0.014356456,-0.9439998
-0.0664938,0.76234734
-0.06081737,-0.9437178
-0.12438767,0.7738582
-0.08773178,0.65445083
-0.061621815,-0.63377273
-0.108040266,-0.9317563
-0.06897308,0.762908
-0.022344986,-0.78372383
-0.06996814,0.7541612
-0.11921104,0.75936586
-0.1252635,0.76471233
-0.0644419,-0.083243914
-0.07043023,-0.93209547
-0.009738775,-0.8959113
-0.03365788,-0.944529
-0.15990193,0.76874155
0.04721511,-0.8908931
-0.03897305,-0.17526579
-0.051173426,-0.23931186
-0.07590647,-0.93486124
-0.05072002,-0.94028485
-0.042663585,0.7075293
-0.027576638,-0.9177209
-0.023383258,-0.9457553
-0.08974347,0.75043577
-0.11064647,0.75932807
-0.06719567,0.7561615
-0.0507423,-0.94475526
0.0052026263,0.5459747
-0.15819634,0.75813735
0.009996939,-0.93551224
-0.016019238,-0.93801206
-0.053736944,0.49342793
-0.1433394,-0.059226688
-0.010153445,-0.9354234
-0.15059201,0.7855512
-0.10445461,0.752491
-0.044747557,-0.9437873
-0.09148089,0.75645703
-0.12856938,0.7839737
-0.012030041,-0.19334428
-0.011473017,-0.9418412
-0.03987731,-0.9410691
-0.0965318,0.7648343
-0.11076489,0.54086107
-0.06250919,-0.92435277
-0.06735861,0.68902314
-0.09219018,-0.93104047
-0.095143616,0.7582446
0.01978642,-0.8749477
-0.018897422,0.71254593
0.10955063,-0.57550514
-0.039504044,0.29029235
-0.093618505,0.76604706
-0.0116234915,-0.2579942
-0.06852273,-0.0474332
-0.108117655,-0.9301226
-0.09739667,-0.9313702
-0.045657136,-0.9223499
-0.039805733,0.69770557
-0.08757699,-0.92978954
-0.14434786,0.76342106
-0.10027039,0.7482563
-0.07085183,0.6540949
-0.0819986,0.7667972
-0.10474881,0.75074875
-0.044395637,-0.93104994
-0.114772595,0.7567982
-0.056697067,0.66377294
-0.010259226,0.6663593
-0.09642633,-0.93394226
0.060579557,-0.8619871
-0.04756114,-0.93724823
-0.18648775,0.76987237
-0.123753436,0.7736291
-0.08747666,0.7552335
-0.09133624,-0.93765676
0.016645178,-0.3473563
-0.04584896,0.7206486
0.0061405613,-0.23643851
-0.074420266,0.6470316
-0.08201919,0.7551153
0.025554365,-0.9279556
-0.046395835,-0.942166
-0.07364617,-0.9373258
-0.13299648,0.78190356
-0.08595178,-0.92267823
-0.001812995,0.24187638
0.05639755,-0.7449653
-0.081857756,0.7551193
-0.1677339,-0.39159158
-0.045905568,-0.06666684
-0.04624488,-0.9393826
-0.05284579,-0.12027211
0.0071392828,-0.8560029
0.031780817,0.5439425
-0.0068682446,-0.23750067
-0.011595202,-0.4007086
-0.07991026,0.7377818
-0.04357882,-0.94303864
0.004168299,0.4428427
-0.03010954,-0.9330879
-0.06703538,-0.9365765
-0.013043576,-0.9389664
-0.059565898,0.75824696
-0.118536845,-0.9190468
-0.08218192,-0.24512374
-0.10099549,0.78095967
-0.04216476,-0.94483477
-0.11331803,0.7753632
-0.050727118,-0.93747765
-0.01488014,-0.94534516
0.005355176,-0.2331779
-0.09612001,-0.9331336
-0.011502463,-0.90760916
0.03892219,-0.549332
-0.16494425,0.7671433
-0.1675339,0.30973652
0.06555184,-0.8123921
-0.100178964,-0.9298106
-0.11836167,0.7656264
-0.047004405,-0.9204178
-0.015855838,0.02889683
-0.03503827,-0.9447759
-0.014555645,-0.94447696
-0.032754477,0.46697998
-0.064065576,-0.4186427
0.010607151,-0.29443735
-0.08825732,0.72143364
-0.14893848,0.7524706
-0.12723684,0.77999705
-0.056199603,-0.94080144
0.0039636884,-0.18316798
0.018292343,-0.37657532
-0.046266384,-0.9419906
-0.09448433,0.7608314
-0.08637987,0.74599683
-0.050838888,-0.9279001
-0.0037974746,-0.9140445
0.006681244,-0.20800368
-0.099981084,0.7652354
-0.039930984,-0.94447315
-0.035569955,-0.942848
-0.10049921,0.34398118
-0.120964326,0.7517059
0.02308683,-0.64452547
-0.09726647,-0.9296224
-0.035039425,0.70170605
-0.020217534,-0.25696224
-0.11459894,0.76000446
-0.01891891,-0.9469973
-0.043816883,-0.94302505
-0.05584237,0.017102946
-0.001699708,0.6504512
-0.04171241,0.7030599
-0.0064667915,-0.94076234
0.0038427468,-0.18673149
-0.020374637,-0.11403981
-0.10452467,0.7084457
0.01937928,-0.24669394
-0.11943921,-0.925606
-0.12230948,0.7746008
-0.060403425,-0.93723536
-0.10422393,0.76585335
-0.089573644,0.7131903
0.017548857,-0.81862354
-0.07967318,-0.9243107
-0.027761964,-0.29805103
-0.024816507,-0.073937275
-0.060299236,-0.9411275
-0.06144392,0.6417707
-0.06858435,-0.8874417
-0.0048600216,-0.2909484
-0.03740277,-0.9430203
-0.07392429,-0.510999
-0.0895815,0.76356095
-0.07406096,-0.9389735
-0.10748557,0.7590464
-0.016858634,0.40266907
-0.17040308,0.7814851
-0.07658902,0.7672894
-0.1313567,0.7760387
-0.088959076,0.76127607
-0.10790961,0.26762602
-0.02632214,-0.9402108
-0.045929033,0.6951389
-0.072618246,0.61950326
-0.044838782,-0.8942837
-0.046019692,-0.94496953
-0.00019974804,-0.9252364
-0.06554526,0.75060517
-0.049239684,0.6929375
-0.079952635,-0.15098733
-0.061426733,-0.7419961
-0.034201294,-0.79405296
-0.079439655,0.75387627
-0.06585279,-0.87634206
-0.092822574,0.735166
-0.012305866,-0.93959224
-0.10773307,0.76778483
-0.07822932,0.751002
0.002046627,-0.5805526
-0.10647942,-0.92298836
-0.060770255,-0.9290431
-0.09589027,-0.9309964
0.065328024,-0.551611
-0.1007043,0.71708447
-0.10144959,0.7625524
-0.024949843,-0.18646726
-0.10767482,0.7681473
-0.054822832,-0.9439594
-0.040276106,-0.9347523
-0.09641758,-0.93326735
0.023135014,-0.87921786
-0.057649758,-0.94249517
-0.043839067,0.6228441
-0.021678576,-0.28695002
-0.029648703,-0.9435411
-0.13821201,0.77254957
-0.02012689,-0.9401012
-0.039880283,-0.94207895
-0.068007134,-0.9400215
-0.075511426,0.75415933
-0.10160662,-0.93423766
-0.041761886,-0.945896
0.053004384,-0.64693975
-0.0044698655,-0.9271765
-0.0835837,-0.9372993
0.0512937,-0.3744804
-0.013598499,-0.94704145
-0.003128289,0.59918916
0.030638885,-0.110159576
-0.028990751,-0.9397267
-0.10426397,0.777367
-0.016308472,0.17424773
-0.058110543,0.72636217
-0.07305775,-0.9262784
-0.053189777,-0.05433038
0.01902239,-0.32475397
-0.025780104,-0.9451467
-0.15050478,0.33812666
-0.012471045,-0.9427362
-0.11170512,0.7640059
-0.08878043,-0.9216881
-0.03376917,-0.21735623
-0.07019403,-0.9392072
-0.0054780687,-0.35109937
-0.074556954,0.7449472
-0.10124482,0.76310694
-0.1080833,0.7403879
-0.02557391,-0.9450274
-0.09815853,-0.23447575
-0.13820152,-0.6865882
0.01335515,-0.3127246
0.059353355,-0.5115719
-0.04250741,-0.9435943
-0.14387503,0.77106065
-0.13754933,0.7619079
-0.06242199,0.76536447
-0.08830194,0.7679613
-0.1406445,0.26605082
0.026573295,-0.34538037
-0.059655372,-0.4156755
-0.049164064,0.24179308
-0.10088305,0.7421546
0.069279455,-0.553964
-0.028401168,-0.945653
-0.047011886,-0.9296761
-0.076785676,0.0088353455
-0.013477212,-0.94536483
-0.083637476,0.7763741
-0.11081113,-0.9315722
-0.063303076,-0.9399469
-0.03717809,0.74042606
-0.0063251224,-0.22386146
-0.038834814,-0.9425667
-0.015538796,0.6925293
-0.02750756,-0.9484897
-0.1265465,0.77515745
-0.071000256,-0.9097969
0.13772622,-0.41038066
-0.035661425,0.73652947
-0.029843347,-0.73126364
-0.02561728,-0.94261056
-0.12267236,0.76678914
-0.12268051,0.77316517
0.005598526,-0.855516
-0.024290306,-0.9032393
-0.015154029,-0.19891258
-0.076441154,-0.9362296
-0.033962157,-0.9360472
-0.12300594,0.7643739
-0.111681946,0.75293016
-0.1349795,0.7794818
-0.024682358,-0.94628286
-0.092659354,-0.93281245
0.006447726,-0.2354016
-0.12637757,0.77242875
-0.023871934,-0.94556504
-0.059378404,-0.9451238
-0.044856448,-0.93311924
0.04112043,-0.7181719
0.0047454517,-0.93907815
-0.05155161,-0.75573295
-0.123791955,0.7674663
-0.038548462,-0.05762788
-0.101777494,0.77549607
-0.10198969,-0.9294461
0.043583386,-0.90515924
0.07372031,-0.034193415
-0.11448476,0.7819305
-0.036940318,-0.92426157
-0.08895684,-0.918436
-0.09179254,-0.9309738
-0.05531724,0.7377498
0.01886165,-0.8370443
-0.10731159,0.7597136
-0.0018082616,-0.9333564
-0.01909165,-0.9269035
0.01714827,-0.203536
-0.118109055,0.5067541
-0.043059457,0.6873844
-0.11962959,0.6092839
-0.13199589,-0.4240316
-0.06625572,-0.9388457
-0.068352506,-0.2807675
-0.14314356,0.7777813
-0.06590575,-0.9394826
-0.037254766,0.7170575
-0.021710407,0.3106877
0.002659098,-0.9178549
-0.05098879,0.76083744
-0.14823143,0.7819705
-0.13625236,0.76272887
-0.07578808,-0.91071844
-0.16998702,0.77936333
-0.09937138,-0.9309661
-0.03298322,-0.94122964
-0.06306896,-0.9280375
-0.05418209,0.668988
-0.08464205,0.2630194
0.022963177,-0.5439868
-0.007980632,-0.6141259
-0.006953831,-0.88256276
0.012321114,0.60365367
-0.13176662,-0.9090593
-0.043964054,0.4808174
-0.022063978,-0.9436168
-0.095610194,0.7668984
-0.046902988,-0.9422194
-0.15354969,0.076238416
-0.051743977,-0.9420923
-0.04957559,-0.24362917
-0.11994692,0.77527994
0.0159582,-0.6408663
-0.029186746,0.59198093
-0.061389867,0.72907287
-0.12911156,0.7411826
-0.03145273,-0.9423696
-0.059382148,0.7409091
-0.00573528,-0.91067463
-0.106361665,-0.9323881
0.036576398,0.29641414
-0.02079997,-0.9401728
-0.093454346,-0.92959857
-0.04580926,0.7389458
-0.057371773,-0.9363584
-0.055607423,-0.9337269
-0.014064265,-0.39809966
0.023645733,-0.8860873
-0.079073235,-0.9359091
-0.08151459,0.73279285
-0.02617264,-0.94526935
-0.002399453,-0.31130308
0.0056552095,-0.9367745
-0.027569497,-0.945862
-0.0841807,0.75628215
-0.046641637,0.3868114
-0.042513356,-0.9433955
-0.05977658,0.72916675
-0.112058304,-0.92687976
-0.097086,0.42867666
-0.067444555,0.20444326
0.030777648,-0.8149556
-0.05904918,-0.9388725
-0.039154854,-0.9405949
-0.030964581,-0.9451823
-0.080661714,-0.9345571
-0.15669309,0.6333699
-0.12435622,0.775406
0.017254142,-0.9263913
0.0597392,-0.13766828
-0.12695734,0.7876862
-0.054258447,-0.9406301
0.09960429,-0.45260113
0.039910067,-0.31569013
-0.08271988,0.18158679
-0.028874738,-0.38644266
-0.07858432,-0.938621
-0.049089372,-0.94422954
-0.053989884,0.7220601
-0.106673636,0.73960835
-0.031747703,-0.9282564
0.047305122,-0.39637354
0.07175116,-0.73736435
-0.10665469,0.7684627
-0.07310007,0.6585848
0.009971562,-0.42889637
-0.10980065,-0.92913073
-0.09578445,-0.92430836
-0.094014,0.7672067
-0.09849496,0.7731477
-0.08649,-0.93466234
-0.018952401,-0.19331054
-0.06629956,-0.9203968
-0.07153485,-0.89853495
0.020661049,-0.83799297
-0.07933424,0.6378141
-0.080598764,0.72629523
-0.081733406,0.75450915
-0.091875665,0.76716954
-0.16418217,0.7687947
0.02371868,-0.8799318
-0.03676096,-0.94365376
-0.10052827,0.7679168
-0.061278846,-0.940178
-0.10578474,-0.9237332
-0.060703337,-0.26355457
-0.050319564,-0.94245344
-0.0715355,0.7548479
-0.12783799,0.76741093
-0.01656944,-0.943081
-0.001532982,-0.25404587
-0.05328209,-0.06905376
0.11470548,-0.50756264
-0.0861148,0.75315577
-0.044648863,-0.9389358
-0.07683554,-0.9185086
-0.08971575,0.74704516
-0.05710952,-0.9427104
-0.14555503,0.76816905
-0.107221566,0.7673051
-0.15366043,0.7653108
-0.111585364,-0.92870593
-0.0010830854,-0.20354202
-0.096761376,0.7646392
0.07444336,-0.49172446
0.0441336,-0.5451569
-0.18943428,0.11967186
-0.018250069,-0.08174299
0.013118644,-0.8235238
-0.09280414,-0.051823407
0.030276379,-0.21889605
-0.088108346,0.76914805
-0.004343297,-0.31940392
-0.07308371,0.74860877
-0.024814397,0.71220034
-0.088640966,0.7511614
-0.012824597,-0.9474233
-0.068474896,-0.93833226
-0.07626199,0.6856526
-0.0024763742,0.24467048
-0.0512069,-0.9341471
0.04602146,-0.885585
-0.107970536,0.7707643
-0.03775053,0.7105072
-0.11120383,0.7590515
-0.11391017,-0.9225779
-0.04372111,0.6656818
0.06594102,-0.88953114
-0.060853437,-0.93557507
0.028719913,-0.4923616
0.036079723,-0.43254545
-0.048047047,-0.94038385
-0.051403835,-0.9433048
-0.008198431,-0.32916674
-0.07429893,0.42108732
-0.07170409,-0.93274343
-0.043977674,-0.9437661
-0.16264932,0.7758467
-0.08186309,-0.93778706
-0.08396368,-0.92671937
-0.11345761,0.73566526
-0.032612283,0.6905697
0.054179627,-0.38667715
-0.07353277,-0.9371191
-0.09555189,-0.93360513
0.057673987,0.5815443
0.015819725,0.66767925
-0.048643388,0.53864866
-0.085212775,0.7708769
0.0046080863,-0.41334227
-0.025749879,-0.26091504
0.048849724,-0.9155692
-0.043716248,-0.9114939
-0.03717405,-0.9421214
-0.036760356,-0.92648804
-0.11490095,0.77387834
-0.03132317,-0.3088551
-0.1479412,0.7709606
-0.027169406,-0.9441631
-0.12283539,0.4240699
0.056999847,-0.88637424
-0.15002908,0.7785497
-0.090402745,0.76857793
-0.08988585,0.77171725
0.051602464,-0.5936692
-0.04410049,-0.9362543
-0.15761997,0.7861084
-0.041763883,-0.9326633
-0.076749764,-0.91779834
-0.11333396,0.7807054
-0.06947614,-0.93738866
-0.10362123,-0.93279225
-0.044193976,-0.9426747
0.03479104,-0.34644866
-0.064500205,-0.9377322
-0.111870944,-0.9005341
-0.10769363,0.76076764
0.06064636,-0.19822668
-0.07641416,0.74588734
-0.08236997,0.35291788
-0.20674296,-0.31961736
-0.0700283,-0.93254083
-0.014154907,-0.79629016
-0.08918639,0.55237037
-0.041990757,-0.93814313
-0.054535367,0.7312116
-0.071620725,0.5089466
-0.11628809,-0.9267362
-0.15649481,0.77017313
-0.08030909,-0.93338835
0.042570192,-0.34467435
-0.02908712,-0.14741299
0.012653687,-0.929227
-0.03876177,-0.9437699
-0.10333816,0.77182275
-0.008522079,0.6566087
-0.024673792,-0.9455336
-0.072421536,-0.9396377
0.041506868,-0.8658589
0.04092678,-0.53546786
-0.020856854,0.68759704
-0.01549655,0.6159641
-0.12240146,0.76431614
-0.14583334,0.7767441
0.03437145,-0.30483148
-0.037488222,-0.3258228
-0.06642564,-0.0061079925
-0.034422107,-0.20663723
-0.110154346,-0.9297347
-0.07660985,0.77376074
-0.024123883,-0.93946415
-0.044836804,0.7363328
-0.09947958,0.78245676
-0.0058645536,-0.8179094
-0.02792453,0.013704369
-0.03230914,-0.94570005
-0.04762146,-0.9410055
-0.14575373,0.7742783
0.001421815,-0.93046093
-0.08596912,-0.033539
-0.11282886,0.77305937
-0.106192425,-0.9274799
-0.09250858,-0.930544
0.042012893,-0.37095207
-0.11894092,0.7697381
0.06560305,-0.8016286
-0.082213774,0.77000093
-0.027914273,-0.9405551
-0.029999048,-0.16205426
-0.09124148,0.67013514
0.07172653,-0.867863
0.04217722,-0.8737292
-0.06620855,0.74853987
-0.011901589,-0.23861909
-0.13148281,0.7648296
-0.032502387,0.73488307
0.00011471734,-0.37382284
-0.013154473,-0.9267965
-0.033093758,0.31915894
-0.07884178,-0.9366272
0.10258548,-0.48517644
0.06466059,-0.79303217
-0.06407944,0.74586505
-0.08969621,0.7634426
-0.042384967,0.75742054
0.0012374101,-0.28205973
-0.12619223,0.7712396
-0.080667496,-0.93804884
-0.051549926,0.73384047
-0.08202808,0.7618859
-0.075939916,0.30768025
-0.061285593,-0.15629008
0.049362093,-0.3196667
-0.08575526,0.71051323
-0.1016294,-0.9329198
-0.100772664,0.7656628
-0.013410422,-0.92675835
0.04503879,-0.6607884
-0.070813596,0.7589733
-0.077597395,0.7715309
0.034679182,-0.8551226
-0.09919727,-0.022848446
-0.005198672,-0.91145396
-0.07705759,-0.93618375
-0.05592604,-0.23886506
0.02721954,-0.8587877
-0.052374836,-0.9404521
-0.05056689,-0.9448423
-0.042043213,-0.9409922
-0.10522041,0.760267
-0.09288303,-0.93132854
0.040781636,-0.40136108
-0.059599034,-0.93945116
-0.01852556,-0.93955886
-0.0372033,-0.9441428
0.041068044,-0.016775247
-0.041191995,-0.9445356
-0.11659206,-0.92804986
-0.12676406,0.77707744
0.040389776,-0.8820955
-0.082054004,-0.9275739
-0.10805462,-0.9115899
-0.030247113,-0.9454361
0.053906538,0.56116587
0.07569845,-0.6924172
-0.054419585,0.74115366
-0.12201792,0.76620954
0.07857683,-0.82045555
-0.09384298,0.77665836
-0.095119104,0.7592473
-0.09306621,0.67180073
-0.08922417,0.7512076
-0.04367272,0.71962255
0.0035245796,-0.923919
0.028560596,-0.649924
-0.04616684,-0.9329239
-0.10489114,-0.93229777
-0.042991098,0.7098633
0.026093598,0.6786775
-0.039024796,-0.21757668
0.051439673,-0.37623796
-0.063479885,0.76841074
-0.030946748,0.75466436
-0.037503216,0.72670233
-0.06131126,-0.94177735
-0.019186063,-0.93383867
-0.08412727,0.74327266
0.036711212,-0.3556209
-0.13672824,0.7718934
-0.03354455,0.7258283
-0.13742207,0.77651477
-0.13331887,0.77982265
-0.11876682,-0.9200771
0.00074033695,-0.26783955
-0.056944907,0.68875486
-0.12186029,0.7406415
-0.06483554,-0.24341589
-0.059595026,0.4144098
-0.06444759,0.70592946
-0.09967414,0.7608882
-0.07195628,0.671013
0.0057769557,-0.7674205
-0.13472642,0.7752264
0.036039617,-0.3726192
-0.040098444,-0.686342
-0.04678959,-0.9440987
-0.14191005,0.76782763
-0.13665856,0.75823104
-0.15466157,0.7817686
-0.11434967,0.3756432
-0.05963048,0.70191115
-0.037638403,-0.9448823
-0.053078618,-0.9413968
-0.09473737,-0.9319389
0.045166027,-0.51812077
-0.045204014,-0.9404736
-0.06678046,-0.9406371
-0.10821179,0.75741583
-0.13845035,0.7713078
-0.033657905,0.5496574
-0.08086709,0.76366115
-0.21592517,-0.41189727
-0.0916326,-0.93427575
-0.10656568,0.7634446
0.0413453,-0.8692086
-0.09369951,0.7481403
-0.057882193,-0.94283795
-0.10361349,0.7596832
-0.066677034,0.75350684
-0.11168481,0.7560573
-0.13897218,0.7615049
-0.115655325,-0.9264954
-0.07844369,0.7552509
-0.007594084,-0.84940803
-0.08074267,0.7693457
0.010327585,-0.41775006
-0.05440231,-0.937362
-0.09171906,-0.93364805
-0.0556908,-0.9398502
0.021975337,-0.8998239
-0.09677404,0.21476837
0.08217563,-0.67173713
-0.12641387,0.7704886
-0.1079645,0.7781288
-0.06879048,0.74023694
0.0036682994,-0.35110912
-0.074970305,0.7601566
-0.07416789,-0.93688107
-0.13031262,0.76731056
0.005004393,-0.48387474
-0.09092187,-0.9346838
-0.045790523,0.7439468
-0.056268014,-0.93949234
-0.15505756,0.7636189
-0.08789272,-0.92362976
-0.08896385,-0.93632567
-0.0031100702,-0.9455264
-0.019358825,-0.9394088
-0.14080067,0.77975047
-0.026880832,-0.94539034
-0.064196154,-0.19718325
-0.10092397,0.75698376
-0.031593118,-0.9467152
-0.006224805,-0.19227403
0.018042946,-0.4592315
-0.029082578,-0.32331604
-0.099673145,-0.9331436
-0.1089932,-0.9318806
0.0057839514,-0.93081385
-0.10660248,-0.9310513
0.00012241855,-0.14097205
-0.12397106,0.77115184
-0.13659197,0.777687
0.049232222,-0.9110571
-0.1118657,0.780465
-0.09127325,0.75737786
-0.020010717,-0.9458363
0.026305223,-0.8760327
0.012729672,-0.88986826
-0.044342432,0.7208939
-0.110919274,0.75126547
0.033552013,-0.11426263
0.050825454,-0.296025
-0.13302311,0.062034853
-0.06823032,0.76123524
-0.086173594,-0.9267023
0.012599611,-0.27413148
-0.026645662,-0.93091065
0.022161115,0.51580334
-0.05400416,0.7301104
0.021268072,-0.6969659
0.07273744,-0.55511886
-0.068338126,0.7664625
-0.037177823,-0.9436564
-0.0102569,-0.92343414
-0.08208489,0.7180603
0.020087155,-0.19630736
-0.14223701,0.17168115
-0.021189427,-0.9360042
-0.016133271,-0.9442045
-0.08420248,0.7559486
-0.09808965,0.7635677
-0.0919709,0.75248617
-0.109737486,0.7792196
-0.09953676,-0.9322234
-0.12772569,0.7823594
-0.017423322,-0.26693073
0.02076746,-0.9106744
-0.07626959,0.41366932
-0.0027986006,-0.94550383
-0.052842624,0.7154351
0.050929822,-0.6179844
-0.06157862,0.26499197
-0.07036136,0.7513732
0.063017674,-0.38162544
-0.1436728,0.7742353
-0.078757115,0.15362203
-0.031603128,-0.9409434
-0.04585418,-0.9420319
-0.09597051,-0.9300418
0.030519689,-0.88108444
-0.0030292969,0.69775647
-0.095789246,0.7536927
-0.13974981,-0.9159982
-0.08672385,-0.9327104
0.009665089,-0.914841
-0.030475251,0.71060896
-0.03549565,0.49739218
-0.083137915,0.74428356
0.0144844195,-0.92249733
-0.067829125,-0.92483103
-0.046580277,0.6109696
-0.09855016,0.74891466
-0.08763426,-0.9355381
-0.043701615,-0.94227695
-0.049911868,-0.93681216
-0.040078484,-0.9429565
-0.027405227,-0.9409262
-0.01943715,-0.60591614
-0.13738519,-0.91536427
-0.016682494,-0.57214326
-0.16620669,0.14696333
-0.11482524,-0.9226741
-0.08508869,0.7508677
-0.065205805,-0.9220747
-0.024222959,-0.88151634
-0.07405013,-0.9313998
-0.05132542,0.73410845
-0.032117173,-0.43032068
-0.0063383128,-0.92911536
-0.11144489,0.7810529
-0.0392182,-0.3959582
-0.063185826,0.7579093
-0.028947862,-0.9379356
-0.06288272,-0.93657285
-0.09544796,-0.93418133
-0.07680601,-0.9301329
0.036420178,-0.85017574
-0.12580581,-0.9098864
-0.003802832,-0.7347531
-0.15963447,-0.5966718
-0.057906665,-0.93106234
-0.07040912,-0.938973
-0.0503853,-0.9393262
-0.055356942,-0.0411998
-0.06769121,-0.9408505
0.020373138,-0.6582693
-0.13055716,0.7620873
-0.073364764,-0.93715703
-0.061740983,-0.93669146
-0.06586886,0.7571957
-0.10052193,0.15544853
-0.09239662,-0.93453693
-0.090764984,0.7605528
-0.08356883,0.7340221
-0.06452524,-0.0531163
-0.093119584,0.7391668
-0.11231971,0.75916123
-0.06560675,-0.93985
-0.10884342,0.7725396
-0.02019466,-0.93480074
-0.046484075,-0.9423948
-0.118143514,0.7670408
-0.059488583,0.15735689
-0.039790545,-0.92148197
-0.0037545024,-0.17019099
-0.036525965,-0.945284
-0.038002975,0.38151568
-0.04149963,-0.94630855
-0.15023455,0.75750893
0.053412363,-0.61055094
-0.10080543,0.76388013
-0.03488155,-0.943005
-0.060246892,0.7106034
-0.0014055723,-0.89766127
-0.099554345,0.7633427
-0.12497305,0.7830139
-0.1484567,0.753965
-0.07112987,0.7418144
-0.06589691,-0.93911666
-0.12619008,0.7742882
-0.0703287,0.74837
-0.084414504,0.75944185
-0.10853924,0.7729607
0.0676932,-0.7754676
-0.11027033,0.75887275
-0.06033493,0.6285202
-0.12586847,-0.25811148
-0.11222601,0.7609732
0.015314268,-0.30096626
-0.1741669,0.7722485
0.014825819,-0.35136113
0.06261461,-0.52090955
-0.11587923,0.75837666
0.022825636,-0.5658583
-0.0013139931,-0.93248254
-0.05030251,-0.9431853
-0.021119425,-0.94447714
-0.07699356,-0.341695
-0.123708375,-0.92189825
-0.08133735,0.7493927
-0.17007878,0.7805082
0.0148240095,-0.2623328
-0.004323135,-0.21171033
-0.038369592,-0.94300205
-0.0902777,0.7622331
-0.08301717,-0.1411984
-0.12023585,0.776878
-0.065634765,0.7592279
-0.13055384,0.77455837
-0.05766173,0.6628557
-0.21426271,-0.5106992
-0.06360986,-0.25673178
-0.083966315,0.76164913
-0.16283505,0.035488762
-0.028838262,-0.94542634
-0.13244727,0.3023902
-0.038919702,-0.94566983
0.031788655,-0.49068165
-0.090165615,0.76088417
-0.12585035,0.77485824
-0.029781116,-0.94310135
0.03725363,0.33983216
-0.050852306,-0.9425093
-0.0566727,-0.94132286
-0.12141891,0.48304823
0.041405994,-0.8324158
-0.1043216,-0.93431944
-0.09227576,0.7391044
-0.029014755,-0.94629365
-0.030212883,-0.9475696
-0.15526311,-0.39874694
-0.10095836,0.7706784
0.02115927,-0.93264294
-0.034652524,-0.9121213
-0.043886106,0.7518655
-0.07325704,0.761086
-0.12907119,-0.71011704
-0.044408172,-0.9229398
-0.123038754,0.7698755
-0.062597126,-0.9383603
-0.1023311,-0.92751575
0.020879237,-0.91538584
-0.058041442,-0.94353324
-0.121531375,-0.9286682
-0.034769814,-0.9455218
-0.028578473,-0.93642336
-0.123181164,-0.916903
-0.094809115,-0.91115105
-0.06655887,0.7055867
-0.0778596,-0.92948025
0.015859615,-0.26833674
-0.11145573,0.7715857
-0.03848796,-0.9435458
-0.07184553,0.75986695
0.07926831,-0.8047039
-0.10183965,-0.9307311
-0.117174745,-0.92773175
-0.020414481,-0.94489765
-0.16206135,0.7753552
0.026144138,-0.26790553
-0.046876032,0.73795956
-0.083621025,-0.8878373
-0.102814786,0.75557464
-0.093964644,-0.9229036
-0.022093995,0.6753263
-0.107812546,0.74711466
0.029419748,-0.8627758
-0.032775916,-0.9411938
-0.07629511,0.77314353
-0.06102297,0.72128
-0.10137107,-0.9297204
-0.07688123,-0.9270295
-0.057894815,-0.9421784
-0.09726717,0.760549
-0.06674393,0.7560924
-0.020947246,-0.08763261
-0.16011585,-0.11002252
-0.056549937,-0.71705556
-0.09426088,0.72504
-0.092007264,0.72099
-0.10301793,-0.9223286
-0.027970659,-0.8886887
-0.1918234,-0.64490336
-0.01352064,-0.1858971
-0.03627268,-0.94323045
-0.09497867,0.7575429
-0.11269486,-0.15781525
-0.09480426,0.7653198
-0.08040973,-0.87584245
-0.08824241,0.10757514
-0.11645175,0.7333236
-0.13894771,0.7782774
-0.10485605,-0.74627596
-0.1627639,0.78403527
-0.018026028,-0.8587623
-0.10597325,0.7588533
-0.046174377,-0.9390948
-0.07060075,-0.9363243
-0.13952734,0.7747959
-0.05672631,0.74719703
-0.07964207,-0.9373021
-0.07320265,-0.9367761
0.09317389,-0.70889854
-0.07248813,-0.47362822
-0.061386906,-0.94146425
-0.08018289,0.76629883
-0.102801144,0.75339925
-0.09661171,0.69737476
-0.06671983,0.7515622
-0.07354663,0.7741741
-0.09833017,-0.93024826
-0.08216211,0.7700783
-0.108561,-0.9186171
-0.13944273,0.76769406
0.009966766,-0.9121031
-0.118735485,0.7439399
-0.13615116,0.43014574
-0.09356566,0.26665753
-0.0728991,-0.93297577
-0.07531705,0.752125
-0.19290936,0.7602582
-0.05469943,-0.3168525
0.005847588,-0.39348412
-0.057446994,-0.93326974
-0.042549446,-0.9386857
-0.12535232,0.7535004
-0.109339885,0.7822454
-0.015920896,-0.3071674
-0.10466537,-0.9284419
-0.11210162,-0.92273414
-0.07448373,-0.89795554
-0.07876141,0.73833585
-0.12716986,0.77633685
-0.08720647,-0.93102545
0.063157536,-0.870692
0.010630397,0.5347999
-0.074682236,0.75263983
-0.048318326,-0.9113594
-0.09100684,-0.9333014
0.11026211,-0.49635237
-0.11163779,0.7611402
-0.092096485,0.7733318
-0.037210062,0.75760525
-0.1612354,0.009243486
-0.037136912,-0.18351713
-0.038905334,-0.13904046
-0.058466297,-0.6322666
0.050034,-0.57139283
0.045365952,-0.4463125
-0.053828042,0.72887015
-0.12418499,0.7451759
-0.09147844,0.39361992
-0.13412702,0.7349332
-0.053301297,-0.9406344
-0.07685434,0.7496338
-0.053564973,-0.17767268
-0.13143486,0.7799321
0.023715287,-0.66805965
-0.06523488,0.75498873
-0.06083186,-0.94043756
-0.10803859,-0.92400664
-0.036715847,-0.90498185
-0.013039035,-0.9410787
-0.0869848,0.3235304
-0.0694869,-0.94034415
-0.053819537,-0.9158137
-0.0872368,0.6991616
-0.10501057,0.75645757
-0.11354148,0.028015953
0.067745216,-0.86637175
-0.075930625,0.73089117
-0.05940865,-0.9306191
-0.017359456,-0.9159292
-0.03899887,-0.9416785
-0.08278529,-0.93277305
-0.120359235,0.7640678
-0.008889257,-0.3659632
-0.09846633,0.75213057
-0.11487033,-0.92683
-0.101279266,-0.12217261
-0.054245353,-0.9372088
-0.015810542,-0.933477
0.042918257,-0.50479335
-0.012233294,-0.31843343
0.057991143,-0.799619
-0.06029728,-0.9384043
-0.14480512,0.77279526
-0.113902725,-0.92858
-0.115203656,0.7633813
0.0042195814,-0.76600003
-0.121996745,0.7630607
0.04838572,-0.34814098
-0.10686089,0.78401995
-0.033635117,-0.94393027
-0.110660076,-0.9304963
-0.035903916,-0.9325602
-0.14970085,0.77130955
-0.078008085,-0.9372103
-0.098336846,-0.3047028
-0.054830655,-0.050646715
-0.02811053,0.6669177
-0.04227671,-0.9408147
0.025511667,-0.8603788
-0.098834634,-0.6772748
-0.0012084038,-0.9454898
-0.021450369,-0.94008696
-0.11209742,-0.33195674
-0.06949607,0.7209972
-0.044115122,-0.9126101
-0.08152931,-0.9343006
-0.06596051,-0.9419704
0.020938909,-0.84261316
-0.07499495,-0.9348772
-0.015399745,0.65843916
-0.065475345,0.56501555
0.007083423,-0.35838068
-0.023314485,-0.9425894
-0.07445413,-0.093176715
-0.069433965,-0.93915284
-0.021836089,-0.9434561
-0.064219296,0.74827313
-0.03953944,-0.098811105
-0.08879085,0.7603575
-0.001422845,-0.9166174
-0.078714885,-0.22386232
-0.09864035,-0.92101467
-0.070466846,-0.9371441
-0.121168405,0.34513992
-0.09094984,-0.92835796
-0.113305844,-0.45034504
0.012997716,-0.67512476
0.0030166223,-0.5450946
0.019792384,-0.61591053
-0.014224236,-0.9368681
-0.12027271,0.7823805
-0.10206736,-0.92249876
-0.074705504,-0.54491377
-0.06448498,-0.9358659
-0.088920034,0.75237375
-0.03900997,-0.9295396
0.017906154,-0.57252735
0.0016533054,-0.9112033
-0.09709957,-0.92231923
-0.025375003,-0.31407353
0.041400876,0.16623214
-0.15426958,0.765834
-0.09877025,-0.9261978
-0.10515464,0.76857585
-0.017156651,-0.36553305
0.032766633,-0.52135986
-0.15610944,0.7853113
-0.028869918,0.7334508
-0.058033496,0.6647667
-0.12440376,0.7556119
-0.0024591929,-0.3801687
-0.14984258,0.7691377
-0.093548924,-0.93295103
-0.065583676,0.7086357
0.07660594,-0.69925547
-0.018780474,-0.9410281
-0.11311855,-0.9271618
-0.05727479,-0.94064826
-0.12383771,0.7611571
-0.14275396,0.5754745
-0.059944797,-0.94204557
-0.12318617,-0.26597226
-0.10082092,-0.9212468
-0.11840902,0.7653791
-0.061517373,-0.029157951
-0.05591638,0.19697593
-0.11132353,0.7584689
-0.091364935,0.7571302
-0.13317879,-0.9228896
0.0020671533,-0.30483595
-0.1154144,0.7746434
-0.051463872,-0.9413684
-0.121879496,-0.9249142
-0.0027449988,-0.042219006
-0.079216845,-0.13218829
-0.00503635,-0.17715347
-0.11017469,-0.07289367
0.075573385,-0.5923613
-0.098918244,0.74948555
-0.031634282,-0.9439438
-0.07923991,-0.92642534
-0.04991236,-0.94115365
-0.105352744,0.7690897
-0.11242463,0.32790396
-0.08290469,-0.31941667
-0.035180714,-0.93488455
-0.08488554,0.754522
0.029955693,-0.4762424
-0.059055112,0.29818782
-0.12107762,-0.8747065
-0.04372354,-0.9289589
0.0053659417,0.55272126
-0.0942123,-0.9271125
-0.16831878,0.77599764
0.042482432,-0.6675549
-0.084059365,-0.9293242
-0.06217625,0.75261736
-0.08818635,-0.9332581
-0.06767741,-0.9404599
-0.051432826,-0.9395483
-0.050631873,-0.94259906
0.030422857,-0.5148236
-0.08601337,0.7660015
-0.015755035,-0.9463337
-0.066524394,-0.2739318
-0.080035344,-0.9256392
-0.048670102,0.38316035
-0.025792168,0.25427952
-0.047968358,-0.93974966
-0.052216284,0.73879284
-0.10268244,0.7732803
-0.09452367,0.7262327
-0.07558737,0.7625478
-0.058434095,-0.9321956
-0.074096665,0.7492259
-0.15234604,0.085278206
0.050632704,-0.8130847
0.006393514,-0.602386
-0.070462614,-0.93279773
-0.04693819,-0.5800853
-0.1047623,-0.92818546
-0.016170217,-0.934387
0.0011282812,-0.9152318
-0.027713245,-0.94436085
-0.12729412,-0.9114383
-0.113020755,0.7157316
-0.08832464,-0.93489885
-0.12295725,0.77198535
-0.046111476,-0.93743366
-0.022188637,-0.82428515
-0.0568502,-0.93461573
-0.009377556,-0.91601056
-0.09786924,-0.9098208
-0.023684466,-0.9373108
-0.114606544,0.75933427
-0.15170501,0.78027505
-0.101232216,-0.9262101
-0.12199472,0.75243634
-0.14261112,0.76331586
-0.05200248,-0.9445716
-0.065395355,0.684915
-0.0841085,0.7160845
-0.009034179,-0.28871718
0.0009386826,-0.46958572
-0.11997408,0.76879156
-0.016952826,-0.3699664
0.007856918,-0.30386302
-0.055330608,0.103084736
-0.054500096,-0.93839204
-0.05169223,0.6876113
-0.08303921,0.75460374
-0.0836109,-0.93224514
-0.0360048,-0.93397295
-0.035102952,-0.2160104
-0.03772723,-0.945387
-0.10562207,-0.9309981
-0.06891387,0.21895227
-0.05042022,-0.9428731
-0.02703704,-0.8868722
0.043860532,-0.0924189
-0.06514851,0.72333616
-0.023211751,-0.94349444
-0.0884493,0.7547929
0.0464325,-0.90429455
-0.09372432,0.7727386
0.030871697,-0.3277483
0.031791873,-0.33017075
-0.08541091,-0.93613577
-0.14644584,0.7568879
0.029319387,-0.68916017
0.032275435,0.32827094
-0.10548193,-0.9248986
-0.098870546,-0.93323815
-0.02774405,-0.2806556
-0.10131167,0.7531444
-0.05492154,-0.8645888
-0.096278206,-0.9324771
-0.07987702,-0.9282096
-0.03804276,0.7178507
-0.09229771,0.52709705
-0.040094554,-0.94369876
-0.07448163,0.7445694
-0.10415388,-0.928425
-0.06355793,-0.11884796
-0.020642553,0.53742135
0.011413395,-0.92320687
-0.03159466,-0.9399639
-0.0071909535,-0.8550978
-0.014908703,-0.9473718
-0.006646229,-0.37392315
-0.15497625,0.6232203
-0.04967968,-0.9412741
-0.047247946,-0.9414348
0.02430876,-0.29712498
0.058057398,-0.31701058
-0.08359177,-0.9338919
-0.06717327,-0.9385149
-0.12552854,-0.90381426
-0.19471055,-0.58935636
-0.04196893,-0.2532943
-0.045300037,0.5238197
-0.08303445,-0.9222258
0.026537405,-0.24669395
-0.07330162,-0.93664
-0.09338681,-0.93492067
-0.06747763,0.31726646
0.010946863,-0.6597777
-0.09416978,0.7574097
-0.009209224,-0.944719
-0.21323922,-0.08162086
-0.036478978,0.7168122
-0.09616109,-0.9290141
0.03098519,-0.65487665
-0.093072444,-0.92698824
-0.10837837,-0.92672735
-0.011910134,-0.23355241
-0.015561111,-0.9430815
-0.14268436,-0.5219642
-0.1018829,-0.9322132
-0.08596696,-0.04311556
-0.14857489,0.78487366
-0.08905566,-0.93334794
-0.122479476,0.7526587
0.0068923132,-0.8250764
0.009120885,-0.160811
-0.018675325,-0.9339991
0.071574,-0.76070815
0.020727249,-0.4793118
0.0041551855,-0.91630405
-0.046188995,-0.9390483
-0.11407123,0.76590353
-0.096919246,-0.1312896
0.002237394,-0.890815
-0.09857074,-0.1603885
-0.07339243,-0.2909762
-0.059933286,-0.91026205
-0.08851633,0.7653537
-0.12160781,0.76873446
0.052483723,-0.35371873
-0.054910433,0.6574979
-0.0015100441,-0.93813956
-0.018101452,-0.94621205
-0.06767555,-0.93698305
-0.12954149,0.7715303
-0.025687676,-0.94309634
-0.09280873,0.73693144
-0.1007315,0.7702995
-0.15007316,0.76803327
-0.105338395,-0.9123375
-0.05838975,-0.18373767
-0.15261891,0.7754427
-0.10004157,-0.9321068
-0.105427794,0.77410614
-0.059302945,-0.9361559
-0.00101979,-0.17044821
0.06551876,-0.8556029
-0.15680379,-0.63645303
-0.02261343,-0.8310148
-0.014913686,-0.28444865
-0.038484305,-0.71903616
-0.003662397,-0.9377899
0.0019179404,-0.87608546
-0.039401606,-0.89197075
-0.07257823,0.75205284
-0.07378232,-0.29381603
-0.11725314,-0.924439
0.055716082,-0.7991743
-0.079239,-0.941189
-0.0038202952,-0.17528212
-0.009470285,-0.92399883
-0.0582043,-0.93661386
-0.049285796,-0.9413834
-0.09475959,-0.9239052
-0.05300688,0.7411509
0.0049975165,-0.30375603
-0.037535645,-0.9448396
-0.0519736,-0.9401061
-0.08622579,0.76656634
-0.15449385,0.77411616
-0.0512396,-0.9387746
-0.11578406,-0.92816836
0.03233502,-0.87498647
-0.09476062,-0.92949885
-0.102866426,0.75635976
-0.0067213783,-0.4566565
-0.058336735,-0.9381873
0.08293195,-0.7507196
-0.007721142,-0.9031605
-0.038639992,-0.8713758
-0.03001768,-0.4112562
-0.05643029,0.05953133
-0.08790644,0.75716203
0.068658315,-0.28889805
-0.02589611,-0.9476572
-0.07671726,0.14269036
-0.00016688691,-0.22869496
0.0070032687,-0.5110239
-0.03770278,-0.19255893
0.010832763,-0.89519805
-0.058874205,0.73411757
-0.0755022,0.7471013
0.04481101,-0.41412145
0.00608767,-0.25838166
-0.19767556,-0.31472608
0.006887275,-0.22747152
-0.07264857,0.7315378
-0.041222166,-0.9439993
-0.09259852,-0.9352502
-0.03807645,-0.9353789
0.057565708,-0.8563655
-0.19418319,-0.48308057
-0.046594203,-0.9428457
-0.07631789,-0.17806318
-0.0987133,-0.92955905
0.08398109,-0.7055528
-0.08889562,-0.9313853
-0.065667026,-0.9412238
-0.11503638,-0.9234173
-0.053175867,0.45918575
-0.02323173,-0.9448834
-0.07251901,-0.3541549
0.017027812,-0.26459375
-0.040277876,-0.9318937
-0.06952043,0.5279689
-0.13034663,0.77294576
0.027631676,-0.3229672
-0.028661007,-0.12054376
-0.09467221,0.6642623
-0.109842815,-0.1597963
-0.0065640337,-0.94504756
0.02293517,-0.24385099
-0.022284737,0.6142141
0.059955902,-0.54781324
-0.11901998,0.76308066
-0.10169353,0.7665286
-0.072488055,0.69728106
-0.07121299,-0.93721825
-0.09091291,-0.9364963
0.026554387,-0.91332704
-0.088875584,0.76697063
-0.09267825,0.7624765
-0.0048432164,0.17390773
-0.07270697,-0.9345318
-0.09004045,0.7281371
0.03403011,-0.1589957
-0.04234133,-0.3205911
-0.017368166,-0.26673502
-0.097879186,-0.91594684
-0.11035374,0.73838514
-0.09279244,0.65767646
-0.026219204,-0.15647629
0.119973764,-0.6718359
0.03298892,-0.4013841
-0.09386035,-0.9356037
-0.0071930503,-0.9309355
0.04160005,-0.84925085
-0.114767954,-0.91894716
-0.0721784,-0.9378228
-0.13437952,0.7634267
-0.054816686,-0.94041574
-0.027401777,-0.94712454
-0.052581135,-0.26334018
-0.11273628,0.752203
-0.091497734,0.768274
0.084968776,-0.6478245
-0.11183335,-0.92619884
-0.016826292,-0.947141
-0.026727041,0.10114234
-0.06151969,-0.94265646
0.008096212,-0.8681535
-0.017504206,-0.9425613
-0.04031218,-0.94539297
-0.0664591,0.7526163
-0.002888849,-0.13326338
-0.072024405,-0.9370628
-0.11901313,-0.9224211
-0.034092188,-0.94360805
0.009162957,-0.9329059
-0.05860396,-0.937133
0.003719963,0.046659775
-0.030732524,-0.94086146
-0.032715395,-0.42311594
-0.05339059,0.7148678
-0.0065502995,-0.15699428
-0.04156208,-0.2226706
-0.028234588,-0.8832463
0.043496646,-0.68575007
-0.09393569,0.0922975
-0.103745185,-0.9268393
-0.12714386,-0.91746706
-0.120475456,-0.34541798
-0.054470792,0.74164444
-0.000569312,-0.45202973
-0.053401556,0.009438233
-0.060094282,-0.93434143
0.058509108,-0.8422055
-0.056666832,0.5114736
-0.0107222535,-0.7443921
-0.07300388,-0.14750639
0.03871517,-0.9110919
-0.1162513,0.741205
-0.076194465,-0.6913553
-0.10212667,-0.9318527
-0.04844682,-0.8986495
-0.041398525,0.55741996
0.039195146,-0.8457887
-0.00022572675,0.29860908
-0.047381494,0.73517096
-0.026132701,-0.9284681
-0.096401006,-0.9276494
-0.10127826,-0.92932403
-0.04353968,-0.1680733
-0.10550457,-0.6766601
0.05097845,-0.65702957
-0.08329908,-0.9347379
-0.031022042,-0.9441993
-0.061797444,-0.10742423
0.057790518,-0.43028653
-0.084611416,0.74243283
0.05749963,-0.40998638
-0.039663117,0.47343835
-0.1320039,-0.48986214
-0.045987137,-0.94353545
-0.032560293,-0.94206077
-0.023568071,-0.93772674
-0.0918981,0.7650641
-0.15392016,0.76732826
-0.067360595,-0.93831325
-0.010251293,-0.27590126
0.059997946,-0.32563028
-0.09090474,-0.3114032
-0.10774258,-0.83516026
-0.017609416,-0.94458884
-0.1387927,0.57980746
-0.042939287,-0.13827434
-0.0845036,-0.9319067
-0.028449489,-0.94452214
-0.057963204,-0.93521136
-0.025863523,-0.15048662
-0.03842177,-0.9459789
-0.04377633,-0.21591443
-0.101092294,-0.90600026
-0.012256939,-0.3235089
0.067560874,-0.8414605
-0.06489808,0.49969575
0.021866485,-0.537187
-0.1183003,0.76088977
-0.028115736,-0.93608356
-0.1029342,-0.9337279
-0.07722888,-0.93747
-0.0071397685,0.39248577
-0.1024248,-0.14787094
0.0010298915,-0.89794374
-0.054035556,-0.1717588
-0.03861388,-0.93511236
-0.045651574,-0.21856701
-0.07480966,-0.79171115
-0.108422175,0.77036554
-0.02121151,-0.92507696
-0.03864241,-0.9335536
-0.12050641,-0.92629504
0.025059538,-0.9186543
-0.1083135,-0.92861795
-0.04717317,-0.93517786
-0.13242586,0.45872748
-0.15307873,0.7837357
-0.011262649,-0.65670955
-0.11787654,-0.927496
-0.016120026,-0.24353965
-0.03532749,-0.79114085
-0.013983082,-0.93393064
-0.026128069,-0.5721682
-0.032904286,0.6141577
-0.07488553,-0.9337293
-0.039416,-0.9441917
0.08540389,-0.54903173
-0.06339714,-0.9183417
-0.058505595,-0.92133325
-0.05197805,-0.941693
-0.10726663,-0.92286235
-0.083237246,-0.93583775
0.015738966,-0.51756346
-0.085688755,-0.9323819
-0.123043835,-0.92286825
-0.09918868,0.15266381
-0.087231405,0.7525399
-0.04295361,-0.9447314
-0.10561783,-0.09767252
0.057599716,-0.34436497
-0.0934749,-0.4984237
-0.108598076,-0.09034511
-0.041642666,-0.94556683
-0.11552158,0.75889254
-0.062196787,-0.6761885
-0.013220264,-0.20581563
-0.054765034,-0.8612118
-0.08142478,0.75436246
-0.040047158,-0.9440187
-0.04981246,-0.9383164
0.06966283,-0.37888452
-0.041984282,-0.92013586
-0.028644724,-0.15121962
0.049608286,-0.67187726
-0.0015473403,-0.70048064
-0.050118018,-0.9309939
-0.094407566,-0.93234473
-0.098675475,0.7573841
-0.02005948,-0.9453355
-0.011179487,-0.29544106
-0.10249109,-0.9320998
-0.06750266,0.75791776
