-0.65785736,0.51718074
0.85309273,-0.31252652
-0.7574541,0.42760864
0.77571505,-0.44814813
0.3772173,0.72581345
0.85688,-0.30255932
-0.8628985,0.30267602
0.82719415,-0.36454517
0.768759,-0.46237773
0.8464599,-0.32639644
-0.86664486,0.34407663
0.7785337,-0.44831675
-0.8413207,0.42045718
0.77248204,-0.45725185
0.8494914,-0.32513186
0.8627672,-0.28054395
-0.8758209,0.38521546
-0.8696518,0.3028768
0.38317353,0.7357514
0.5198258,0.64035076
0.85870045,-0.3001287
-0.6646949,0.47386
-0.8647753,0.40392336
-0.6787281,0.4931835
-0.8226098,0.37905592
-0.81530267,0.36499017
-0.87509394,0.38791412
-0.8756093,0.38595104
0.85884327,-0.3018867
-0.8779837,0.38608906
0.77357036,-0.45848173
0.85403204,-0.30923587
-0.8434812,0.31456268
-0.6903893,0.5077763
-0.5156377,0.54258144
0.8510107,-0.31834692
0.77257574,-0.45948255
-0.76399964,0.46429262
-0.77126706,0.4147251
-0.7960528,0.41612464
-0.876324,0.38608834
0.77619016,-0.45407087
-0.8719949,0.3143839
-0.87620234,0.38745457
-0.87736887,0.38228205
-0.86518466,0.31652713
0.5593315,0.58256453
0.43454418,0.7059084
0.38810605,0.72218424
-0.8690232,0.33453062
-0.68331015,0.4568794
-0.86956483,0.35442537
-0.87465435,0.33003232
0.77256984,-0.4578
0.45732448,0.69744295
-0.6543175,0.53674567
-0.86208093,0.29954988
0.53257066,0.6286517
0.41767004,0.71788466
0.39623362,0.7143318
0.7689129,-0.4608008
0.36533508,0.728426
0.5537302,0.6126379
-0.85566205,0.28189003
0.5275827,0.6254201
-0.87698233,0.38654828
-0.67194116,0.51728725
0.4324928,0.7113013
-0.66751677,0.50692236
0.44216046,0.70848036
0.50716764,0.6537395
-0.87412345,0.37564933
0.5026874,0.66084194
-0.87640405,0.38571844
-0.82605225,0.39044973
-0.87136406,0.30211365
-0.8515774,0.31002107
0.80084515,-0.40755972
-0.74658674,0.39763978
-0.8689023,0.30413553
0.7690159,-0.46273
-0.8608766,0.29330593
0.86415863,-0.2888324
-0.67707837,0.5197166
-0.815801,0.40172285
0.8690676,-0.26114622
-0.87288374,0.31003913
-0.87649685,0.38521093
0.5886697,0.55408466
0.8572452,-0.30549836
-0.86251354,0.4019053
0.55930555,0.59361434
0.77357155,-0.4578095
0.7661768,-0.46597043
0.2565372,0.7385328
-0.86751676,0.30378482
0.87243605,-0.24383725
0.445967,0.7030488
0.77896655,-0.44652426
0.47237176,0.68531007
-0.6885242,0.4409437
-0.874915,0.3919814
-0.75672686,0.4327782
0.86177766,-0.29275322
0.8628616,-0.28885877
0.8506671,-0.32053268
-0.83933115,0.3998994
0.2750319,0.68021566
0.8623004,-0.28968668
-0.86864114,0.30550814
-0.69664603,0.4823548
-0.8191937,0.41186675
0.8714635,-0.24433723
0.78753644,-0.43241102
-0.85086054,0.32603678
-0.66037995,0.51499176
0.7675309,-0.4664739
0.86111856,-0.2914278
0.38078123,0.7212874
0.8201107,-0.380403
-0.8535007,0.29863715
0.8541966,-0.3156554
0.8592239,-0.29380763
0.29497162,0.71318424
-0.79487896,0.41501433
0.582764,0.5592444
0.8598777,-0.2899326
0.8633606,-0.28106436
0.79047436,-0.4315475
-0.83107084,0.33340558
-0.80081373,0.44284794
-0.86196613,0.2968761
0.44578323,0.7033395
-0.7872909,0.39141494
0.4194366,0.7131889
-0.83531445,0.4261767
-0.8636584,0.29133558
0.7769416,-0.45317993
-0.86522794,0.3950239
-0.67410666,0.32443243
-0.7133276,0.5100592
0.84782535,-0.32065615
0.84450793,-0.3340932
-0.87370616,0.3866726
0.7724603,-0.45814472
0.41837838,0.71719307
0.85914624,-0.29963008
-0.5695673,0.5604137
0.8640107,-0.27439514
-0.8726061,0.33590236
-0.8389418,0.3144582
-0.8259274,0.30635092
-0.8741352,0.39077306
0.7867105,-0.43661633
0.49282646,0.66178507
0.6303936,0.4500632
0.8236692,-0.37560746
0.4439841,0.70388144
-0.86323047,0.29466194
0.8389885,-0.34949788
0.86442983,-0.28208742
-0.6687894,0.4925038
-0.2591069,0.6115124
-0.8056759,0.3704868
-0.6710192,0.52326214
-0.87079334,0.33284673
-0.8672198,0.39712325
0.6120023,0.5049426
-0.6621966,0.52403307
0.40621147,0.7137887
-0.87713253,0.38444966
0.7776153,-0.44349185
0.53964514,0.6142576
0.86555296,-0.2682635
-0.56917226,0.54971474
0.17362323,0.6582416
0.85768884,-0.29803553
0.41036668,0.7128537
-0.8671784,0.3405875
-0.7790118,0.45276156
0.5934676,0.55000836
0.44996956,0.70338416
0.8575735,-0.30650106
-0.6205808,0.39162618
0.41105717,0.7217702
0.44619712,0.70167947
0.46432582,0.6890811
-0.81623125,0.36830866
-0.8762505,0.38544556
-0.8770471,0.3883121
-0.866592,0.28965268
-0.84881467,0.40851665
0.85821074,-0.30428848
-0.8737362,0.38679758
0.78219783,-0.44427451
0.42277434,0.7150099
-0.82095087,0.39871037
-0.8737605,0.381515
-0.8663097,0.3093778
0.47305313,0.6827448
0.41899154,0.7204399
-0.84370905,0.2770932
0.80521643,-0.40675098
0.37933132,0.7187153
-0.6577184,0.51865315
-0.78871745,0.41986033
-0.76738864,0.41178885
-0.8759359,0.37774366
0.86741066,-0.25471056
0.8618755,-0.2883048
-0.8063248,0.44659334
-0.709059,0.4440951
0.8549834,-0.30865943
0.4462649,0.7028053
0.38667086,0.7052489
0.46719775,0.68506175
-0.68425965,0.4913591
-0.8681961,0.3190843
-0.8732959,0.33558005
0.7825999,-0.44393215
-0.87079823,0.30633923
0.4547339,0.69904566
0.7744308,-0.4531815
-0.87095946,0.3189877
0.85901344,-0.28501642
-0.8527654,0.35429233
0.8554637,-0.3080226
-0.86766356,0.3045871
0.782401,-0.44082436
0.8608878,-0.29618827
-0.5824582,0.5215443
0.79968613,-0.41516164
-0.86346716,0.39264858
-0.8583068,0.31191415
0.87338364,-0.2301567
0.3820985,0.72921455
-0.8756619,0.38732073
0.8670817,-0.23244402
0.86098427,-0.29733044
-0.29387042,0.64505255
-0.26926365,0.5923037
0.25769147,0.6835391
-0.8578939,0.3977216
-0.67531586,0.527571
0.3804458,0.7179161
0.8550229,-0.3063855
-0.7520014,0.43848982
0.5371947,0.61841613
0.839082,-0.3430287
-0.6749507,0.4881505
0.85746545,-0.30240887
0.858259,-0.3024432
-0.8713748,0.36264744
0.86404324,-0.27608955
0.7693836,-0.46199375
-0.87016475,0.30503315
0.85914165,-0.29349977
-0.84120244,0.3581096
-0.8562034,0.32221848
0.45948628,0.6948611
0.8704256,-0.25426745
-0.7549574,0.4544688
-0.6410912,0.42181984
0.6651851,0.39585492
-0.6789033,0.47296298
0.851204,-0.31995434
0.7746058,-0.45805833
-0.6822253,0.51231146
0.77266175,-0.45463067
-0.87797195,0.38675806
0.48372957,0.6731956
0.7682707,-0.46214697
0.7849506,-0.4387526
0.86548793,-0.27473727
0.8482469,-0.3196112
-0.79862624,0.44272256
0.3338621,0.7168262
-0.81823814,0.36733347
-0.86243504,0.31143558
-0.6725605,0.5094336
0.48133633,0.67841023
0.86404943,-0.28563607
-0.8677307,0.3032005
-0.8774848,0.38659075
0.5568607,0.592316
0.037608396,0.62613904
0.8646931,-0.27894467
0.85829294,-0.29978445
0.8068117,-0.40426144
-0.872274,0.31416726
-0.87353736,0.3779813
-0.87743574,0.3873072
-0.636782,0.49727595
-0.8602546,0.2953101
0.4948053,0.665976
-0.5401114,0.41963822
-0.8763871,0.38455945
0.37837234,0.72150123
-0.7558141,0.40421712
-0.8651809,0.29012433
0.83990824,-0.015246551
0.79730654,-0.41988367
0.8410534,-0.34520978
0.65568024,0.4043456
-0.8574893,0.40556735
-0.7169888,0.47145528
0.52534854,0.64343786
0.5668916,0.5744424
-0.85410494,0.31168061
0.8350439,-0.3523818
-0.6472649,0.49188375
0.44837907,0.70005566
0.32287413,0.7114208
-0.8029521,0.43199423
-0.75374454,0.26642087
0.3661056,0.73410535
-0.5483995,0.5305189
0.8671483,-0.26570413
-0.8702799,0.29976383
0.8018167,-0.40902716
0.49667364,0.66138434
0.5854832,0.5608662
0.87190795,-0.25133085
-0.8111457,0.35489187
-0.7163991,0.48943076
-0.87230664,0.3832972
0.7793407,-0.44688764
-0.66354066,0.52623945
0.85690045,-0.30794036
0.86542374,-0.27865225
0.8638814,-0.28491816
0.41113028,0.7107362
-0.87871665,0.37935886
0.34565136,0.73063904
0.5344083,0.621285
0.765204,-0.467409
0.8565719,-0.30706292
0.8137089,-0.39213565
-0.6732304,0.52137905
0.82358503,-0.36894888
-0.74911374,0.4688673
0.863614,-0.1746838
0.8565435,-0.3063975
-0.87714684,0.38336423
0.51067734,0.65161455
0.14856301,0.6658413
0.85141426,-0.31480184
0.8272504,-0.36746794
0.8025029,-0.4113079
-0.8080956,0.3838467
-0.6988686,0.4771168
-0.11161034,0.6723781
0.8617532,-0.293561
0.85722196,-0.30052528
-0.87083524,0.38787678
0.3424962,0.72522575
-0.7408485,0.47967544
-0.8787474,0.38195038
-0.8762902,0.38798243
-0.5633714,0.41414556
0.86400014,-0.27830613
-0.86439157,0.3067402
0.84881496,-0.32438162
-0.73222136,0.4848116
-0.8706695,0.32380888
-0.81787175,0.29062074
0.8118727,-0.39557177
-0.84739035,0.39682376
0.85570854,-0.3124981
0.86191416,-0.28138074
0.8558954,-0.30608603
-0.877328,0.38483143
0.77252483,-0.45499766
0.8449024,-0.33222747
-0.6419563,0.5345274
0.77321553,-0.45607305
-0.81652653,0.27575842
-0.66267914,0.5369114
-0.8366497,0.39879808
0.76848817,0.04319308
0.80978495,-0.39667273
0.46587494,0.68600863
-0.87619954,0.3807256
-0.7318552,0.46205005
-0.8772474,0.38640177
0.4550146,0.69685733
-0.8671945,0.30313385
0.14640433,0.72000456
-0.86817396,0.3929899
0.42469925,0.71543455
0.8057034,-0.40382534
-0.82175833,0.30723447
0.85318923,-0.3128975
0.4072995,0.7045733
0.48182106,0.6802908
0.7788121,-0.4500729
-0.6722608,0.50624096
0.5732022,0.5708114
0.86083704,-0.29170036
-0.8604871,0.296584
0.43576345,0.7042865
0.85616606,-0.30757043
0.39035535,0.7267343
0.19634299,0.71626985
-0.8733467,0.31504482
0.4667608,0.68771005
0.7944744,-0.42271435
-0.68177503,0.5118888
-0.6218716,0.40568984
0.31865808,0.72855556
-0.648028,0.5070045
0.86043745,-0.2947001
0.49226573,0.66575426
0.8390725,-0.3386806
0.60749966,0.5102948
0.864322,-0.2805351
0.8541705,-0.31383023
0.54626495,0.60974276
0.57129765,0.5627055
-0.8765132,0.3886537
-0.87618744,0.38375518
0.83886516,-0.34605026
0.46647286,0.69156957
0.87208587,-0.250974
0.79817164,-0.4159219
0.808354,-0.39777407
-0.86514604,0.3963622
-0.8331398,0.41780376
-0.84692854,0.2765112
-0.8755855,0.39047793
-0.84043044,0.4170587
0.5052469,0.661649
0.24145038,0.71847856
-0.7762556,0.43882993
-0.8574096,0.27287203
0.84800124,-0.32960486
-0.74293935,0.42901537
0.8748726,-0.22654973
-0.70404667,0.45754638
0.45826286,0.6962772
-0.8477156,0.3347223
0.86704326,-0.26536813
0.8325915,-0.3526331
-0.8561689,0.2863391
0.8665765,-0.25639227
0.7954428,-0.4224205
-0.85060465,0.39767694
-0.67506206,0.5146777
-0.8357269,0.42420587
0.82841253,-0.36417186
0.8221204,-0.36855698
-0.8531506,0.30606246
-0.87313294,0.32960618
-0.86628705,0.31171772
-0.8757649,0.38948512
0.8656414,-0.28410706
0.5306504,0.63008726
0.8378588,-0.34041965
-0.6889265,0.3979669
-0.87787265,0.3851419
0.85484076,-0.3082728
0.42260754,0.71631634
0.8045479,-0.40544203
-0.8420053,0.25803408
0.7701589,-0.46299627
0.8208406,-0.37556878
0.815791,-0.38588774
0.85375047,-0.3115899
0.55072385,0.60846496
-0.71634835,0.36967567
0.85835993,-0.294506
0.79758096,-0.41887465
-0.8757957,0.38713926
0.4848462,0.67241955
-0.8153265,0.4386069
0.19009636,0.7219534
0.8487463,-0.3202583
0.8646345,-0.27997813
-0.73806506,0.44720313
-0.8675252,0.3017896
0.4815191,0.67710745
0.394154,0.72623646
0.8576657,-0.30616555
-0.7144382,0.48599362
-0.7025109,0.40006632
-0.62535703,0.5300773
-0.8363221,0.42879382
-0.8557022,0.29061344
0.8614876,-0.28657368
0.771185,-0.4602145
0.51601666,0.64562035
-0.5616165,0.5664096
0.85821223,-0.29883218
-0.87517333,0.3843817
0.77677965,-0.44727018
0.4439207,0.70318484
-0.7068959,0.510903
0.77302736,-0.45450187
0.85335785,-0.31828126
0.48832816,0.67002225
0.7716259,-0.45758396
0.4599591,0.6960237
0.5115283,0.64598805
0.3610671,0.7323093
0.40515262,0.71792567
0.85651743,-0.30610618
-0.8766071,0.3853722
0.8474864,-0.32366478
0.86181223,-0.29001793
0.5105844,0.64512324
-0.6511362,0.413194
0.8665425,-0.24243368
-0.87649137,0.38401288
-0.7833236,0.2796044
-0.7089932,0.47556356
0.45476604,0.70157033
0.77124506,-0.4582467
-0.8320637,0.33421052
0.77485913,-0.45222494
0.77793753,-0.03276835
-0.6329923,0.53424925
0.47497275,0.6815266
0.4670888,0.69064003
0.83484983,-0.3551629
0.8641504,-0.22012149
0.5384633,0.6248068
0.84899247,-0.3211183
-0.8672512,0.33226198
0.81714815,-0.36552393
0.4575588,0.6993555
-0.8574953,0.3928285
-0.8718038,0.33106455
0.7746959,-0.45475024
0.6051947,0.48616225
0.34392077,0.70453095
-0.77415675,0.3968969
-0.6717205,0.5089846
0.81915677,-0.3846683
0.49779707,0.6627912
-0.8769885,0.38486505
0.7987841,-0.41131812
0.7767221,-0.44864663
0.781086,-0.4419544
-0.8668603,0.39145666
-0.8450721,0.28734556
0.37756756,0.7018901
0.8683438,-0.25983405
0.85370207,-0.31006104
0.39603692,0.72294116
-0.8738362,0.31760994
0.768209,-0.46353176
0.35737997,0.7047774
-0.76034313,0.48182502
-0.67018753,0.5328559
-0.8728912,0.3062279
-0.86767465,0.3543547
0.86003053,-0.2919114
0.4549728,0.7019681
0.78089035,-0.44409642
0.3619711,0.7181053
-0.87649924,0.389232
0.7726231,-0.45515755
0.86508507,-0.28041643
0.81929517,-0.37755105
-0.835118,0.42920858
0.40315428,0.7216894
-0.876479,0.38556257
0.45286673,0.7040652
0.7784471,-0.4503554
0.767321,-0.4676278
-0.876885,0.38638547
0.76702154,-0.45005217
0.85890895,-0.30189756
-0.8501693,0.3390212
-0.861362,0.28987876
0.8545278,-0.31221446
-0.79201823,0.30801907
-0.7848887,0.42467818
0.41210032,0.7242703
-0.8592364,0.4040202
-0.83363336,0.42403007
0.83176553,-0.35448685
0.56531155,0.5840655
-0.875007,0.38943884
0.7753092,-0.44636133
0.3391079,0.73208505
0.76797736,-0.4630512
0.87291884,-0.25402415
-0.6531571,0.48883316
0.40815702,0.72271186
-0.87084997,0.28984532
0.83459586,-0.35678008
0.8493972,-0.32038635
0.8580812,-0.30115652
0.8694554,-0.21975832
-0.8597653,0.29265794
-0.3788092,0.60207134
0.422889,0.70981055
0.80996394,-0.3990281
-0.8734784,0.38220325
-0.8772136,0.3852009
-0.85908175,0.30850697
0.86676896,-0.2760309
-0.6591693,0.531912
-0.77479184,0.40283483
-0.87466365,0.38333932
0.7728622,-0.4553749
0.49954855,0.66200256
-0.8207624,0.43804738
0.3804712,0.72350377
-0.8415389,0.39700574
-0.6448503,0.5393536
0.8187973,-0.379311
-0.6416298,0.5355186
-0.5988561,0.40401936
0.5232075,0.6314914
-0.83789283,0.3667262
-0.85647255,0.31646276
-0.8776375,0.38529035
0.43053022,0.7067726
-0.8534482,0.38440958
-0.04736739,0.68548656
0.0032140426,0.67726123
0.44795015,0.70162505
-0.8531437,0.2834854
-0.8760909,0.38781464
0.86559016,-0.25561982
0.5178359,0.64697295
-0.6903268,0.4210232
0.8441413,-0.33073336
-0.84736174,0.41438726
0.7742512,-0.45534173
0.7200037,0.3312942
0.86010677,-0.29398867
-0.87665826,0.38321966
0.77156746,-0.4582133
-0.6759265,0.5234948
0.7959192,-0.42139766
-0.6566643,0.52805287
-0.86619025,0.3380559
-0.853521,0.3835332
0.86165935,-0.29327074
-0.874631,0.38749653
-0.66530716,0.5052786
-0.73602504,0.45351946
0.7666916,-0.46535805
-0.8413829,0.29121885
0.2885486,0.7104918
-0.870368,0.30939987
-0.84136915,0.42576835
0.53677726,0.61863124
0.4225645,0.7163875
0.6045857,0.5303985
0.7598685,-0.40697306
0.84996086,-0.31935167
0.7833333,-0.43967766
0.44451258,0.7008113
0.7817036,-0.4398706
0.5602099,0.576656
0.767898,-0.46542314
-0.78478974,0.4101398
0.844624,-0.33375075
-0.86650926,0.39324567
-0.6879841,0.48060966
-0.6907437,0.42561653
-0.8557366,0.27921548
0.8494939,-0.32283667
-0.8737451,0.37869906
-0.65376204,0.5321464
-0.7088665,0.44519222
0.86940587,-0.26701343
0.4514449,0.70026284
0.85684884,-0.30464986
-0.6297509,0.4284982
0.31853864,0.73107964
-0.85951763,0.32084686
0.86169356,-0.29353708
-0.7202433,0.4972272
0.34153125,0.7270155
-0.8700458,0.3244414
-0.6720925,0.5147313
0.39415213,0.7223519
-0.86770755,0.31619957
0.8606081,-0.29595178
0.37584347,0.72069496
0.40429896,0.72344357
0.3472833,0.72815686
0.4277663,0.710776
0.33525652,0.71575767
-0.8695697,0.30145124
-0.8250018,0.4064466
0.40697953,0.719454
0.8670748,-0.26485687
0.78411204,-0.43945804
0.309261,0.7231704
-0.7072027,0.4951492
0.8528956,-0.3071258
0.8626957,-0.28475374
-0.70162094,0.5123682
0.79037946,-0.4300291
0.21995367,0.7289718
0.80049646,-0.4124066
0.7691309,-0.46332622
-0.7867689,0.41027594
-0.8699111,0.32008398
0.8605538,-0.29238972
0.47657448,0.6827713
0.43621242,0.70953935
0.86089855,-0.2998665
-0.63324475,0.50753856
0.869869,-0.2593477
-0.86521953,0.30921432
0.84976184,-0.3265146
0.4469497,0.70523673
0.40100878,0.71246755
0.7721818,-0.45374215
-0.75277996,0.46921262
-0.84907275,0.4171945
-0.8776879,0.3815833
-0.6821737,0.37313783
-0.6029396,0.38546538
-0.8608335,0.29585326
0.40965533,0.7151281
0.8485755,-0.32367143
-0.8067535,0.41784313
-0.86658454,0.3021553
-0.8758079,0.3852325
-0.7682145,0.36874196
-0.8206777,0.39370716
0.8390948,-0.3447627
-0.44297037,0.5724527
0.77177304,-0.45692432
0.770001,-0.46187633
-0.6801672,0.49279788
-0.85804945,0.31205177
-0.876982,0.38240182
-0.6378129,0.5324313
0.8665232,-0.27201757
-0.8439124,0.41495213
-0.8737759,0.35063618
0.4352453,0.7015345
0.46607947,0.6870904
-0.8686675,0.30537444
0.8543607,-0.31209975
-0.87708455,0.38592684
-0.85413146,0.40258405
0.5561974,0.5945694
0.821238,-0.37945813
0.76734984,-0.46400166
-0.87374455,0.34914
-0.79884654,0.43471408
-0.69437593,0.5068306
0.8477803,-0.325716
0.030298261,0.69246906
0.8614265,-0.2884613
0.8001661,-0.4156117
0.8587137,-0.3007408
-0.8706473,0.32620007
0.22195771,0.72706753
-0.81370336,0.44433162
0.5106932,0.65359616
-0.8753034,0.38628283
0.48677713,0.6745072
0.49849188,0.6565427
-0.8447751,0.41492355
-0.78164554,0.40166005
0.8694945,-0.24899226
-0.7551326,0.46752083
0.8550382,-0.30702072
-0.8766276,0.32714352
-0.6815242,0.50920165
-0.53079945,0.5565825
-0.85932225,0.30172232
-0.86930436,0.3019159
-0.8759208,0.38708735
-0.87225175,0.3933713
0.8425713,-0.33834162
-0.8760276,0.38569215
-0.6989257,0.48919457
0.47075954,0.6826237
0.53354967,0.6293858
-0.6620635,0.49622655
0.33424592,0.7265437
-0.712693,0.49575683
0.8267263,-0.338746
-0.8661328,0.3080843
-0.87329,0.35887346
0.44985098,0.7001438
-0.76278776,0.46839997
-0.58739823,0.54364693
0.43689367,0.70827097
0.83411336,-0.35471767
0.80901027,-0.39591452
-0.8654296,0.30171052
-0.60472053,0.47687742
-0.8670103,0.30836517
-0.655426,0.4974046
0.529841,0.6301548
0.38124332,0.7335932
-0.8764623,0.38412645
-0.84194684,0.32153955
0.5219836,0.6456073
-0.87186193,0.38860968
0.845198,-0.32819617
0.4104707,0.7103858
0.76759285,-0.46596536
0.8409856,-0.33935535
0.7727601,-0.45664203
-0.8671575,0.28696528
0.823485,0.019354822
0.86770386,-0.20870654
-0.56619996,0.5401203
-0.83446956,0.40770698
0.7747734,-0.4544957
0.33996361,0.74052775
0.7834599,-0.4351924
0.8485098,-0.3240688
-0.6854592,0.4813899
0.57437146,0.56878287
0.84675276,-0.09576644
0.7733957,-0.4575893
-0.87420654,0.3890521
0.7778584,-0.4476441
-0.86593866,0.39639357
0.49842995,0.6632672
0.86731356,-0.27290824
0.8499975,-0.32216632
0.8586732,-0.30136067
0.84715146,-0.31948304
-0.6664431,0.50047445
0.38311642,0.7239632
-0.8553083,0.29170084
0.7740644,-0.40373716
-0.278472,0.62711346
0.859657,-0.29648617
-0.67052007,0.5030887
0.85339165,-0.3126345
-0.6400345,0.5043704
0.8085683,-0.40137064
-0.66376644,0.49722758
-0.8562022,0.34887043
0.8014881,-0.40945497
-0.70759237,0.4535974
0.5030586,0.6563587
0.38757434,0.720916
-0.67887783,0.5131416
-0.88057965,0.36652914
0.83386624,-0.35553998
0.4790902,0.6808475
-0.76841736,0.44765493
0.8217053,-0.37781048
0.44216883,0.70469207
-0.87780625,0.3829333
-0.6683438,0.5001296
0.8036491,-0.41150096
0.7912261,-0.42893046
0.8582184,-0.30144867
-0.8493395,0.29516885
-0.8762294,0.38539147
0.79505944,-0.4177089
-0.67034197,0.4445548
0.5554707,0.59613925
0.8640849,-0.26921743
-0.847847,0.40776747
-0.8698511,0.29532552
0.39392915,0.7204795
0.40101963,0.7188674
0.8597591,-0.30169326
0.84641135,-0.32993564
-0.8638624,0.32185706
-0.8780275,0.3819244
-0.6773611,0.50639075
-0.7168734,0.42930856
0.8641767,-0.28381076
0.8629461,-0.28273454
0.76944995,-0.46149406
0.86250705,-0.28819782
-0.8765288,0.38926676
0.44749504,0.7048205
-0.8626582,0.30332667
0.8622024,-0.29070234
0.7620528,-0.46491504
0.17143627,0.7052373
-0.8763504,0.38730413
0.7900661,-0.4273579
-0.65975636,0.49750757
0.43714127,0.7084469
-0.87010014,0.31198746
0.8574466,-0.20034747
-0.7351836,0.49037942
-0.86618656,0.30376986
0.43311143,0.7132816
0.33188877,0.7367491
0.07902277,0.66891086
0.7736586,-0.45415097
-0.8712969,0.3057678
0.44721127,0.7000818
-0.84723824,0.41795072
0.8316314,-0.35277194
0.7746298,-0.4523634
0.86756694,-0.27440235
0.77687657,-0.45318374
0.7790956,-0.44165382
0.83808464,-0.3444195
0.4220179,0.7121111
0.7749768,-0.45267025
-0.65833646,0.4888379
-0.87153,0.3017208
0.3840021,0.7114016
-0.79269594,0.46007696
-0.82714057,0.39146972
0.8582812,-0.16019148
-0.6474396,0.5145217
-0.8777512,0.3854789
0.76957524,-0.4617818
-0.8539288,0.2892377
0.4768452,0.67905384
0.7713981,-0.4584502
0.86492324,-0.28450269
-0.71905416,0.45771325
0.5569446,0.5894074
0.8267675,-0.36850023
0.7715518,-0.4604557
0.77284765,-0.45022872
0.8098517,-0.38921848
0.36230513,0.72667885
-0.87719107,0.3573793
-0.81484514,0.41500455
0.7730674,-0.4592556
-0.8099146,0.43812898
0.45064843,0.6989922
0.56484395,0.5875224
-0.8684105,0.31192502
0.8526065,-0.31496596
0.7664162,-0.4663817
0.8591682,-0.2962703
0.7775527,-0.4501088
0.8518155,-0.317053
0.8101799,-0.3955029
-0.6658672,0.4901049
0.86057705,-0.29199514
0.8116409,-0.3930814
0.86774415,-0.27457237
-0.87706274,0.38645658
-0.82084495,0.34412712
0.54709125,0.5940466
-0.7086544,0.5016004
0.76788205,-0.464989
-0.6772536,0.52400506
0.41946965,0.71918464
0.85156566,-0.31679738
-0.87765175,0.3874873
0.86668885,-0.26432642
-0.861585,0.30940956
-0.8447481,0.31175843
-0.6768449,0.5172885
-0.8625457,0.29386112
-0.74629766,0.4969539
0.7704773,-0.46223205
0.26897657,0.7297237
0.8443541,-0.100629866
-0.8755256,0.3798723
0.53296185,0.62310094
0.85110044,-0.3202305
0.32213262,0.7186248
0.8518561,-0.31772485
-0.8582202,0.35232544
0.8553094,-0.30659267
-0.84270936,0.41653484
0.8606216,-0.29211932
-0.79421633,0.4427865
0.5110221,0.6465294
0.8574762,-0.30587456
0.77075166,-0.45718443
0.86252296,-0.2857807
-0.86958146,0.30069134
-0.87563497,0.3846501
0.2916593,0.7157081
0.37203276,0.72751087
-0.87751776,0.3805467
-0.8771718,0.3850708
-0.32673067,0.47041318
0.7745992,-0.45715922
-0.66840506,0.501962
-0.8735242,0.3242718
0.6129476,0.4623876
0.46734974,0.69080997
0.85331035,-0.30967358
-0.66983646,0.42362794
0.18277366,0.6669589
-0.84763795,0.2827578
0.84858257,-0.32166922
-0.8716766,0.3565003
-0.8666553,0.2959841
-0.8752647,0.3865584
0.5068187,0.66071427
0.82854974,-0.366642
0.77143335,-0.45789748
0.7704142,-0.46171406
0.87104285,-0.25130057
0.76953346,-0.46234727
0.46678343,0.6908604
-0.38819808,0.631207
0.76993114,-0.46127272
-0.8551163,0.28221837
0.85541946,-0.31031483
-0.13151918,0.6491664
-0.85894996,0.2944057
-0.876137,0.3837634
0.38291913,0.7168575
0.3479723,0.72324556
-0.87373644,0.3880846
-0.6970123,0.49569172
-0.6692819,0.5153316
-0.87353486,0.31243378
0.45900783,0.6915082
0.7732494,-0.45551592
0.7648782,-0.47061205
0.85563135,-0.31110558
0.86468345,-0.2816935
0.5002129,0.65989614
0.8576526,-0.2994552
0.40534756,0.72027063
0.4061104,0.71791464
-0.87408686,0.38334942
-0.81023604,0.3053781
0.7734446,-0.4548294
0.4960888,0.6690183
0.76531196,-0.46853262
0.7673755,-0.46326262
0.5036738,0.65840125
0.86772805,-0.27183944
0.7670147,-0.4650988
0.8601251,-0.3004403
0.8496392,-0.32362705
0.0518674,0.7052564
0.5354116,0.621279
0.816636,-0.38451734
0.49625564,0.6628036
0.8519786,-0.31122878
-0.665767,0.5225053
0.024551231,0.6757131
0.43211764,0.7117152
-0.8637476,0.30767468
0.8675065,-0.27196863
-0.8758486,0.3871436
-0.6692932,0.5189011
-0.6172147,0.51508933
0.7759022,-0.44889477
-0.8739106,0.3894087
-0.73308074,0.48715788
0.8501736,-0.32146874
-0.7345433,0.48027965
-0.86056215,0.39588177
0.85432863,-0.3087429
0.3749238,0.7248735
-0.825781,0.4321947
-0.6774901,0.5130761
-0.8766153,0.3868756
0.86741614,-0.27153078
0.56753707,0.58395505
0.82374877,-0.37247568
0.8732425,-0.26042867
-0.8770986,0.3856738
0.7853487,-0.43541932
-0.76483035,0.41249678
0.16728453,0.6938474
-0.57504374,0.57176733
-0.8492148,0.3307562
-0.871333,0.3024003
-0.84705025,0.30490842
-0.8523041,0.31061712
0.33726174,0.7116586
-0.63078016,0.3194426
0.80464184,-0.40909055
0.45688662,0.69691443
-0.85140646,0.40190926
0.76913166,-0.4623203
0.29065466,0.70167357
0.84735966,-0.3254763
0.86863214,-0.26277298
0.5289681,0.62812984
-0.7747062,0.44090888
-0.7478641,0.40750688
0.7801854,-0.4445962
0.43732044,0.70788723
-0.21625932,0.6495461
-0.6513924,0.53604394
-0.87095904,0.39226604
-0.85637176,0.3748522
0.7703038,-0.46415374
0.38355243,0.71606785
0.77251565,0.17289284
-0.67572033,0.5040113
-0.6833017,0.51140434
0.85595596,-0.2990118
-0.8684992,0.3749128
0.81766677,-0.38571444
0.86195,-0.28858006
-0.7176252,0.4972521
-0.87425774,0.3079096
0.8628838,-0.2852101
-0.6866646,0.4800487
0.769369,-0.46292025
-0.8755015,0.38250175
0.7861941,-0.43662226
-0.87303096,0.32277998
-0.8743277,0.38632023
0.43876287,0.7152665
-0.8336676,0.33381382
-0.8772191,0.38527295
0.5311214,0.60116667
0.7823327,-0.44347963
-0.84102696,0.3249685
0.77016306,-0.46116906
0.8656674,-0.28533092
0.7718743,-0.45882037
0.8516452,-0.31365395
0.7937766,-0.42666245
-0.8765132,0.3865692
-0.8750345,0.38815996
-0.8518765,0.35944286
-0.8616816,0.36208716
0.8366406,-0.34874395
0.33370543,0.7273081
0.7712238,-0.46058166
-0.6507899,0.54239154
-0.8640849,0.3042536
-0.21725468,0.5409613
0.86767256,-0.27985522
-0.86864537,0.3068731
0.4925824,0.6669581
0.8544745,-0.30924672
-0.8404824,0.32615134
0.86836064,-0.2560388
-0.8492141,0.3670303
-0.76571095,0.48093143
-0.6784546,0.4979576
0.8644549,-0.27658364
0.5749695,0.54900247
0.8633142,-0.28806955
-0.663613,0.52310467
0.4342449,0.7124623
-0.666952,0.50136495
-0.8602784,0.330117
0.85609865,-0.3106214
0.77422035,-0.45579898
0.5169844,0.6426748
-0.68103427,0.46056494
0.87082726,-0.24814196
0.5005433,0.6596104
-0.87735707,0.38483924
0.53043544,0.6264946
0.5033333,0.6609637
0.8498649,-0.31810904
0.8671388,-0.23748995
0.48105928,0.6840064
-0.86305,0.39600497
-0.74672467,0.43992493
-0.67163235,0.48791468
0.39735833,0.72314876
0.29186887,0.7301358
-0.82243246,0.3852532
0.44709718,0.7048166
-0.65659606,0.5309777
0.46001622,0.6920381
-0.65748835,0.52500856
0.76588184,-0.46612135
0.40835658,0.7198156
0.6068671,0.48830375
-0.7364517,0.49409786
-0.8764677,0.38542283
-0.72833335,0.45380428
-0.87064445,0.3183096
-0.8715092,0.32151553
0.352327,0.7288564
0.8670934,-0.2546726
-0.65377855,0.49989283
0.76754284,-0.4664046
0.8465942,-0.32922155
0.7736006,-0.4564421
-0.8715503,0.31239086
0.8730514,-0.26385716
0.33300596,0.72618574
-0.8695669,0.3136461
-0.86849177,0.35604742
-0.87753695,0.38740796
-0.83468497,0.426949
0.865856,-0.2810753
-0.8721543,0.30586907
-0.87178624,0.31586397
-0.7014469,0.48710012
-0.85679346,0.38217017
-0.8580482,0.39904726
-0.65940654,0.5382334
0.856195,-0.30458048
0.852021,-0.3186313
0.7673754,-0.46117613
0.8211965,-0.37654513
0.7783223,-0.4457752
0.5142353,0.64505726
-0.8763363,0.38421726
0.82938844,-0.36379355
0.7700933,-0.4621102
0.5703463,0.57539016
0.7745831,-0.4541873
0.5072277,0.65744424
0.86474514,-0.2727918
-0.6653124,0.52260345
0.8642887,-0.27868974
-0.87238306,0.38714293
-0.11086668,0.6736911
-0.77777195,0.33700934
0.426375,0.7167916
0.46431744,0.69041723
-0.7124009,0.45542112
0.56858295,0.5808583
-0.816613,0.35542622
0.44971153,0.701391
0.4195118,0.7060904
0.8113136,-0.39487556
-0.7651756,0.4712715
-0.86461693,0.29986513
-0.59774965,0.3721643
-0.74482,0.35510057
-0.84458435,0.41799843
-0.8634233,0.35526642
0.76659524,-0.4645381
-0.8148962,0.28369877
0.44402203,0.7096086
0.47276586,0.6865215
0.41800106,0.7199125
-0.45367652,0.55826515
-0.8677031,0.32002136
-0.87903595,0.37670982
0.44506997,0.70219934
-0.70750254,0.41625604
0.8665199,-0.2629127
0.77142787,-0.45879468
0.7702365,-0.46193695
0.8639055,-0.27858618
-0.87159467,0.30842733
-0.8691469,0.30173567
-0.87781703,0.383445
-0.84880674,0.32944
-0.8518148,0.28337294
-0.67856,0.47247013
0.5105086,0.6518295
-0.7935187,0.35391554
-0.8761611,0.38869196
-0.8700394,0.3776707
-0.8428047,0.2724668
0.86538905,-0.277636
-0.8449538,0.2678701
-0.7582661,0.41349494
-0.8754875,0.38766068
-0.8189438,0.43189865
0.7752714,-0.4507317
-0.87784714,0.3820805
0.80729413,-0.402842
-0.70471007,0.5015241
-0.8029034,0.44612396
0.8643126,-0.28187573
0.8238567,-0.37279335
0.25939414,0.70888275
0.77914244,0.16224779
0.85815805,-0.2968365
0.27814412,0.7337884
-0.7686005,0.30080545
0.4154813,0.71415544
-0.2721962,0.6542128
0.76821107,-0.4575406
0.4260618,0.71568656
0.7826103,-0.4394343
-0.7031919,0.51113254
-0.8685693,0.3287922
-0.2740716,0.6485146
-0.874108,0.33966506
0.85124564,-0.3225972
0.8480134,-0.3241654
0.85845906,-0.30204865
-0.8463803,0.3991748
-0.66824573,0.5074588
0.68165785,0.37508267
-0.87648374,0.38899782
-0.6756987,0.496103
0.4995402,0.66082096
0.4995703,0.66351986
0.85693324,-0.30576965
-0.84519434,0.28417945
-0.6400048,0.53918606
-0.028323323,0.5820803
0.2825876,0.67698073
0.7717384,-0.45705578
0.77294683,-0.45812142
0.7690293,-0.45902875
0.4781301,0.68108827
-0.8334297,0.41851497
0.46544984,0.6892261
0.76828915,-0.4647954
0.42073545,0.7143272
0.86889607,-0.25503135
-0.8768878,0.38225934
-0.752857,0.4844484
0.79847884,-0.41408792
0.7774212,-0.44988817
-0.86206806,0.38603002
0.3637289,0.7351588
-0.84370404,0.33376256
0.40450084,0.7173824
0.77743614,-0.44908515
0.86694324,-0.2651852
-0.8611261,0.3054631
-0.65358275,0.5205411
-0.8726706,0.38925123
0.49045014,0.67170453
0.7719078,-0.45842367
0.8479609,-0.3244981
-0.8476036,0.4171538
0.8658619,-0.27986652
-0.7456699,0.42567563
0.85723174,-0.30091864
-0.80458325,0.44073027
0.8620337,-0.2885209
0.77381843,-0.45496774
0.41405496,0.71368027
0.8336492,-0.35287353
-0.7311341,0.43072167
0.8131738,-0.39188087
-0.8693219,0.31353584
0.85457855,-0.308605
0.8705212,-0.25407192
-0.8629713,0.3077184
0.43265232,0.71231717
0.41033068,0.71156156
-0.86158687,0.399021
-0.63045144,0.426609
-0.8667736,0.30315575
0.84880716,-0.3262278
0.26753762,0.7196288
0.7859669,-0.4372987
-0.838043,0.3311234
-0.8765199,0.38473547
0.786132,-0.43681565
-0.07389922,0.6280806
0.84636515,-0.32113284
0.810033,-0.39291987
-0.86862874,0.35030124
-0.7573172,0.45546806
0.41342646,0.71878606
-0.66934204,0.50891525
-0.6527823,0.5254325
-0.8110467,0.3065274
-0.8494439,0.34871188
0.8367753,-0.03479877
-0.73510987,0.397248
-0.8774628,0.3881652
0.45883185,0.6903821
0.86765236,-0.2762047
0.45996764,0.68937176
0.844289,-0.33341008
0.8247095,-0.37328333
-0.83949155,0.25633526
0.8547244,-0.30789965
0.48420167,0.6774903
0.86625516,-0.2837351
0.47564942,0.68292034
-0.65762615,0.50805724
0.24074018,0.73699105
0.8029991,-0.4112395
0.8519994,-0.31909332
0.8416627,-0.34194884
-0.8635785,0.31123072
0.8443301,-0.33119228
-0.42019197,0.5825408
-0.83217937,0.29270244
-0.7739044,0.3292327
-0.7898511,0.42828503
-0.6778545,0.51598203
0.83370787,-0.34410092
0.7789474,-0.4467236
-0.8256298,0.3928315
0.7734586,-0.45500767
0.86768943,-0.25336212
0.79470605,-0.42062584
-0.8652132,0.35676277
0.84598804,-0.33413896
-0.73286605,0.45542315
0.76834786,-0.46497574
0.84452546,-0.3316881
0.51673114,0.64685625
-0.6677196,0.5289148
-0.8615399,0.29466772
0.7711107,-0.4588916
0.8671817,-0.2605261
0.8650507,-0.28477386
-0.8665907,0.35060614
0.86744404,-0.26951936
-0.6563225,0.53522134
-0.7885585,0.42538345
0.77073187,-0.46204138
0.7891099,-0.4292534
0.8565817,-0.3032951
-0.6491129,0.42691547
0.79289216,-0.42795125
0.8590233,-0.2945677
-0.6553936,0.518377
0.85198677,-0.31263047
0.84801304,-0.32869834
-0.6937992,0.50887984
-0.66447884,0.52262306
-0.8041567,0.32796052
0.85855705,-0.3042517
-0.81996006,0.42914352
0.86007243,-0.29054436
0.35652506,0.71799994
0.7886427,-0.42749476
0.4781241,0.6814281
-0.8754409,0.39025646
-0.84149337,0.42158544
-0.7470382,0.4543425
-0.70836455,0.49680024
0.4243798,0.7137084
-0.70646167,0.49223015
0.46128568,0.6921443
-0.8752522,0.38850555
0.8531033,-0.3135449
-0.64191663,0.5334134
-0.8674035,0.31165734
-0.7842169,0.41189784
0.46562988,0.69447815
-0.8704786,0.3132204
-0.853293,0.41349685
0.52517456,0.6305187
-0.8768411,0.37613943
-0.8633207,0.29216576
-0.77660286,0.337623
-0.6778598,0.51763654
-0.73639786,0.4875055
0.8261248,-0.3678214
-0.6600231,0.52589595
-0.7406573,0.47795302
0.7856385,-0.43206605
0.8361967,-0.0009982005
-0.6663687,0.52053446
-0.68919945,0.5039172
0.8605386,-0.30056176
0.86650026,-0.26811624
-0.66428936,0.51364565
-0.65153295,0.53405625
0.34210333,0.72262543
-0.78774947,0.44325534
0.86710364,-0.24638918
0.7952483,-0.4245531
-0.6761565,0.50429624
-0.86870503,0.3182718
-0.8274481,0.30596393
0.869204,-0.26759756
-0.8769118,0.38608104
-0.85681975,0.34645328
0.8383808,-0.34778228
-0.83447975,0.41854027
-0.872186,0.33942917
0.80109674,-0.4126052
0.86818075,-0.26336172
-0.77725875,0.4031798
-0.8651141,0.28442416
0.40913054,0.7202275
0.8569022,-0.29946515
-0.8118692,0.4477561
0.84539676,-0.33260864
0.37982517,0.72260624
0.86821705,-0.27461824
-0.63674533,0.5077818
-0.86903614,0.3840627
0.45927832,0.69665116
0.40530306,0.72413176
0.7869221,-0.4357754
0.86065626,-0.29447663
-0.68249613,0.48886567
-0.8200912,0.43209338
-0.854915,0.26945314
0.78391063,-0.4407395
-0.86281264,0.34807497
-0.29240704,0.4556264
0.8523618,-0.31561312
-0.87223345,0.30755222
-0.8747409,0.38774306
-0.44812945,0.59265435
-0.86966884,0.34805432
-0.87568057,0.3818525
0.83378035,-0.35329366
0.30853423,0.69988436
-0.6002525,0.51030505
0.79581875,-0.4175025
0.86562693,-0.27868578
-0.87372506,0.33516282
0.8602731,-0.2996148
0.8625477,-0.28702608
0.8540407,-0.3135568
0.43327647,0.7147741
0.38648993,0.7108166
0.30459946,0.73213893
-0.8707732,0.36067453
0.45338792,0.70242214
-0.7233674,0.45187455
0.3539855,0.7077077
0.51925623,0.6410989
0.7724989,-0.45834735
-0.8343789,0.33967453
0.6283327,0.47525176
-0.876784,0.3881084
0.8598766,-0.29417762
-0.855156,0.3920696
-0.7040252,0.46682695
-0.7556858,0.35631323
-0.86658394,0.34190717
-0.3632756,0.6220233
-0.8675017,0.30364332
0.38653368,0.7183234
0.84732854,-0.32396454
0.86718327,-0.2709218
-0.3017342,0.6448824
-0.8764069,0.38493174
-0.8700401,0.36915648
0.56330585,0.5879714
0.5297479,0.6346374
-0.6756695,0.52023697
-0.6504511,0.5364617
-0.53034973,0.6393599
-0.8369864,0.42434156
0.8614417,-0.28709167
0.7825623,-0.4395779
0.5062921,0.6559489
0.7709282,-0.4586308
-0.8617376,0.296755
0.84436166,-0.33342806
0.8548321,-0.30932397
0.87086344,-0.25801024
-0.86800116,0.2991765
-0.8592203,0.32359827
0.35422516,0.72886163
-0.87373376,0.39053446
-0.8642861,0.3021251
-0.6246909,0.49625713
-0.87676775,0.38541502
-0.87287605,0.38337997
-0.871058,0.3051581
-0.8707238,0.38494784
-0.86566705,0.395174
0.46467593,0.6978245
0.34551105,0.7219574
-0.87258446,0.29903468
-0.8762744,0.38940817
-0.74346083,0.42363328
0.8615437,-0.29218563
0.77083784,-0.46143797
0.44999906,0.7011405
-0.81371295,0.44146624
-0.86927223,0.31303108
0.53455514,0.6283983
0.43077418,0.7122285
-0.838066,0.32471138
0.773151,-0.45679134
-0.8325695,0.34953514
0.790279,-0.43071944
0.49493256,0.6591691
-0.6667504,0.53268635
-0.8073788,0.39514288
0.861245,-0.29790467
0.8406169,-0.33943474
-0.6508351,0.50744426
0.41194496,0.71676546
-0.81664497,0.3310317
-0.86390007,0.2960129
0.45295033,0.6957821
0.85004824,-0.31437767
-0.6740543,0.51360255
0.8604649,-0.29278085
-0.8408995,0.34487456
-0.74442154,0.48252758
0.8645881,-0.2795663
0.40586123,0.71641916
0.84266555,-0.33941436
0.8600292,-0.29753992
-0.81742495,0.42784193
0.8299301,-0.36077434
0.86381036,-0.27365795
0.30570212,0.71830124
0.86241865,-0.28874704
0.49709183,0.666755
0.85919553,-0.29934934
-0.13164258,0.6707506
-0.7124316,0.3717449
0.8589101,-0.30176073
0.8648658,-0.2534336
-0.8488083,0.27918276
0.42489845,0.7169285
-0.8023775,0.43602777
0.86595964,-0.27679265
0.43307135,0.7162627
-0.8725429,0.390202
-0.8517847,0.32666448
0.86471385,-0.25650936
-0.8593954,0.28617987
-0.8137984,0.44227934
0.76932544,-0.46269244
0.7810923,-0.44339192
-0.85018545,0.29813975
0.7704387,-0.45857358
-0.87467647,0.38157842
0.44607604,0.70145595
-0.8726184,0.38840815
0.82196736,-0.37662557
-0.8685152,0.35870457
-0.8768832,0.3851481
-0.77851826,0.38143158
0.39342317,0.7183952
-0.66495687,0.51718736
-0.8630674,0.39540347
-0.7306016,0.4686656
-0.806893,0.43605188
-0.877855,0.34504792
0.5106085,0.652333
-0.8722897,0.3131847
0.7678318,-0.46247092
0.47254637,0.68340486
0.78658104,-0.43346828
0.8707182,-0.26042494
0.40869412,0.71338326
0.45985267,0.6927532
-0.8703525,0.30612367
-0.86927485,0.30342922
-0.85539186,0.38550422
0.45562,0.69877326
0.55326927,0.5970056
-0.87713516,0.36125514
0.8701609,-0.24898218
-0.872842,0.32325232
0.5333824,0.62839735
0.7790324,-0.44712588
-0.8554937,0.3379578
0.7696524,-0.46241826
-0.8251294,0.41613713
-0.7398091,0.4322546
-0.7496483,0.48692405
-0.82646567,0.38765004
0.8650752,-0.27666804
-0.6764732,0.5075868
0.45275325,0.6973267
0.7826858,-0.44304076
0.8589889,-0.2999042
0.86498255,-0.28240564
0.82395375,-0.37569535
-0.83751565,0.4047683
-0.30507746,0.5801174
0.48389485,0.6742467
0.86017585,-0.29468504
0.83108103,-0.16379823
0.42297092,0.7097997
-0.87772524,0.38802037
-0.7202207,0.44173354
0.46563905,0.69357115
0.86002713,-0.2979713
-0.8694612,0.30149713
0.77156186,-0.4538512
0.4286138,0.71018964
0.85496444,-0.3061838
-0.8773854,0.37890697
-0.63551724,0.5125436
-0.6569158,0.5198132
0.85771656,-0.30009168
-0.6763453,0.5125561
0.8630032,-0.2785384
0.8728118,-0.25448322
-0.6785587,0.5123343
-0.8746359,0.3217387
-0.65856564,0.5292594
-0.86851615,0.3342957
-0.8761114,0.38323504
-0.67909324,0.49449608
0.77532005,-0.45178816
-0.8663989,0.31431755
0.8445263,-0.33421388
-0.87117255,0.3190532
0.5011528,0.6565473
0.59772664,0.5407392
0.47942054,0.6778107
0.8656041,-0.28046772
-0.81193274,0.34459955
0.4461973,0.70391405
-0.87661237,0.38563672
-0.8710735,0.31095836
0.49493074,0.6661814
-0.7581854,0.3097158
0.8691302,-0.2395672
-0.6692073,0.52239555
0.8633306,-0.28357527
0.5645485,0.5667674
-0.8764584,0.3861534
0.7693588,-0.46317112
0.8052807,-0.40514565
0.76778865,-0.4661944
0.8617603,-0.29545885
0.4961474,0.6655562
-0.4611494,0.580233
-0.6796117,0.50048643
0.4761837,0.6807915
0.8326114,-0.3564827
-0.65085196,0.52276856
0.8613852,-0.2959115
0.8514374,-0.31463814
0.8278483,-0.3682644
0.8183072,-0.38685834
-0.6550329,0.51880556
0.4297007,0.7113446
-0.74328107,0.41059908
-0.87126774,0.38830647
-0.8441588,0.3278951
0.5810954,0.5296591
0.862255,-0.28921127
-0.7014024,0.47433138
0.41344738,0.72018844
0.7775046,-0.4510017
0.82565427,-0.3655716
-0.86574924,0.39691257
-0.66683125,0.5372779
0.74577856,0.23251396
0.8383837,-0.082073696
-0.79384434,0.35152298
0.76810414,-0.4621452
-0.852357,0.4068224
0.77720785,-0.4507752
0.7832483,-0.43659383
0.8638047,-0.28244528
0.76776403,-0.46417663
0.85646814,-0.30597126
0.85969317,-0.307768
-0.8577359,0.40721214
0.84281874,-0.33602914
0.85993224,-0.2926799
0.48520333,0.6745214
-0.867554,0.39322007
0.34284413,0.7237222
-0.8792037,0.37789214
-0.87641686,0.3763799
-0.84692556,0.34452823
-0.7789369,0.42453137
0.44080588,0.70855385
-0.7236002,0.47740635
0.86144245,-0.28958815
0.6608746,0.38216722
-0.8594148,0.37555963
0.81588197,0.04738773
0.85886604,-0.30084014
0.85977507,-0.290336
0.7707022,-0.46162495
0.86361694,-0.278407
0.8535407,-0.31878787
-0.8763426,0.38598543
-0.67360747,0.51010793
0.7705269,-0.45908716
-0.876093,0.35019314
-0.8773206,0.38585654
-0.6775226,0.51986915
-0.70471764,0.5050521
0.86251897,-0.2798869
-0.7044784,0.48928457
-0.7796854,0.40085906
-0.6708618,0.5236197
-0.86395675,0.3998057
-0.8435637,0.35943156
-0.66357976,0.52890223
0.46623656,0.68287706
0.58510745,0.5346389
-0.7244997,0.47142255
0.86494035,-0.2877874
-0.85293424,0.4067717
-0.73976296,0.44364882
0.57693636,0.5695868
-0.8677942,0.33553678
0.8551815,-0.30999967
-0.70275754,0.3816481
0.7697914,-0.46159193
-0.6661931,0.51356864
0.8418186,-0.088800736
0.50655395,0.6542848
-0.8555563,0.29698524
0.35854706,0.68922883
-0.64516765,0.5323997
0.4307013,0.7115047
-0.83410907,0.41241294
0.8500764,-0.32104006
-0.87719715,0.3655506
-0.8620299,0.40001786
0.52560186,0.63882923
-0.808593,0.294017
-0.7507018,0.44039646
0.7812581,-0.44407973
0.86579436,-0.27844667
-0.7813371,0.42808557
0.8432044,-0.33559993
-0.7656052,0.38868505
-0.8714426,0.31292748
-0.72909063,0.45517454
-0.8540536,0.349717
-0.663281,0.42320603
0.85655206,-0.3047727
-0.8704818,0.30185378
-0.67211837,0.49454007
-0.8769833,0.38307068
0.3901472,0.72277373
0.86535555,-0.28218582
0.7707303,-0.462473
0.8538167,-0.3129456
0.76110625,0.16850117
0.4830372,0.6763169
-0.8406068,0.32812625
-0.13463357,0.6903408
-0.6195853,0.5044252
0.54702014,0.59666246
-0.66165626,0.4995573
0.4865292,0.67762643
0.77943325,-0.44732755
0.8503578,-0.3209117
-0.8779613,0.38120875
-0.6909743,0.49505836
-0.86684525,0.3174545
0.87011224,-0.26623875
0.8267457,-0.36464402
-0.67570555,0.47626066
0.48967126,0.6708979
0.47645953,0.68415815
0.85010636,-0.31845978
-0.86724305,0.29168937
-0.68426114,0.46266958
0.866568,-0.2637111
-0.8738876,0.37854603
-0.87297624,0.3545999
-0.5458843,0.35871765
-0.56322557,0.5444094
0.44520015,0.70712644
0.5089672,0.6532732
0.7901507,-0.42762503
0.7689312,-0.46192598
0.8500249,-0.3205899
0.5001017,0.66019905
0.7737775,-0.4536852
-0.167221,0.6346258
0.23867203,0.71955025
-0.86992085,0.3078591
0.773773,-0.45528314
-0.86299574,0.39828843
0.41390422,0.71951026
-0.8618122,0.40331802
-0.65850073,0.41961235
-0.67808604,0.5044714
-0.8764338,0.38779268
0.8432233,-0.3311046
0.7650108,-0.4499999
0.7695909,-0.46270126
0.21441062,0.7219066
0.85705775,-0.3048555
0.76817346,-0.46498975
0.85676116,-0.304288
0.84832543,-0.32661796
-0.870714,0.3049208
-0.1606133,0.6735482
-0.8674839,0.2996622
-0.8008125,0.37112972
0.8550038,-0.31375837
0.8626395,-0.29002672
0.7776603,-0.44943422
-0.83739674,0.28192228
-0.8342766,0.39091435
0.8608974,-0.29210794
-0.84811515,0.35866705
0.44793227,0.70483685
0.2593889,0.71607274
0.7817184,-0.438742
0.8585267,-0.30380157
0.8551282,-0.3121862
-0.6513099,0.52121294
-0.6520142,0.5041682
-0.8190674,0.3289381
-0.8673283,0.29405385
-0.85785925,0.3615405
0.7788292,-0.44704875
0.847553,-0.3222695
0.54669476,0.60974956
0.4286194,0.7114551
-0.8741034,0.3850191
-0.8534581,0.27778572
-0.6662377,0.516717
-0.83299077,0.2816236
0.78818583,-0.43345305
0.854776,-0.31036583
0.8503589,-0.3209475
0.808129,-0.40189758
0.77729505,-0.4509841
-0.8766586,0.3860941
0.45081905,0.70014215
-0.67058563,0.5341301
-0.8673471,0.30677286
0.4082648,0.7116157
-0.8659136,0.31438383
-0.7671403,0.46075004
0.6204189,0.48895714
0.86031353,-0.29458615
-0.67258507,0.5064363
-0.6701033,0.5127858
0.49972415,0.66544676
-0.8683683,0.37508455
0.8640177,-0.28963888
-0.87474585,0.35904095
0.86823183,-0.2625047
0.870799,-0.23265025
0.8524571,-0.32237437
-0.73098266,0.46510574
0.8660332,-0.23355657
0.78963614,-0.43148503
-0.63424516,0.49408585
0.83340985,-0.3533983
0.6554482,0.4455812
-0.7653467,0.46185845
0.7706345,-0.46229666
-0.7382627,0.45101145
0.84856796,-0.32512388
0.86621493,-0.28114843
0.5875512,0.5376195
0.8544747,-0.3089319
-0.84967613,0.3795388
0.4575992,0.6902151
-0.85930806,0.2971989
0.85760957,-0.30216914
0.7779568,-0.44794378
-0.6842149,0.51903397
-0.784019,0.36283728
-0.8569471,0.36080435
-0.8092857,0.4318223
-0.862962,0.2875758
-0.84678555,0.28199095
0.7682364,-0.4642159
0.85854244,-0.29865006
-0.6310319,0.5302784
0.86397284,-0.28743112
0.8630379,-0.28982595
0.47227442,0.68303496
-0.87532413,0.3903853
-0.877493,0.369711
0.78726274,-0.43553844
-0.694612,0.46703735
0.42290065,0.7069386
0.8662717,-0.27889392
0.8141333,-0.38793984
0.8514321,-0.3199754
-0.81322545,0.44388586
-0.8743896,0.38387218
0.86877805,-0.2709582
-0.87613577,0.3890544
0.8546495,-0.30670193
-0.86668783,0.33246607
-0.86772066,0.3917472
0.4745556,0.68599063
0.81140035,-0.39464286
0.86480933,-0.282416
-0.8700389,0.31599727
0.56351465,0.5556911
0.8498213,-0.32048556
0.8076094,-0.40457278
-0.83013713,0.2989209
-0.8743216,0.35768536
-0.735441,0.48154944
0.40180543,0.7141286
-0.6767559,0.5130962
0.8384281,-0.3479724
0.4638708,0.69034487
0.86481875,-0.27506626
0.8589972,-0.2975478
-0.66481185,0.5116754
0.56124026,0.5914632
-0.6785635,0.49286664
-0.86495745,0.29967323
-0.7346053,0.47799227
-0.81279564,0.44047824
0.8595743,-0.29862535
0.7611555,-0.07897111
-0.25323674,0.63385713
-0.8380918,0.40951273
-0.72055393,0.4462408
-0.863003,0.31142074
-0.7948999,0.43479264
0.864133,-0.28037924
-0.47755682,0.579099
0.8564526,-0.30619735
-0.8768316,0.38309327
-0.8748783,0.38522086
-0.6877653,0.5008253
0.486267,0.67696345
0.7752142,-0.44452095
0.8191931,-0.38353327
0.85582477,-0.30285037
-0.63845223,0.54933655
-0.6293859,0.3997639
0.8571785,-0.3074918
0.43464214,0.7054054
-0.8757261,0.3882118
-0.78482836,0.46780446
0.8559779,-0.30127174
-0.8657562,0.32051834
-0.72193193,0.44705278
0.82779425,-0.36896354
0.38549724,0.71840763
0.8021375,-0.4103743
-0.8615172,0.33415112
0.8558072,-0.30918568
0.76913154,-0.46445158
-0.83731395,0.3876082
-0.8773289,0.38490418
0.7664706,-0.46970746
0.46550775,0.6829054
-0.8776137,0.38128307
0.86680144,-0.27717647
-0.76019734,0.47155628
0.40454856,0.718231
-0.84620124,0.40878227
0.8635239,-0.28833717
-0.8738853,0.3770815
-0.6192275,0.51266795
0.8168303,-0.3877823
-0.86825776,0.3058938
-0.7803765,0.46000782
0.4376688,0.7080712
-0.87273663,0.38616642
-0.87484103,0.33132
-0.37034255,0.6236881
-0.87744915,0.38736337
0.84200615,-0.34076437
0.78837967,-0.4298873
-0.78116107,0.34549543
-0.86656743,0.390165
-0.8697699,0.29944724
0.77970445,-0.44655532
-0.8668156,0.3141249
-0.8708713,0.31798
-0.8777867,0.37950248
0.49319577,0.6634724
0.543793,0.6071568
-0.87463504,0.29868203
0.78237855,-0.4419862
-0.85763705,0.288651
-0.8573713,0.31200215
-0.8556186,0.35119486
0.86307055,-0.28626105
0.85977876,-0.2956838
0.8509228,-0.3137477
-0.83948714,0.4190179
0.85515344,-0.30987158
0.85781145,-0.29805595
0.7874657,-0.43469486
0.80705583,-0.40238947
-0.6637427,0.50553834
0.45185706,0.70294076
-0.60404754,0.51631397
-0.68209416,0.48486787
-0.6643152,0.5233337
-0.71494603,0.44349524
-0.877643,0.3220395
0.85867685,-0.30623713
-0.34356278,0.5869174
0.857416,-0.3005671
0.48063466,0.6791418
0.5058793,0.6580168
-0.87738776,0.38285428
-0.42362246,0.6318718
0.7703112,-0.45910347
0.119933866,0.6967749
0.50375926,0.6535183
0.7712434,-0.4571121
-0.68155575,0.51722646
-0.8778332,0.3537529
0.37984183,0.7230741
-0.68159574,0.3560974
-0.74768025,0.45975316
0.80839723,-0.40156645
-0.6935097,0.48458236
0.3349948,0.7244119
-0.7619702,0.40312806
0.39048892,0.7259187
0.7688329,-0.46232548
-0.6668653,0.53143877
0.86425835,-0.2886631
-0.7543892,0.4472961
-0.8775402,0.38222092
0.35201696,0.72902304
0.80391103,-0.406816
-0.85626954,0.402498
0.76791006,-0.4623978
-0.66270685,0.49401492
0.7979745,-0.42203367
-0.6026447,0.47909346
-0.8764236,0.38301718
0.85761416,-0.3055556
-0.86892086,0.31962955
-0.8689199,0.30707625
0.77930254,-0.4463279
-0.8739817,0.35134786
-0.67312187,0.5151042
0.8662892,-0.19611742
0.86257535,-0.2870907
0.8033678,-0.4082643
0.48467243,0.6749922
-0.8580223,0.39645147
0.8507702,-0.31848377
-0.6807582,0.46833727
0.8024687,-0.4098981
0.85625803,-0.30549565
0.34372717,0.7082561
-0.7794649,0.45699248
-0.80703,0.43235692
0.80054665,-0.41572812
0.49989873,0.666685
0.44070995,0.70754504
0.85347444,-0.31391954
0.8276939,-0.36373687
0.3464414,0.7192877
-0.8739018,0.3838616
-0.74546164,0.48769996
-0.7545999,0.46054778
0.4472516,0.7031784
-0.80733776,0.42703667
0.50592864,0.6567277
-0.6575569,0.5226341
0.41744384,0.71485484
0.8606724,-0.29586977
0.39211118,0.726773
0.86101705,-0.28993666
0.8558636,-0.29570988
0.4726219,0.68747604
0.87331265,-0.25345248
0.352543,0.73444575
-0.8362309,0.35434797
-0.8627256,0.2844601
-0.87765634,0.37896445
-0.8738463,0.30220962
0.3916386,0.7282138
-0.87559193,0.38259685
-0.7785586,0.45702597
-0.83601373,0.3655522
0.8622201,-0.2840213
0.42014635,0.7201884
-0.87157303,0.3411052
0.77026385,-0.46015564
-0.6500708,0.5395124
0.86062557,-0.2953076
0.7996258,-0.40871814
-0.73380554,0.3842453
0.286534,0.72540444
-0.84243006,0.29855767
-0.6637259,0.4988869
0.77433294,-0.4552736
-0.63265973,0.53005993
-0.8685776,0.39839956
-0.75954974,0.3731307
-0.7886447,0.47066793
0.7701747,-0.46287847
0.47206223,0.68381894
0.084711656,0.7046816
0.77240896,-0.4571187
0.8588464,-0.30207235
0.45953116,0.6966603
-0.63745564,0.521807
-0.867353,0.30272084
-0.7788788,0.46526903
0.8400238,-0.33940792
-0.78387284,0.38443258
0.7678608,-0.46533853
-0.7184394,0.4449512
0.86245173,-0.28846318
0.8624225,-0.2850692
-0.87723,0.37546888
0.550846,0.6091873
-0.772861,0.4416451
0.777856,-0.44753292
-0.8440932,0.42170313
0.865635,-0.28011158
0.8501599,-0.31273922
0.45260844,0.700443
0.5113813,0.65066
-0.87744737,0.3803945
0.78012794,-0.44457534
-0.67169636,0.51681465
-0.65705246,0.5165817
0.32454392,0.71161395
-0.6692361,0.45843
-0.86668843,0.30002287
0.46582848,0.68719745
0.50938606,0.6509141
-0.6828484,0.52525353
-0.75272286,0.45131508
-0.83086044,0.36886844
0.83780664,-0.3465642
-0.8496173,0.35289243
-0.83389384,0.4155938
0.76917076,-0.4609618
-0.8224541,0.40069312
-0.87390876,0.33667496
-0.8727792,0.3440358
0.7671101,-0.46694475
0.42419267,0.7098012
-0.32818726,0.62217605
-0.67218214,0.482445
-0.6775705,0.51797247
-0.84737563,0.38690212
0.8535958,-0.30784538
0.85585105,-0.3033828
0.8617745,-0.29037213
0.5693083,0.57207364
-0.86384976,0.3231749
-0.8706081,0.38688225
0.86285114,-0.28543165
0.21177137,0.6871194
-0.823334,0.27891776
-0.84897196,0.41340992
0.8709233,-0.2538708
-0.66842663,0.43893364
0.8350346,-0.35093248
0.84666216,-0.17248212
-0.7989459,0.43093646
0.8678771,-0.25964144
0.8101307,-0.39636382
0.84982914,-0.32552627
0.86144537,-0.28713548
0.84745455,-0.3273214
-0.81751674,0.41744345
-0.4138666,0.6055734
0.39311174,0.72773755
0.56689495,0.5762471
-0.7780779,0.38290182
-0.6939681,0.4758683
0.86161816,-0.2890797
-0.8278648,0.42212638
-0.8773071,0.38768166
0.26889968,0.724219
-0.75275224,0.4867072
0.8617848,-0.20075406
0.48757932,0.6747567
-0.87639517,0.38391167
-0.8765842,0.38679987
0.76889217,-0.46370018
-0.74044406,0.45259807
-0.8232014,0.41636154
0.8552778,-0.3070954
-0.8737641,0.32073036
-0.8755158,0.38817495
0.33437765,0.69514704
0.4478737,0.70627
0.7975317,-0.41631976
-0.85423476,0.29273352
0.767289,-0.46270123
-0.85394394,0.36919704
0.5698095,0.59870195
0.8596192,-0.21950507
-0.8657536,0.33306494
-0.87607586,0.38452408
-0.876015,0.38694334
-0.8323222,0.28558418
0.85537577,-0.12114459
-0.85800797,0.31635267
-0.6642708,0.531563
-0.8074764,0.41132787
-0.85231596,0.2900277
0.23165615,0.7064896
0.24469846,0.6801259
-0.8354157,0.34404516
-0.46534964,0.5836371
-0.57211894,0.49903908
-0.73244476,0.47930384
-0.8727064,0.39440063
-0.8779467,0.38379773
-0.84765536,0.32651368
-0.67229337,0.50404745
0.84584427,-0.056926705
0.8636561,-0.28455848
-0.34587345,0.60955316
0.86659867,-0.26258302
0.8398441,-0.34491307
0.86020803,-0.30072185
-0.8740764,0.3774527
-0.85908985,0.3431997
0.8096436,-0.3913307
0.847501,-0.32949808
-0.85484374,0.32963556
0.7779159,-0.44826677
0.7730233,-0.4540015
-0.87244767,0.31395927
0.7848425,0.14366817
-0.8664783,0.30719146
0.5415553,0.6126964
-0.65674096,0.5379448
-0.87662864,0.38628906
0.47604218,0.68444806
-0.66822946,0.521798
0.8660966,-0.27547207
-0.8557339,0.37526545
0.84131193,-0.33801484
0.8643897,-0.28840992
0.8494415,-0.32114798
-0.48011923,0.5992674
0.8688065,-0.182635
0.8464163,-0.32923904
-0.87631446,0.37085068
0.39296302,0.7060225
0.77190375,-0.4576069
-0.73095405,0.48969418
-0.66201824,0.4316784
-0.8622107,0.30030617
0.43101493,0.7088932
0.8131169,-0.39462656
-0.87471807,0.32400107
-0.8779918,0.37281284
-0.8766756,0.38494736
0.39859876,0.72010505
-0.78210217,0.4517348
-0.6842864,0.5032123
0.7780669,-0.4460021
0.16770913,0.6582821
0.5369615,0.62298065
-0.872467,0.3870907
-0.8781604,0.38445598
0.47924802,0.6837205
0.28585988,0.72457874
0.85690963,-0.29666522
0.78916186,0.1534678
-0.8699904,0.317385
-0.6619222,0.53783834
0.8580607,-0.2995246
0.78151846,-0.44384295
-0.8765199,0.38523462
-0.86582613,0.31288496
-0.8771948,0.38503763
0.8561982,-0.30628407
0.8652594,-0.27821353
0.863301,-0.28926548
0.50924474,0.585741
-0.67589223,0.5255963
0.41416863,0.7140565
0.8660758,-0.2322765
0.48304027,0.6709939
-0.6676106,0.51678795
0.8309278,-0.36085033
0.44805893,0.69821286
0.8518027,-0.31922704
0.4636146,0.68943596
0.77907443,-0.44506732
-0.87519217,0.38172632
0.8577391,-0.29965568
0.27495643,0.6977324
0.36005163,0.7321672
-0.8469839,0.33876196
0.86863846,-0.20483546
0.45261207,0.7005256
0.79942805,0.07366556
-0.87680084,0.38629043
0.46285892,0.6928698
-0.0049293665,0.6692415
-0.87755644,0.38559812
-0.8424134,0.27518597
-0.8656214,0.4004248
0.2640681,0.72015417
-0.8661242,0.2930544
-0.6661493,0.52642566
0.8080427,-0.40165463
0.8662196,-0.27101097
0.86057955,-0.299533
0.82589304,-0.3668368
-0.86667746,0.37663448
0.52446544,0.64024335
0.56627643,0.5823754
-0.87808776,0.38379687
-0.8703001,0.30098188
0.8616525,-0.2931566
-0.79845136,0.38180533
-0.6726927,0.43180352
0.85616744,-0.30056342
-0.6655009,0.49610826
-0.8768977,0.38701904
0.82857084,-0.36467317
-0.8535538,0.3178826
-0.8509279,0.40812507
-0.6862706,0.41842702
-0.8500702,0.392969
0.35351354,0.72425854
0.44897476,0.6998637
-0.8706513,0.36930215
-0.74345034,0.44560426
0.83309793,-0.3555518
-0.8377857,0.36405218
0.7915481,-0.42866307
0.8544102,-0.3068214
0.8563443,-0.29431468
0.866671,-0.26401255
-0.8545624,0.2801013
0.77625906,-0.4507308
0.81185055,-0.3950043
-0.67222786,0.5172927
-0.8009214,0.34123057
0.7960914,-0.41459328
0.7730976,-0.45784694
0.36006656,0.71106106
-0.86947,0.35648277
0.85747635,-0.30324972
0.5553806,0.59641606
0.77638215,-0.44937488
-0.8711889,0.31771323
0.43087474,0.70770866
0.42701823,0.71444076
0.8720382,-0.26230195
0.8547939,-0.31130636
-0.87586284,0.38683215
-0.8453982,0.41904372
0.40887874,0.71343035
-0.69168866,0.50890064
-0.116202176,0.6799492
-0.8709757,0.39323148
0.83576244,-0.3300349
-0.6975553,0.5129646
-0.8767944,0.38208407
-0.87497365,0.33402675
0.4590167,0.695685
-0.8754798,0.3846503
0.7768737,-0.45097682
0.45255676,0.70094997
0.84412986,-0.33092508
0.8627917,-0.28676426
0.7807822,-0.4448748
-0.60210466,0.47667783
0.8623124,-0.2885268
-0.7214559,0.50367916
-0.8159711,0.3005622
0.84953576,-0.31993622
0.772986,-0.45788875
0.86357933,-0.29272392
0.8278736,-0.36495313
0.4317929,0.7118194
0.26570028,0.71721554
-0.8233136,0.3090932
-0.87567234,0.38438603
0.3704232,0.7306747
0.7736825,-0.45801482
0.86989206,-0.24522795
0.80978245,-0.39543957
-0.8753779,0.3816326
-0.8378332,0.41181996
0.85566187,-0.3069743
-0.6573131,0.51816374
-0.6749094,0.52739483
-0.87675303,0.38566828
-0.87624884,0.3881599
0.24648596,0.7260094
-0.8590833,0.30048162
-0.8712265,0.28353557
0.77212715,-0.4588465
0.8569771,-0.30830517
-0.81996375,0.42947224
-0.8744083,0.3832832
-0.85475266,0.3156675
-0.8413991,0.33214778
0.4600021,0.6947328
0.8438743,-0.33767495
0.62448007,0.49045345
0.44103274,0.6960841
0.8622519,-0.29370147
-0.86686414,0.30722025
-0.82860976,0.2950034
0.17757489,0.67425776
0.7704356,-0.45935258
-0.6808949,0.5203099
0.44472012,0.70581836
-0.862324,0.3687439
-0.84474516,0.31492266
0.442084,0.7090099
-0.8753692,0.38363713
-0.8671194,0.2965576
-0.7285563,0.41280645
-0.876429,0.38860485
0.8323956,0.010839121
0.8423571,-0.3394398
0.76922894,-0.46360725
0.4345482,0.7126251
0.85401213,-0.3106637
0.48497307,0.6737232
0.5401869,0.6147706
0.81001025,-0.39879015
-0.87742496,0.3870417
0.86771286,-0.27023768
-0.8633389,0.38098153
-0.673038,0.518568
-0.8602207,0.31357726
0.8699777,-0.2625842
0.37045026,0.73111063
0.22717722,0.7165773
0.32382628,0.72926825
0.85965633,-0.2923886
-0.8762486,0.32446527
-0.6904134,0.49969527
0.26631442,0.7321864
-0.8777209,0.38226476
0.34612408,0.7266075
-0.86618423,0.33662692
0.8468872,-0.33175552
-0.8768379,0.3856163
-0.8771129,0.38526565
0.47257766,0.68807775
0.31825772,0.7218356
-0.67136073,0.53855234
0.42711356,0.71366245
-0.8681417,0.3103611
-0.7567466,0.48518068
0.85902727,-0.3036499
-0.6680322,0.51794887
0.41785407,0.7192165
-0.72789794,0.37277228
-0.21629655,0.6429224
0.8527448,-0.3142075
-0.8680118,0.35841206
-0.8653122,0.30425346
0.7743783,-0.45327905
0.8690658,-0.2680876
0.76786244,-0.4639957
0.8652757,-0.2650597
0.77137,-0.45955643
0.4530754,0.6966611
0.60034823,0.49163318
0.4584939,0.69398135
0.4893076,0.6724864
-0.7582259,0.36402693
-0.6896524,0.50986046
0.55294263,0.59374034
-0.711093,0.4423049
0.3703538,0.72906446
-0.872871,0.31058073
-0.67922246,0.41934115
0.8602546,-0.29670793
0.85798997,-0.29911125
-0.85051817,0.4071094
-0.8564961,0.40003926
-0.8087652,0.4051148
-0.8554326,0.3775283
0.7784935,0.18299733
-0.6947996,0.40118593
-0.85149276,0.38853717
-0.6828391,0.5101176
0.8683384,-0.27328852
-0.87526625,0.38732776
-0.8628001,0.30413568
0.86868197,-0.24149077
-0.8756104,0.3882691
-0.7980273,0.448262
0.5348347,0.625686
-0.8501228,0.39748707
0.4130011,0.7203675
0.59022033,0.5548785
0.86921334,-0.26843593
0.17728153,0.7124772
0.85762346,-0.30337226
0.8689771,-0.25102648
0.35393804,0.73818904
0.83029693,-0.35502636
-0.70337445,0.50056875
0.46953765,0.6896097
0.77664834,-0.44701508
-0.8679589,0.30044132
0.5939156,0.51126814
0.43340638,0.7158637
-0.64680845,0.52093554
0.62789214,0.44501713
-0.8522427,0.2670989
0.87060076,-0.2390631
0.7771565,-0.4460068
0.3306966,0.73447335
-0.8436623,0.37951788
-0.8403466,0.4036754
0.5502212,0.609514
0.81907874,-0.38185477
-0.8708501,0.30266073
-0.7425856,0.46231163
0.8500078,-0.32108885
0.85806066,-0.2988935
0.86478937,-0.2806546
0.77282727,-0.45347768
0.6069988,0.5020844
0.86190236,-0.28929618
0.84588355,-0.32743397
-0.6877968,0.52190435
-0.73616916,0.43762782
-0.6551964,0.49739733
0.44830737,0.6999422
0.05492358,0.62880963
-0.8684312,0.30476087
0.78196746,-0.44432303
-0.87140596,0.30721724
-0.6093152,0.5180617
-0.8775524,0.38629085
0.4966469,0.6645214
-0.43054926,0.578049
0.8588957,-0.3018095
-0.6030018,0.37530434
0.82623154,-0.3695637
-0.80536777,0.43438324
0.86427915,-0.2837847
-0.87478137,0.3653435
0.43018952,0.7036977
-0.865405,0.2938237
0.8587813,-0.2956388
0.84720886,-0.11043788
-0.6741366,0.5122764
0.14500871,0.7008765
-0.23114534,0.45526448
-0.875655,0.38635096
-0.79991126,0.43972656
-0.8696541,0.33655143
0.26484233,0.69109726
0.35337707,0.7144258
0.7696569,-0.46085697
0.7963131,-0.4154953
-0.6881917,0.3909335
0.86071295,-0.2953288
0.5039732,0.65540487
0.39634654,0.7194113
-0.8435467,0.39860895
0.79419124,-0.42237318
-0.52120405,0.5538699
-0.87902504,0.37811965
0.8554036,-0.30897486
0.38111848,0.7041229
0.8639634,-0.2862408
-0.8690943,0.3163158
-0.7493984,0.48842338
0.302903,0.73104775
0.53396684,0.61752635
0.86398613,-0.27265382
-0.8643873,0.3010575
-0.7008212,0.45571738
0.8038958,-0.40219632
0.45490807,0.7001867
-0.86114526,0.310015
-0.6598984,0.5196078
0.5220828,0.637264
-0.85168463,0.3625281
-0.85068953,0.28217575
-0.8592139,0.29081264
0.56973237,0.5744076
0.8744956,-0.2380483
0.77565074,-0.45426273
-0.7542819,0.46930853
-0.7006078,0.5024386
-0.87681013,0.38440922
0.8562954,-0.30726838
-0.78777623,0.39084896
0.46465778,0.6923493
-0.87379414,0.39037076
0.80642223,-0.40408424
0.8663567,-0.22922279
0.8641184,-0.2676333
0.44814682,0.70508116
-0.65035695,0.5139343
0.4241236,0.7098361
0.5713706,0.58131135
0.5309413,0.6305007
-0.67464095,0.5082732
0.48349184,0.6796655
0.86479443,-0.2840146
0.845792,-0.32771665
0.8005105,-0.41345653
0.85855,-0.29093483
0.6308656,0.45206943
-0.8691667,0.31579208
0.5182237,0.64770263
0.47813922,0.68006414
0.86038005,-0.2938629
-0.58449125,0.5404141
-0.85501206,0.3308263
0.77013737,-0.46026814
0.3577837,0.7287685
0.8535971,-0.3143576
0.7698012,-0.45974386
-0.7630725,0.4456115
0.7592076,-0.3780442
-0.6573844,0.5279096
0.7782151,-0.4464938
-0.856309,0.34187406
-0.86984986,0.2982355
0.8346413,-0.35248765
0.44190195,0.70439327
0.77225,-0.45932847
0.11336276,0.6136206
0.77363557,-0.45550016
0.2767704,0.7365943
0.44066522,0.70963496
0.86256874,-0.26560912
0.790633,-0.42316085
0.7786071,0.0998199
-0.6740072,0.4276053
-0.67076606,0.48001686
-0.6265024,0.50917214
-0.8120321,0.42824912
-0.65880436,0.5191201
0.41457188,0.71668583
-0.6679382,0.50378805
0.85774016,-0.3051402
-0.87133557,0.37414435
0.86388046,-0.2842415
0.39298648,0.72835296
0.38106486,0.72172743
0.78752893,-0.43358833
0.77884835,-0.44736516
-0.6550244,0.5322983
0.7672162,-0.46452603
-0.86321974,0.3076798
0.8638744,-0.2704731
-0.8005131,0.45664477
-0.63773817,0.49752924
0.82849866,-0.36418483
0.8694333,-0.23838833
0.85880464,-0.30039278
0.5552816,0.59439546
0.85486794,-0.30608246
-0.8658667,0.30258393
-0.87484384,0.3860616
-0.8301905,0.29712945
-0.7845005,0.37377873
0.40893304,0.72157586
-0.67944205,0.5173526
-0.83707654,0.2676506
0.8676633,-0.2738916
0.39663777,0.7204278
0.39563274,0.719057
-0.79074377,0.4527462
0.4353383,0.7124785
-0.87361646,0.38633838
0.8035126,-0.4071851
0.87100756,-0.20852675
0.855511,-0.30680352
0.53602415,0.62528247
0.868126,-0.2657621
0.39023215,0.7306765
0.46855593,0.68649566
-0.8775699,0.366679
-0.8764329,0.38392875
-0.87662286,0.38656232
0.22785456,0.71169525
-0.85129523,0.40252095
-0.7794076,0.4058243
0.29527432,0.71830565
-0.82390237,0.37149796
0.8407594,-0.33707163
-0.86498016,0.2858813
0.46660894,0.68422
0.7729466,-0.4579383
-0.8701245,0.30369353
0.858956,-0.29979658
0.21574743,0.6770552
0.8539548,-0.31517527
-0.75491804,0.31222132
0.19972841,0.7238915
-0.870846,0.3810404
-0.8526198,0.32855877
-0.86944973,0.31466192
0.4688989,0.68557805
0.8608208,-0.28950182
0.43256447,0.709966
0.85986817,-0.295396
-0.87748605,0.38562128
-0.6039576,0.531644
0.31816688,0.7262559
-0.6861444,0.5165835
0.7969262,-0.41903162
0.79050493,-0.42665458
0.7766843,-0.44940683
0.826985,-0.3680141
0.4361533,0.70376843
-0.8255025,0.32232592
-0.5939754,0.42707163
-0.8698866,0.38308203
0.8596157,-0.29845852
-0.8778572,0.38556975
0.86425,-0.28744122
-0.8079552,0.4353318
-0.64269006,0.53422374
-0.8683538,0.30198866
0.54183316,0.6194343
-0.6343405,0.52622706
-0.69430006,0.50866735
0.86920446,-0.2648755
-0.87277925,0.3945061
-0.8494635,0.34686434
-0.6542363,0.52841
-0.8693678,0.3050631
-0.8765156,0.38463247
0.47634858,0.6811947
0.7854128,-0.43220666
0.8563888,-0.3059894
-0.7024663,0.4994175
0.42352617,0.7183501
-0.73939824,0.4338774
-0.876962,0.38511586
-0.6894321,0.51438683
-0.87439895,0.38809356
-0.6964417,0.48985505
-0.8257082,0.33474928
-0.7751951,0.4588697
-0.87401456,0.34959212
-0.87598264,0.38466352
-0.87684506,0.39076355
-0.86378187,0.29887813
-0.8694691,0.30884472
-0.8701837,0.30232623
0.7990243,-0.4139396
0.4579701,0.6995447
0.50389034,0.6598668
-0.6514272,0.53505224
0.78718585,-0.4303222
-0.86380017,0.28934893
-0.648512,0.51621485
-0.66678375,0.5264764
0.871742,-0.25146285
0.83820844,-0.3449997
-0.86579835,0.36060226
0.42252162,0.71804076
0.80524784,-0.40227458
0.8630325,-0.2788318
0.56112236,0.591711
0.86487615,-0.26541018
0.4395748,0.71054596
-0.8772657,0.38163105
0.85460323,-0.3101779
0.83032024,-0.36665264
0.40563563,0.7128086
-0.82669216,0.43500224
-0.85891145,0.39666498
0.86396223,-0.2809256
-0.87271047,0.3122282
0.80086106,-0.40707842
-0.86642045,0.31180573
0.3515711,0.7306237
0.8617046,-0.27637145
0.873475,-0.2559239
-0.8675101,0.29052457
-0.7526723,0.47567877
-0.86056435,0.37078187
-0.85094553,0.2932827
0.7107418,0.23290497
0.8588259,-0.29854536
-0.8439575,0.35218477
0.7785597,-0.4483103
-0.8731962,0.3119237
-0.857264,0.28902072
0.8669644,-0.272792
0.86159265,-0.29359013
0.45595202,0.6987404
-0.8567409,0.31350043
-0.61328655,0.543711
0.4750267,0.679905
-0.804763,0.41996112
0.103910446,0.6898376
0.85894436,-0.29007864
-0.86659,0.3298122
-0.8444663,0.28281102
-0.8708763,0.34157488
0.570555,0.5669517
-0.8170953,0.28324828
-0.87202996,0.3093913
-0.8604041,0.27531105
-0.8775778,0.38402987
-0.8758315,0.3829934
-0.85810816,0.30107772
0.5340085,0.62754333
-0.87598085,0.38890725
0.39268228,0.71926135
0.40824595,0.7203458
0.80411416,-0.40587634
0.43223453,0.7118874
0.8442602,-0.32924107
0.8649487,-0.28858873
-0.7098196,0.49700117
-0.6787001,0.4929983
-0.87420934,0.38778135
-0.8760612,0.38714296
0.80313975,-0.4044482
-0.8172043,0.42945936
-0.6673931,0.5243211
0.8583386,-0.29919568
0.36079478,0.7357277
0.85119534,-0.31239596
-0.8515657,0.27279186
-0.851447,0.29240978
-0.6939317,0.3975426
0.84858155,-0.32545924
-0.87716603,0.38488755
-0.8124066,0.4421839
-0.667703,0.5172491
-0.8257261,0.42825714
-0.84135735,0.37830392
0.77610785,-0.4505582
-0.8682989,0.31303746
0.8605433,-0.29499346
-0.6060097,0.4364915
-0.8671792,0.31331342
0.38400534,0.72184396
0.78380203,-0.43511596
0.81487113,-0.38979238
-0.830348,0.28595942
0.48300317,0.67153174
0.86258215,-0.29249644
-0.86631227,0.30499953
0.8564657,-0.30688447
0.87011373,-0.25234818
-0.8594286,0.31823242
0.31547162,0.72946966
-0.7095198,0.505223
0.30108747,0.72213215
0.8673943,-0.15242311
-0.8738317,0.3916353
0.8187558,-0.3833472
-0.6895497,0.4733616
0.85787225,-0.296865
-0.86078113,0.33298075
0.25059366,0.6723162
0.39622384,0.7237933
-0.83369136,0.4232387
0.37008634,0.73347175
0.8217334,-0.37471628
0.84812254,-0.3113361
0.47456634,0.6829635
0.7692596,-0.46032497
-0.8339786,0.4144602
0.3852988,0.724474
0.44857413,0.704991
0.79256546,-0.42109528
-0.8746665,0.38374063
-0.8599985,0.2867394
0.85510325,-0.30744356
0.86228895,-0.29272532
0.7727131,-0.4558675
0.8657781,-0.26978895
0.31252548,0.7160139
0.46976456,0.6880924
-0.7554833,0.47664562
0.84019375,-0.34341222
0.5129671,0.6522128
-0.8380956,0.40862495
0.8604463,-0.29466385
0.8467005,-0.32829905
0.46718207,0.69044966
-0.8221286,0.43151176
-0.8765689,0.3841094
-0.82224137,0.37281448
0.85932606,-0.29878104
0.44444898,0.70774794
0.8639615,-0.286951
-0.8753876,0.3811707
-0.875882,0.38579357
-0.8065464,0.43936768
0.77528787,-0.45317122
-0.8765082,0.38028175
-0.6821686,0.51656306
0.36065266,0.70786667
-0.86971873,0.3132006
0.87158185,-0.24935997
-0.6582517,0.5371844
-0.8759158,0.3910266
0.8634587,-0.28442848
-0.8637086,0.31398743
0.30782592,0.72223383
-0.87451476,0.38773894
-0.8739769,0.38237825
0.8479057,-0.32005602
-0.80868274,0.28533074
0.8599415,-0.3009929
0.46546242,0.6893702
0.3722022,0.7038991
-0.69952035,0.5090762
-0.8742446,0.38606012
0.570932,0.5804418
-0.86554426,0.30217344
-0.7778102,0.30311114
0.42871952,0.70843846
0.8627951,-0.28774843
-0.7496822,0.39718467
0.8701588,-0.26595998
-0.8498991,0.3049281
-0.73179793,0.44188225
0.77028084,-0.46195215
0.7750714,-0.45199767
-0.8735457,0.37433764
-0.86360687,0.34603366
0.8586432,-0.30443093
0.86356133,-0.28449893
0.84741205,-0.32585466
-0.8768941,0.38260046
-0.8698234,0.31773272
0.86560476,-0.277002
-0.67844635,0.4789717
0.86623096,-0.26683578
0.76807016,-0.46525958
-0.65685725,0.5325103
0.7725107,-0.45608512
-0.87744397,0.3886918
0.42424202,0.7036259
0.7709767,-0.46025974
-0.66979235,0.5209045
-0.6771202,0.50645167
-0.8661396,0.29418683
-0.8596988,0.30416253
-0.66332823,0.5125053
-0.45964167,0.5936668
0.4879238,0.67484635
0.54051024,0.6184545
0.4404374,0.7064282
0.4241403,0.7148797
-0.6570452,0.5318326
0.8521676,-0.31339902
0.36457178,0.7274881
-0.87698054,0.38577136
0.85104203,-0.31693232
0.49334434,0.6693296
0.84531295,-0.33719656
-0.60540116,0.5469973
-0.8545026,0.4145861
-0.6796557,0.4976752
0.86725825,-0.25257277
0.8602014,-0.29548272
-0.7813229,0.42004728
-0.87446785,0.3861486
0.7661137,-0.46719897
-0.67933136,0.45986336
-0.84660405,0.41566715
-0.8783368,0.38596874
0.5888951,0.5437695
0.7652493,-0.46662074
0.8547116,-0.3065739
0.85849565,-0.28893277
-0.85688734,0.27899358
-0.83110183,0.41847953
0.7698185,-0.4597401
-0.7226853,0.5010074
-0.87616664,0.38813716
0.44727203,0.70568955
0.44487235,0.7009453
-0.87683344,0.3824237
-0.6635205,0.5214193
-0.8707663,0.34102848
0.48197174,0.6808988
0.7734716,-0.4575276
-0.67769253,0.5006254
0.5865867,0.54042715
0.36200172,0.7290731
0.8346439,-0.35500464
0.364497,0.7274134
0.39445335,0.72381413
0.8656167,-0.27920845
0.7681825,-0.45871845
0.8624313,-0.2841629
-0.5822167,0.518688
-0.7352756,0.47937176
-0.8543026,0.29144835
0.86389154,-0.2881466
-0.8712474,0.3918691
-0.83772504,0.35231498
0.54909647,0.5946997
-0.87670356,0.38183329
0.86132807,-0.29777756
0.78967124,-0.43202117
0.5985898,0.49960586
-0.87366086,0.32626522
-0.76678693,0.45289963
-0.8577535,0.32946342
0.4237594,0.71257037
0.8736847,-0.2547947
-0.87244356,0.37672642
0.46317998,0.6935378
-0.85746855,0.35540128
0.16844942,0.73764944
-0.63336027,0.52512527
-0.8760045,0.38546732
-0.87775326,0.38550293
0.77469695,-0.45583978
0.8500654,-0.31208855
-0.68993294,0.39075124
-0.87817633,0.34280849
0.81621575,0.036715686
0.8633541,-0.28741193
-0.6043944,0.3872459
-0.67236763,0.52199143
-0.87696046,0.38618472
-0.4238212,0.44939056
0.8511715,-0.3125348
-0.84208524,0.31700063
-0.87253475,0.32906443
-0.85361844,0.2797189
-0.681961,0.46363857
0.4166921,0.7133443
-0.7910572,0.34341
0.8646802,-0.28008375
-0.6755493,0.51225007
0.40637758,0.7261665
0.86128515,-0.28230083
-0.876583,0.3858
-0.74066436,0.48212683
0.3501824,0.7316305
0.7766024,-0.45116434
-0.87349176,0.29967383
-0.8442223,0.26917112
-0.87489593,0.38394904
0.8633792,-0.28576797
0.5239786,0.6350173
0.85741735,-0.3069867
-0.41328847,0.602805
0.3473957,0.7277573
-0.7872782,0.4057815
0.82562345,-0.3718314
-0.8719262,0.32001278
0.47705975,0.6788508
0.55470985,0.5983999
-0.87200624,0.38136727
-0.67071104,0.47752562
-0.7067982,0.43286404
-0.474878,0.58440953
0.8401159,-0.34296304
-0.5679094,0.53596485
0.43393704,0.7118261
0.38963836,0.7036615
0.7701378,-0.45952523
-0.8611438,0.3027355
-0.868626,0.31686953
0.8606284,-0.29442054
-0.8535724,0.28416649
-0.81321174,0.41003147
0.7745669,-0.4535352
-0.6724766,0.50853705
-0.8788628,0.38136658
-0.8166142,0.439721
-0.86092275,0.31112543
-0.13045101,0.68064314
-0.8568552,0.29551923
0.79119295,-0.429998
0.32876083,0.72869855
-0.87583935,0.38757834
0.7675124,-0.46859193
-0.8536817,0.35843727
-0.820945,0.34393704
0.8557627,-0.30644166
-0.69707143,0.50387025
0.8588304,-0.30092883
-0.85238975,0.40507776
0.7718315,-0.45899203
-0.7020675,0.47382295
0.7690188,-0.46374458
0.86429685,-0.2847419
0.8649502,-0.23270096
0.8095534,0.08507434
0.793225,-0.42206523
0.7865181,-0.43458134
0.6074669,0.48984426
0.24887301,0.7150143
-0.6596287,0.5095743
0.87062913,-0.25778964
0.7640721,0.18800841
0.45714992,0.69554114
0.86742115,-0.2811894
-0.64354557,0.53710085
-0.8012508,0.44995868
0.8580046,-0.30238134
0.43820342,0.7011712
-0.60589725,0.35973835
0.86382085,-0.28436962
0.8622289,-0.28983092
0.47444466,0.6817136
0.85856,-0.30446726
-0.8528534,0.4185029
-0.8487158,0.34497926
0.8374253,-0.34544063
-0.67655873,0.46815988
0.5318781,0.62934554
-0.8055173,0.45118725
0.7784708,-0.44879934
-0.8595186,0.28974092
0.85370404,-0.31089956
-0.7747257,0.41021895
0.8646317,-0.26015994
0.5259964,0.6351143
-0.60111034,0.52465683
0.34245902,0.7281804
-0.6083368,0.5376053
-0.67385894,0.4943604
-0.69327474,0.44584385
0.77687645,-0.44914013
-0.7487497,0.48519427
0.8534451,-0.3086584
-0.8617587,0.35088453
-0.79016984,0.42813894
0.8353317,-0.35257095
-0.8219252,0.27669472
0.86793715,-0.26518065
0.3508951,0.72686845
0.40141413,0.71048653
-0.6243868,0.54684865
0.30042642,0.71645015
0.44916177,0.70514435
-0.87033504,0.3880651
-0.6715922,0.52172744
0.7840921,-0.4202445
0.4832821,0.6769522
0.8480852,-0.08776219
-0.8649237,0.31729323
-0.87283885,0.3566348
-0.77646655,0.40953684
0.86936444,-0.24822834
0.7879493,-0.42354897
-0.8779473,0.368666
-0.6405043,0.51669693
-0.8648279,0.2998986
-0.8218517,0.4358697
0.85954225,-0.30238318
0.46580443,0.6928032
0.8498558,-0.3210081
0.462214,0.69395095
-0.87143594,0.39340127
0.31858996,0.71686006
-0.86760443,0.3022412
-0.8572864,0.3117872
0.38007256,0.71166134
0.38006306,0.72600543
0.86261505,-0.28715158
0.80199265,-0.41109514
0.8630639,-0.2714029
0.86973536,-0.27135113
0.8704316,-0.24677286
0.86827826,-0.27656692
-0.87509775,0.38135263
-0.7648595,0.47542885
-0.091406405,0.6768788
0.8697685,-0.259995
-0.65182143,0.4372229
-0.835818,0.31117877
-0.87736636,0.3813232
-0.8243028,0.33962435
-0.876232,0.38672593
0.867461,-0.26918155
-0.8636523,0.29285982
-0.855415,0.34350273
-0.8381089,0.3243958
0.57908446,0.5641177
-0.7872043,0.45909145
-0.86987376,0.3879224
0.85486776,-0.3145568
0.46565264,0.68775094
0.8698556,-0.26892033
-0.75473046,0.36599323
-0.82005334,0.42446566
0.7685401,-0.4596762
0.8603447,-0.29576048
-0.8733142,0.32987493
0.86305994,-0.28928342
0.4960744,0.6608791
0.7833014,-0.43869418
-0.86167556,0.2857421
-0.73952794,0.47660235
-0.86654514,0.3417884
-0.670318,0.5095082
0.8407912,-0.3362702
-0.86025655,0.29524505
0.7649012,-0.4655113
-0.8049164,0.43187457
-0.58163965,0.54116404
0.8598146,-0.2969896
0.8671573,-0.2736141
0.54535496,0.6113256
0.77424616,-0.45445237
0.7850051,-0.4402734
0.5428256,0.6003954
-0.8762683,0.3877734
0.77394515,-0.45488298
0.84621006,-0.33
0.8695592,-0.24929073
0.7899172,-0.4265453
0.42057014,0.7248177
0.3991948,0.72944045
-0.86206186,0.30016634
-0.87543297,0.3878948
-0.8423232,0.27890137
0.464723,0.6908189
-0.79490876,0.26719588
-0.840115,0.2808748
0.7981306,-0.4202765
-0.8390352,0.40529656
0.77633685,-0.44958204
0.8030196,-0.40610024
-0.8491083,0.33603072
0.8521945,-0.3145758
-0.81980354,0.36093184
0.76782435,-0.4679064
-0.87307364,0.33075485
-0.78596777,0.36634642
0.5560319,0.59357256
0.8525974,-0.3103171
0.7684854,-0.4632784
0.42216298,0.7178648
0.10031465,0.6974137
0.78404146,-0.4395399
0.86353964,-0.28964686
0.85217303,-0.3144972
0.4418589,0.7072933
-0.81290597,0.3090478
-0.8759422,0.3851301
0.86860526,-0.2769112
-0.6693827,0.5086812
0.4663409,0.6920583
-0.85452515,0.38407874
-0.8761901,0.38562343
0.8461796,-0.33048928
-0.80776626,0.34498873
-0.6708253,0.51141864
0.85910815,-0.29079318
0.8694184,-0.25356388
0.861037,-0.29195452
-0.80537534,0.44063118
0.5285151,0.6329096
0.47018835,0.6847617
-0.8516548,0.36711073
0.8730012,-0.25082442
-0.6868562,0.4834889
0.8630328,-0.28283596
0.8614724,-0.29027984
-0.8757945,0.38857064
0.8630872,-0.2816107
-0.8302718,0.41945833
-0.8285992,0.31027585
-0.43938065,0.6091943
-0.7390366,0.43538678
0.85836565,-0.30076873
0.51518124,0.6480896
-0.6948533,0.50934535
-0.8557856,0.39674962
0.7684437,-0.4619201
0.54063964,0.6154501
0.86414796,-0.2860913
0.3661121,0.7186488
-0.8664699,0.3033009
-0.87803626,0.3858185
0.8616933,-0.29034033
0.26561388,0.7282048
0.8629824,-0.28684783
0.5441315,0.6086558
-0.6879179,0.4869686
-0.87113196,0.32131967
-0.8533594,0.40758282
-0.73282033,0.2696173
0.4619785,0.69465256
-0.87504834,0.38445392
0.86240274,-0.2910445
0.7705099,-0.4586397
0.43491668,0.70427644
-0.7135737,0.46189022
0.54872924,0.6097314
0.7778121,-0.4485458
0.39162385,0.7175658
-0.8625601,0.29884955
0.3853937,0.73368835
-0.8398759,0.28008005
0.43520862,0.705289
0.85387427,-0.3137977
0.8616075,-0.29157138
-0.68377185,0.5021325
-0.8022128,0.40567863
-0.8665157,0.30303404
0.38424194,0.71686524
-0.7005099,0.51537836
-0.6952071,0.4188099
-0.87494135,0.38484913
0.47671288,0.6854536
0.8463703,-0.32741645
-0.67575645,0.5126953
0.85875165,-0.29657868
0.8604519,-0.29680693
0.8631769,-0.28397036
0.41292462,0.71380705
-0.7471811,0.4180671
-0.6634527,0.53926384
0.8478025,-0.32361636
0.57048535,0.58391404
-0.78895956,0.38597363
0.48698637,0.6763626
0.8212408,-0.37679562
-0.6683765,0.523863
-0.805162,0.44401443
-0.86944747,0.32141426
0.84750986,-0.32294014
-0.759727,0.47040212
0.86054015,-0.2936138
0.71415716,0.29852644
0.53964496,0.62064165
0.7756516,-0.4510392
0.7712256,-0.46196106
0.8567121,-0.29943606
0.30429134,0.721253
0.7714354,-0.459995
-0.87725884,0.38619015
-0.66384155,0.5321291
0.85796696,-0.30171144
-0.720074,0.48301893
0.4207095,0.7168572
-0.76411843,0.46818987
0.8521086,-0.32005814
0.5101091,0.6507982
0.8578446,-0.30382964
0.76891965,-0.46023026
0.7711101,-0.4452384
-0.8045442,0.3730243
0.8181494,-0.38295874
0.86642915,-0.27987227
0.86300105,-0.29381
0.77441347,-0.453518
-0.8496,0.4037394
0.8671967,-0.27431718
-0.8351768,0.42078093
-0.5228955,0.4185912
0.34750587,0.7197663
0.7760108,-0.4510996
-0.87385434,0.37922588
-0.8618598,0.40503857
0.78416574,-0.4394205
-0.6546342,0.55092746
0.7780453,-0.44538167
0.8290663,-0.3637477
-0.7950159,0.42509028
-0.8743259,0.2923319
0.86567765,-0.2845652
0.77043575,-0.45586905
-0.70416015,0.49883047
0.11155474,0.6869317
-0.8626037,0.30532536
-0.8393825,0.42562515
0.79990524,-0.41748866
-0.8478625,0.33949342
-0.8663218,0.29111242
-0.8781931,0.3876573
0.84433776,-0.33466068
0.3934779,0.72211367
0.39307323,0.72400945
-0.8538323,0.28018564
-0.662991,0.51080734
-0.63006073,0.5265535
-0.82802624,0.41941282
-0.8260871,0.4073594
0.46271273,0.6883118
0.8595289,-0.2976548
-0.867332,0.31292415
0.78734654,-0.4322851
0.8311802,-0.35791174
0.86180437,-0.2965589
0.76776916,-0.46620235
-0.86741674,0.31170213
-0.8454266,0.2734741
-0.8192837,0.3966139
0.77418065,-0.45346114
-0.8770803,0.34532252
0.8628306,-0.28487742
0.16262195,0.64581895
-0.8633607,0.39736074
0.8656497,-0.27167812
0.8467578,-0.06804347
-0.5244401,0.36658603
-0.8762009,0.38803604
-0.87441784,0.38295752
-0.82729185,0.33687812
-0.8063171,0.4380512
-0.7652919,0.3692874
0.77529657,-0.45367977
0.85286474,-0.31536958
-0.7404889,0.45827168
0.86785674,-0.27220932
-0.87555176,0.38444328
0.7694618,-0.46146405
-0.87702346,0.37946945
-0.8626832,0.30001226
0.85549647,-0.28181508
-0.6729891,0.3917792
-0.8776458,0.388386
0.789145,-0.4307391
-0.67324394,0.51649284
0.64179206,0.46191552
0.2713698,0.70097756
-0.8369702,0.4128019
-0.8214905,0.4029201
0.44156596,0.70672756
-0.69167733,0.43848875
0.3394619,0.7196659
0.86343944,-0.2874043
-0.76182455,0.41377717
0.25672927,0.7321414
0.76369786,-0.45357478
-0.86777574,0.33733696
0.31608346,0.73415715
0.6094762,0.4921582
0.76541144,-0.46436188
0.612726,0.49513885
-0.4961083,0.5785355
-0.7731404,0.33033168
-0.538172,0.5664026
0.7719037,-0.457856
-0.870866,0.31725127
0.86360157,-0.28463578
-0.86927575,0.2988875
0.43717554,0.7079686
0.8661385,-0.26792064
0.8648876,-0.26992238
0.8717133,-0.2337669
-0.78006685,0.39660695
-0.87035596,0.37217796
0.8635358,-0.28246084
0.40648782,0.7134509
-0.66805494,0.5133716
0.3664283,0.7276195
-0.5857928,0.53920436
-0.86639774,0.29993963
0.460034,0.6949686
-0.8412955,0.2878155
-0.8747924,0.38647294
-0.87887,0.36189154
0.8487419,-0.3239299
-0.87454367,0.38929635
0.43541697,0.7140815
0.0003163818,0.7112667
-0.8385515,0.4006639
0.4478279,0.70577604
0.8721063,-0.23405792
0.85970545,-0.2772176
-0.66281307,0.51954633
-0.86989135,0.3330698
0.8313048,-0.35823217
-0.22177242,0.65481406
0.30265817,0.72075456
-0.8776958,0.38627812
0.85788244,-0.06588116
0.8657344,-0.18490037
0.8290951,-0.36612222
-0.80970305,0.3796708
0.36164808,0.72349364
0.4425262,0.70697725
-0.86468256,0.34653056
0.648831,0.42074287
0.58246267,0.56538695
-0.85282606,0.29410422
0.7762745,-0.4503218
-0.69744414,0.49827686
0.8617174,-0.28661284
-0.6148668,0.523612
0.46434465,0.69054615
-0.5928023,0.5264542
0.86673427,-0.27536878
0.3282078,0.722699
-0.8655516,0.3841566
0.77159566,-0.4570403
-0.87111706,0.31497404
-0.66378534,0.5005771
0.8587921,-0.29612923
0.85447973,-0.30770555
-0.81882375,0.4401663
-0.8769602,0.38035738
-0.8349102,0.30095473
0.76607984,-0.46741712
0.8023627,-0.40739256
0.694325,0.35147405
0.5026191,0.6622396
0.8128321,-0.39194015
0.4145851,0.71852463
0.7960685,-0.42061895
-0.8568793,0.29990095
-0.86646885,0.3015527
0.49329954,0.66507214
-0.6867836,0.49869528
-0.8585875,0.35619998
-0.81607735,0.43102825
-0.85732913,0.29007348
-0.80016506,0.42258877
0.4535207,0.70278865
0.81062317,-0.39181182
0.7830516,-0.43780002
-0.6815945,0.51578945
0.47837085,0.6772915
0.8596059,-0.29037422
-0.71822184,0.35701987
-0.84277517,0.36637452
0.4139832,0.7212304
0.42799377,0.70100117
-0.84061545,0.40626925
-0.78865993,0.40636185
0.5152952,0.64612013
-0.7429789,0.4725519
0.86345905,-0.28095263
-0.8691789,0.39852604
0.55164313,0.6025775
-0.7840363,0.44399887
0.82271975,-0.3736419
0.86079496,-0.28869334
0.4125982,0.72203594
0.39026403,0.72228724
0.42207235,0.7203418
-0.6683942,0.51872456
0.85512227,-0.30757388
-0.017291626,0.6854836
0.8528678,-0.31496873
0.5064422,0.65191275
-0.87263155,0.31060576
-0.8664589,0.30126798
-0.78519446,0.36896077
-0.8081204,0.39316958
-0.70923465,0.49749303
0.85246116,-0.31664506
0.42337325,0.71614295
-0.7448388,0.4617087
-0.7882526,0.42192826
-0.79066885,0.37033942
0.86336386,-0.2885785
0.80628544,-0.40446928
-0.7785092,0.39819387
-0.60295165,0.55681324
0.8388745,-0.34640294
0.8588372,-0.29991087
-0.8730466,0.38624576
0.20254883,0.711096
-0.6716687,0.5062431
0.82322824,-0.3749583
-0.6640536,0.52728313
-0.78586495,0.28477576
0.8511381,-0.3228895
0.8496034,-0.3215823
-0.69127685,0.5115083
0.43535832,0.7091303
-0.84297895,0.28266668
0.77357346,-0.4533521
-0.78459007,0.41810453
0.46303013,0.6944741
-0.6643326,0.5253522
-0.87211883,0.31650656
0.85860395,-0.2965347
0.79406554,-0.41525668
-0.6620115,0.52609754
0.86771435,-0.25727108
0.3826116,0.7246293
0.014820782,0.650647
0.8578989,-0.30602995
0.39404538,0.7268749
0.5978711,0.49998754
0.86247003,-0.28702462
0.77364874,-0.4582055
0.85702807,-0.30712116
-0.6761463,0.5126281
-0.875991,0.38772655
0.64668006,0.42654374
-0.86305875,0.31353784
0.85741085,-0.30221134
0.8585934,-0.30149522
0.77617544,-0.45208555
-0.85788894,0.4046358
0.85626984,-0.30079612
0.7723713,-0.45652905
-0.87394875,0.3881904
-0.8576704,0.28573442
-0.87652165,0.38487086
0.8396529,-0.34201598
-0.8465978,0.3670323
-0.6029311,0.53594464
0.86950046,-0.2588327
0.8118894,-0.3903823
0.85691625,-0.30598503
-0.8508377,0.32078284
0.7711052,-0.46005532
0.5422471,0.6147925
-0.8468745,0.40141416
-0.8334956,0.27574986
-0.869386,0.29914528
0.76849526,-0.46272868
-0.8769466,0.38202745
0.86056596,-0.28940693
0.46383286,0.69405085
0.8476439,-0.12171522
-0.8530442,0.4053622
-0.74460804,0.48361975
-0.5823522,0.54483926
0.466589,0.6862554
0.8552614,-0.3108867
-0.8669889,0.29069018
-0.77152216,0.34027418
