-0.9209815,0.36668646
0.021758469,0.06506974
-0.925505,0.36063856
-0.5491637,-0.27209097
-0.8727353,0.4431484
0.032802813,0.12454331
-0.93079007,0.35364714
-0.1625069,-0.18944083
-0.5971636,-0.26764414
-0.012275734,-0.015267662
-0.9309711,0.35579348
-0.5461074,-0.2805817
-0.9298786,0.35976708
-0.5790915,-0.2731716
0.00521908,-0.008425393
0.022281714,0.24874179
-0.93149817,0.35786715
-0.93114173,0.35366663
-0.87381023,0.4441403
-0.8577757,0.4615218
0.039378982,0.14041764
-0.92077196,0.36414003
-0.9309975,0.35883728
-0.92181385,0.36505416
-0.92874664,0.3576975
-0.92831767,0.35697326
-0.93146825,0.35800412
-0.93148935,0.35790452
0.042722832,0.1309348
-0.93160856,0.35790586
-0.58151466,-0.27755034
0.024396786,0.08434741
-0.929758,0.35425693
-0.92265046,0.36570957
-0.91314447,0.3708356
0.012994004,0.03085254
-0.5853796,-0.27568516
-0.9261499,0.3625594
-0.92616904,0.35984537
-0.927506,0.35977396
-0.9315256,0.35790974
-0.5658969,-0.2805016
-0.93125,0.35426506
-0.9315226,0.35797837
-0.9315691,0.35771662
-0.9308958,0.3543709
-0.8475123,0.46760538
-0.86880326,0.450085
-0.8719961,0.44441304
-0.9310896,0.355302
-0.92163527,0.362948
-0.9311294,0.35632068
-0.93137866,0.35507125
-0.5805689,-0.2739855
-0.8672148,0.45304388
-0.921086,0.3678277
-0.9307515,0.35348243
-0.8557384,0.46345803
-0.8707445,0.44810012
-0.8707906,0.4452444
-0.59262973,-0.26660937
-0.8733832,0.44175944
-0.8528628,0.46687394
-0.93044543,0.35254082
-0.8552625,0.46260133
-0.93155944,0.35793117
-0.9217656,0.36648667
-0.86956745,0.4499187
-0.921373,0.36597356
-0.8690017,0.4511627
-0.8600381,0.4596962
-0.93139243,0.35739002
-0.86118805,0.45909902
-0.9315287,0.357891
-0.9289664,0.35828352
-0.9312316,0.3536294
-0.9301885,0.35402125
-0.37790316,-0.27133632
-0.92470515,0.3590569
-0.9311009,0.35373092
-0.59791243,-0.26867852
-0.9306981,0.35315314
0.047869932,0.21070254
-0.9220834,0.36654723
-0.92847526,0.35891533
-0.002396956,0.35045254
-0.93130016,0.35404155
-0.9315321,0.35786536
-0.84193134,0.47289166
0.03851006,0.10867658
-0.9308771,0.35874346
-0.8494956,0.46770215
-0.5795742,-0.27687332
-0.6093194,-0.2636534
-0.878259,0.42969906
-0.9310293,0.35371092
-0.04462627,0.42305195
-0.8681925,0.45157868
-0.5402195,-0.27956092
-0.8652495,0.45496762
-0.92176443,0.36198056
-0.93146974,0.35820818
-0.9255034,0.3609253
0.043383136,0.18534043
0.04122866,0.20780826
0.011642463,0.01822159
-0.9296902,0.35872403
-0.8710366,0.42924675
0.04004914,0.20238268
-0.9310857,0.35380194
-0.9226779,0.36422887
-0.92869943,0.35942978
-0.04614516,0.41830477
-0.4843077,-0.28412303
-0.93014556,0.354863
-0.92109,0.3665268
-0.60958207,-0.26778823
0.03738867,0.19101807
-0.8720764,0.44347045
-0.23324977,-0.23959184
-0.9303016,0.3534227
0.030109506,0.04784166
0.031898554,0.1751105
-0.8739587,0.4329323
-0.9274374,0.35972157
-0.8429655,0.47178045
0.02812584,0.19631507
0.026337601,0.2476485
-0.47640246,-0.29178935
-0.92910284,0.35526124
-0.9279205,0.36114872
-0.9307494,0.35334224
-0.8682356,0.45155898
-0.92690974,0.35849595
-0.8700914,0.44822913
-0.92960066,0.3600875
-0.9308476,0.35305473
-0.5624265,-0.28170964
-0.930992,0.35838825
-0.920053,0.35512206
-0.92392486,0.36553994
-0.004466159,0.016999248
-0.026571635,-0.057932507
-0.9313956,0.35794523
-0.5816655,-0.2740225
-0.87063897,0.4481776
0.041068587,0.14381811
-0.91673285,0.3707142
0.013012399,0.2802438
-0.93127364,0.35537195
-0.9295169,0.3542499
-0.9288215,0.35381028
-0.93142754,0.35814974
-0.4987439,-0.28863582
-0.86146885,0.45761454
-0.8189185,0.4812011
-0.20548382,-0.22968137
-0.8683433,0.45132372
-0.9308192,0.35322824
-0.07439631,-0.13699688
0.033926543,0.24523081
-0.9212469,0.36514676
-0.89901775,0.3837402
-0.9278185,0.3572959
-0.9218013,0.36682963
-0.93118054,0.3552154
-0.93109846,0.35848784
-0.8316962,0.477404
-0.9213254,0.36700287
-0.87047356,0.4465169
-0.9315622,0.3578258
-0.5330947,-0.2714954
-0.8532633,0.46448743
0.0035747674,0.31113943
-0.9164895,0.37010214
-0.87398976,0.4171963
0.030745948,0.1502122
-0.8702535,0.44703463
-0.93099666,0.35561398
-0.92684925,0.36182562
-0.8411083,0.47381082
-0.86816514,0.45213264
0.041542497,0.10340224
-0.9171844,0.35970488
-0.8713934,0.44732764
-0.8680008,0.45158446
-0.8659203,0.453883
-0.9283763,0.35714754
-0.9315203,0.3578777
-0.93156695,0.35801923
-0.9310044,0.35297227
-0.9302082,0.3591278
0.042437218,0.116668776
-0.9313975,0.35795146
-0.5290943,-0.2862484
-0.8702588,0.44870725
-0.92873204,0.3587354
-0.9313863,0.35768604
-0.9309602,0.3540004
-0.8648698,0.4550242
-0.87104934,0.44832683
-0.9298189,0.35225847
-0.3635164,-0.2828838
-0.87179387,0.4432191
-0.9209957,0.36677074
-0.92713785,0.36001492
-0.92594,0.3597099
-0.9314878,0.35749188
-0.02795055,0.37001085
0.035035253,0.20858629
-0.92823154,0.36130616
-0.92296255,0.36195734
0.029198574,0.08846792
-0.86815363,0.45161483
-0.86988294,0.4437743
-0.8652996,0.45422295
-0.92209923,0.36488137
-0.9310503,0.3545053
-0.931309,0.35535532
-0.5274902,-0.2869986
-0.9311965,0.35384768
-0.86748266,0.45271224
-0.5652819,-0.27437532
-0.9311931,0.35450193
0.014058451,0.21902272
-0.9302656,0.35633442
0.031273946,0.09252281
-0.93103594,0.35375285
-0.5183282,-0.28192693
0.044911,0.16537344
-0.91672146,0.36819142
-0.40476787,-0.28690886
-0.93089616,0.35827363
-0.9305404,0.35412562
-0.086422786,0.4662439
-0.87302893,0.44384286
-0.93149513,0.35797298
-0.09635279,0.4402117
0.047398265,0.15934405
-0.90270156,0.38436878
-0.89885163,0.38201386
-0.8722238,0.4274416
-0.93062985,0.35854742
-0.92210007,0.3670033
-0.8716631,0.44333693
0.027109498,0.101209916
-0.92529035,0.3612724
-0.85398996,0.46411878
-0.06491724,-0.10224264
-0.921537,0.36482075
0.03582284,0.12614715
0.040254675,0.12703317
-0.93123174,0.35673696
0.017444268,0.2726312
-0.59552026,-0.26903543
-0.93116534,0.35377917
0.030923188,0.17657417
-0.92967,0.35655153
-0.9304256,0.3546635
-0.86681724,0.45330092
-0.018273672,0.3808302
-0.9255819,0.3621126
-0.91876704,0.3613524
-0.80440515,0.4898756
-0.9215709,0.3639137
0.014597647,0.021682067
-0.5792408,-0.2801232
-0.92226297,0.3660683
-0.57141197,-0.2709036
-0.93160945,0.35793933
-0.8633097,0.45642957
-0.5969683,-0.26607585
-0.50814515,-0.2865776
0.020579048,0.2824981
-0.002294899,0.022929441
-0.92780566,0.36115688
-0.8729621,0.43760273
-0.9284803,0.35709006
-0.93075657,0.35410395
-0.92168903,0.36604282
-0.8641112,0.45615774
0.040257897,0.2267819
-0.93104136,0.3536808
-0.93158466,0.35793206
-0.849286,0.46725592
-0.8797239,0.4028884
0.027575813,0.26095766
0.036643647,0.14169015
-0.3510582,-0.28094012
-0.9312645,0.35425413
-0.9313677,0.3575087
-0.93158394,0.3579681
-0.9194889,0.36587015
-0.9306622,0.35325742
-0.862072,0.45797345
-0.9123385,0.36252826
-0.9315251,0.35783303
-0.8721682,0.44317544
-0.9252583,0.3593659
-0.93092966,0.35299417
-0.5608279,0.5780886
-0.42543286,-0.29020098
-0.056927927,-0.11662604
-0.8068394,0.4873002
-0.9306365,0.3589456
-0.92367953,0.36339918
-0.85820866,0.46243787
-0.84595436,0.46891025
-0.9303202,0.3541103
-0.0999133,-0.14569591
-0.92001367,0.3654076
-0.86773705,0.45185345
-0.8727047,0.43610847
-0.9279624,0.36056873
-0.924785,0.3515005
-0.87405276,0.44201064
-0.91486627,0.36939168
0.0031350714,0.3263404
-0.9311788,0.35350582
-0.37991312,-0.27824003
-0.86135197,0.4581911
-0.84326065,0.47231263
-0.022223188,0.39608353
-0.92806953,0.35644254
-0.923845,0.36438826
-0.9313172,0.357779
-0.54081357,-0.2811493
-0.9214329,0.36710477
0.039318852,0.09447653
0.030305503,0.26416153
0.037794866,0.22999811
-0.86995906,0.4470844
-0.9316306,0.35756734
-0.8742279,0.43945238
-0.85449946,0.4636839
-0.6140301,-0.26218078
0.03651027,0.099095374
-0.2913781,-0.26425052
-0.9218956,0.3666938
-0.188933,-0.20081817
-0.9253972,0.36293814
-0.2661423,0.54147536
0.035613243,0.10281089
-0.93156046,0.35777137
-0.85966355,0.46021456
-0.87618935,0.41518238
0.013702261,0.05116452
-0.1690323,-0.20297205
-0.3853836,-0.28635687
-0.9279945,0.358002
-0.92274034,0.36391208
-0.89270043,0.39544344
0.04478685,0.18101437
0.03189786,0.13611211
-0.93125445,0.35801297
-0.87368065,0.43890798
-0.9250598,0.36359823
-0.9316376,0.3576971
-0.93152833,0.3580046
-0.91378814,0.36182868
0.022740193,0.26225758
-0.9308631,0.35386103
0.0013593748,-0.0040689725
-0.9246497,0.36396378
-0.93117565,0.35475037
-0.9283954,0.35294816
-0.30810842,-0.27012926
-0.9300923,0.35853708
0.03671199,0.06719651
0.020153007,0.24278653
0.031634662,0.10382923
-0.93157285,0.35784444
-0.57260907,-0.27091146
-0.023219367,-0.047634404
-0.9203638,0.36790347
-0.5749468,-0.27404153
-0.92834365,0.3521297
-0.9215488,0.3677055
-0.92954785,0.35867745
-0.62940687,0.51743174
-0.3182549,-0.26723704
-0.8654573,0.4540504
-0.9315073,0.3576411
-0.9243988,0.36273363
-0.93157244,0.3579232
-0.8671741,0.45271245
-0.93101346,0.35367656
-0.8814064,0.41791546
-0.9311343,0.35827726
-0.87027436,0.4489696
-0.35286427,-0.2761776
-0.92859554,0.35385656
0.022567729,0.06303491
-0.8692452,0.44643256
-0.8643784,0.45625666
-0.5509927,-0.28359547
-0.92162806,0.3658694
-0.8452264,0.4700521
0.03644841,0.18906128
-0.9306723,0.35332462
-0.8685596,0.45021644
0.034766097,0.09579504
-0.8725113,0.44481057
-0.8785954,0.42252862
-0.93131906,0.3543003
-0.86568445,0.45420548
-0.44059473,-0.28727716
-0.9222325,0.36605126
-0.9174119,0.36057118
-0.8748572,0.43621698
-0.92027676,0.36625955
0.039875496,0.17255282
-0.8620749,0.45758858
-0.060267374,-0.0788062
-0.83287734,0.47646824
0.02968553,0.25247714
0.02881363,0.058377538
-0.85242796,0.4655693
-0.84371924,0.4696232
-0.93154114,0.35803762
-0.93151313,0.3577931
-0.069981605,-0.118249044
-0.86623675,0.45422858
-0.02273962,0.39791337
-0.41079924,-0.28388786
-0.32614112,-0.2663128
-0.93099195,0.35845593
-0.9294485,0.35967
-0.9299928,0.3522347
-0.93149936,0.35813123
-0.92981774,0.3595981
-0.86127895,0.45950004
-0.8767598,0.4272657
-0.926599,0.36110756
-0.9305601,0.35206723
-0.0043277293,-0.03402457
-0.9247198,0.36082435
-0.094374664,0.4804759
-0.9228153,0.36276293
-0.8670364,0.4531545
-0.9299833,0.3553194
0.0017418745,0.32743418
-0.11280837,-0.14277154
-0.93046296,0.35277733
-0.026058575,0.3613376
-0.43761465,-0.2897406
-0.9302594,0.35856956
-0.92190117,0.3662983
-0.9296118,0.3599849
-0.156012,-0.19045126
-0.19435534,-0.19564773
-0.9302748,0.35381398
-0.93130076,0.3550492
-0.9309567,0.35412195
-0.93150586,0.35808113
0.04470573,0.23813727
-0.85599405,0.46315786
-0.06851549,-0.08688114
-0.9213993,0.35947835
-0.93160087,0.35785875
0.028024588,0.09050003
-0.8704341,0.4487129
-0.36122176,-0.27712092
-0.92977935,0.35122755
-0.597628,-0.27212167
-0.217189,-0.22201298
-0.26539478,-0.24824351
0.0247848,0.07085903
-0.852168,0.46632418
-0.92281586,0.3576364
0.028589334,0.16996293
-0.42157978,-0.2888182
-0.9315015,0.3579636
-0.863178,0.45658252
-0.9286453,0.36083618
-0.8794549,0.42218003
0.000643581,0.019391479
0.029835138,0.2559009
-0.9246019,0.36186436
-0.9310326,0.3536071
-0.863918,0.45616472
-0.87235564,0.44527617
0.041677326,0.10541018
-0.92369914,0.36422333
-0.9222099,0.35949588
-0.91935563,0.36792824
-0.92966527,0.36021563
-0.93043023,0.35300234
0.029466223,0.21649769
-0.5888167,-0.27243182
-0.85865813,0.46097928
-0.9164009,0.3712283
0.034773722,0.14673124
-0.9314638,0.35782683
-0.545255,-0.2740786
-0.8682497,0.45130196
-0.923589,0.36566615
-0.5706444,-0.27180776
0.026532806,0.032124344
-0.8627705,0.45706275
-0.5809162,-0.27107492
-0.8669717,0.45338696
-0.85877216,0.4602765
-0.8739751,0.44135073
-0.8710333,0.44647864
0.03513491,0.104417235
-0.931538,0.35787317
-0.006184855,4.9982507e-05
0.038207326,0.19968407
-0.8586485,0.46011668
-0.9192836,0.36072555
-0.06773854,0.40908912
-0.93152905,0.35780534
-0.9264799,0.35229617
-0.9232836,0.36371195
-0.86783123,0.45276067
-0.5831818,-0.27066657
-0.9291565,0.3553033
-0.5620231,-0.2745213
-0.55755466,0.5042185
-0.91985697,0.36803585
-0.86466295,0.45528162
-0.86609507,0.45430055
-0.10588372,-0.15962595
-0.14042132,0.46303564
-0.8550444,0.46439448
0.002183674,0.0145655535
-0.9309982,0.35518548
-0.20857722,-0.17167825
-0.8674767,0.45310932
-0.93059415,0.35830054
-0.93123233,0.35512385
-0.5695317,-0.27689052
-0.8276303,0.47573367
-0.8711342,0.4383969
-0.92622364,0.3588591
-0.92163604,0.36602962
-0.24921823,-0.2534914
-0.8615496,0.45838112
-0.9315559,0.35784692
-0.39485428,-0.27463016
-0.5493561,-0.27565172
-0.5236512,-0.27961177
-0.93106395,0.35820377
-0.9298712,0.35281003
-0.8697188,0.4425125
-0.009159989,0.35344768
0.023270562,0.07943431
-0.8718932,0.44543415
-0.9313423,0.35443285
-0.60086346,-0.2671519
-0.8707142,0.44006333
-0.92611706,0.36352006
-0.92189795,0.36736846
-0.93130505,0.35384455
-0.93103284,0.35631913
0.03266168,0.18644492
-0.8678826,0.45279607
-0.53036517,-0.28204498
-0.87221724,0.4410473
-0.93154186,0.3580666
-0.57295936,-0.2713646
0.033064898,0.2549019
-0.22870992,-0.225976
-0.9296061,0.3602429
-0.87156343,0.44631076
-0.93153197,0.35788298
-0.8682075,0.45254225
-0.5522795,-0.2828517
-0.61293423,-0.26814342
-0.93155426,0.35792324
-0.56506306,-0.25000918
0.04310244,0.13096794
-0.9301145,0.35554284
-0.9307298,0.35297394
0.029696938,0.06790439
-0.9269591,0.35389957
-0.9269636,0.3602951
-0.8716924,0.4475169
-0.9307191,0.35886127
-0.9295041,0.35998634
-0.12018235,-0.15056749
-0.84773034,0.4687034
-0.9314677,0.35808071
-0.54451174,-0.2686375
-0.87460107,0.43872148
-0.59973884,-0.26608136
-0.009914195,0.38964328
-0.9203088,0.36515024
-0.8715794,0.44697544
-0.93122625,0.35299087
-0.11026516,-0.16739233
0.004355155,0.018791547
0.037480544,0.13388404
-0.12907265,0.4797115
-0.9306409,0.3531172
-0.9063539,0.37842348
-0.86957014,0.44861075
-0.32501525,-0.2752217
-0.9313737,0.35772133
-0.93156797,0.3578632
-0.9305839,0.3539479
0.029858284,0.279913
-0.92127806,0.36748475
-0.92629045,0.3591791
-0.9314358,0.35777572
-0.5733221,-0.2722837
-0.8614062,0.45863622
-0.9289214,0.3607746
-0.8723613,0.4434911
-0.92979294,0.35856706
-0.92060393,0.36812487
-0.23543559,-0.23163724
-0.92036176,0.36796415
-0.9159448,0.36072454
-0.8563082,0.46196
-0.9295147,0.35700864
-0.9304417,0.35436258
-0.93158937,0.35786667
-0.86900216,0.44956368
-0.9303634,0.3578833
-0.8895836,0.4004045
-0.8859043,0.4035203
-0.86796063,0.45182368
-0.93030846,0.35261998
-0.93151796,0.3579967
-0.031958368,0.36132425
-0.85885066,0.46128243
-0.9216771,0.3608138
-0.02673853,-0.038856044
-0.93015856,0.3594319
-0.57172966,-0.2762455
-0.7844453,0.50705045
0.036854926,0.17572841
-0.93153554,0.3577652
-0.58276266,-0.27154735
-0.9220744,0.36677116
-0.43332586,-0.28907424
-0.9210798,0.36730987
-0.9309448,0.35548416
-0.9303647,0.35783833
0.043744188,0.18237771
-0.931444,0.35798433
-0.9212261,0.36591256
-0.9245466,0.36222833
-0.60721177,-0.26454788
-0.92966783,0.35301122
-0.87390685,0.4320948
-0.93117064,0.35400575
-0.9299065,0.3600366
-0.85403043,0.464051
-0.8704443,0.4487087
-0.8371112,0.47596446
-0.4698103,-0.16379337
0.0073177367,0.024802493
-0.51345366,-0.2830432
-0.86791396,0.45133737
-0.5164892,-0.27840677
-0.8464277,0.4677038
-0.60637236,-0.2679265
-0.9268715,0.3595179
-0.025693301,-0.056073654
-0.9310512,0.35829484
-0.92217433,0.364235
-0.92174345,0.36107597
-0.93045545,0.3523993
0.005232546,0.0048092427
-0.9313795,0.3575444
-0.92098254,0.36758202
-0.9229623,0.36202094
0.016400753,0.32736662
-0.86770946,0.45227942
0.03527409,0.11294421
-0.9181541,0.36188644
-0.8751527,0.43628904
-0.93059886,0.35459277
0.044426445,0.18102951
-0.9241429,0.364766
-0.8739245,0.43884963
-0.93114334,0.35478276
-0.9217376,0.36634314
-0.8718648,0.44518077
-0.9310269,0.35435557
0.04299403,0.16616029
-0.8721371,0.44283822
-0.8717611,0.44649792
-0.8738817,0.43957117
-0.869594,0.44927844
-0.8727872,0.43773293
-0.9311394,0.3535924
-0.92897636,0.35912117
-0.8711874,0.44674972
0.00041443124,0.32963243
-0.5115996,-0.285087
-0.8745661,0.4349442
-0.9234111,0.36480728
0.016138261,0.094968505
0.031534396,0.22815588
-0.92332256,0.36581302
-0.47178242,-0.28872648
-0.8787934,0.42549214
-0.3939883,-0.282733
-0.59947264,-0.26953506
-0.92697835,0.35951412
-0.9311384,0.3545579
0.03627829,0.18493427
-0.86481774,0.4555327
-0.8692581,0.4503817
0.0511014,0.14524527
-0.9194413,0.36651433
-0.004689858,0.35993838
-0.9309036,0.35399073
0.0066540493,-0.016490147
-0.868473,0.4517532
-0.8704302,0.44581157
-0.56941015,-0.26855806
-0.9255967,0.3629224
-0.93025726,0.35956675
-0.93158376,0.35768098
-0.92081493,0.35805166
-0.91600084,0.35949418
-0.93069166,0.3532868
-0.87056583,0.44699526
0.0,0.0
-0.92807984,0.3598057
-0.93098307,0.3536248
-0.93149763,0.35786805
-0.92576486,0.3573358
-0.9286976,0.35847446
-0.06701875,-0.11161616
-0.9094331,0.3745506
-0.5788915,-0.27081352
-0.5946227,-0.27065697
-0.9218893,0.36501402
-0.9305268,0.35413262
-0.93155,0.35772347
-0.9200976,0.36785394
0.018002408,0.29747558
-0.9299857,0.35947537
-0.9313405,0.3561237
-0.8681981,0.45008978
-0.86560786,0.45409805
-0.93108726,0.353795
0.028651131,0.06843201
-0.93156314,0.35789987
-0.93045586,0.3588067
-0.84969205,0.46715882
-0.22608995,-0.23895708
-0.6029176,-0.2651919
-0.9313377,0.35604754
-0.92776465,0.36073682
-0.9228564,0.36560562
-0.004674032,-0.01161795
-0.88543916,0.40650314
0.033076003,0.20686828
-0.40506285,-0.2895317
0.040353373,0.13707934
-0.9311737,0.3548735
-0.8785104,0.42561296
-0.92859745,0.36114115
-0.8599719,0.4602413
-0.93147486,0.35792193
-0.8634576,0.45689866
-0.86058825,0.45839888
-0.93002945,0.3594702
-0.92665565,0.35907817
-0.03799781,0.39660347
-0.92570674,0.3628104
0.027864609,0.097695224
-0.93148047,0.3549238
-0.9221819,0.3659066
-0.91437757,0.371333
-0.930604,0.3535926
-0.931125,0.35361618
-0.9315077,0.3579607
-0.9313401,0.35828498
-0.040792543,-0.08024399
-0.9315096,0.35789055
-0.92288554,0.36458012
-0.8648902,0.45469218
-0.85584915,0.4636264
-0.92091763,0.36544815
-0.87410194,0.43797117
-0.92371714,0.36477497
-0.12275532,-0.0669229
-0.93095237,0.35393292
-0.931324,0.35654286
-0.867722,0.4520576
-0.92612183,0.36278796
-0.9174265,0.3693893
-0.8690744,0.45044845
-0.10881847,-0.15599248
-0.31840685,-0.26245877
-0.9309236,0.3536001
-0.91729367,0.36515293
-0.93099767,0.3539485
-0.92055786,0.36560747
-0.8560137,0.46302602
-0.8735923,0.44384846
-0.9315279,0.35781112
-0.9296755,0.35462636
-0.8585889,0.46192423
-0.9313079,0.35804713
-0.01983183,-0.025072793
-0.86992884,0.44698983
-0.60812724,-0.2675374
-0.05053165,-0.08433613
-0.5770578,-0.2733351
-0.9310396,0.35283288
-0.6000741,0.56338716
-0.16606022,0.4983112
-0.9161211,0.36960053
-0.9294713,0.35914528
-0.56870747,-0.2768364
-0.87556684,0.43907994
-0.4996743,-0.27637282
-0.00037867372,-0.0022693689
-0.9220423,0.36430925
-0.84483737,0.47025535
-0.44438285,0.56783754
-0.5791196,-0.2761409
-0.93142664,0.35806337
-0.5449733,-0.27772614
-0.9310319,0.35845506
-0.8616132,0.45848358
0.023962801,0.29564413
0.00806529,0.008708834
0.041029662,0.13360496
-0.0084230555,0.023421744
-0.92122304,0.36562723
-0.8723488,0.44383344
-0.9304075,0.3530591
-0.4327284,-0.18934055
-0.90096176,0.38390082
0.03879634,0.16166778
-0.92148745,0.36571756
0.023531547,0.06466966
-0.9197819,0.366229
-0.33669177,-0.2780007
-0.92102754,0.36548126
-0.9304369,0.3560495
-0.38212135,-0.27832448
-0.9229735,0.36250535
-0.86049634,0.45909676
-0.87185013,0.44431332
-0.9220901,0.36616018
-0.9317022,0.35692015
-0.111594014,-0.1597056
-0.8645004,0.45586768
-0.9262472,0.36163715
-0.21963835,-0.23353866
-0.8684882,0.45109224
-0.9315925,0.35774833
-0.92132497,0.36558175
-0.3830471,-0.2905624
-0.46674436,-0.2893524
0.038647547,0.13247243
-0.93008596,0.35323334
-0.93151903,0.35787502
-0.42358512,-0.27822345
-0.92075205,0.36238116
-0.84997624,0.46704453
-0.00010805999,0.30312997
-0.93015605,0.35909358
-0.9311638,0.3532743
-0.8716329,0.44510585
-0.8712529,0.44597027
0.047546685,0.13333002
-0.013585968,-0.035334747
-0.93082446,0.3546469
-0.9316014,0.35769734
-0.92191356,0.3658078
-0.9232686,0.36105338
0.036724392,0.2361766
0.028213406,0.23862228
-0.5940615,-0.26875848
0.038023815,0.21044847
-0.93154335,0.35806823
-0.8684063,0.45182002
-0.93077666,0.35368082
0.04159481,0.19692223
-0.60995334,-0.25167763
-0.8787396,0.41953635
-0.93152964,0.35797048
-0.46401381,-0.28273794
-0.92080474,0.36555257
-0.8690932,0.45048517
-0.9311541,0.35413942
-0.20899817,0.4859294
-0.9248686,0.3642308
-0.93096024,0.35370845
-0.86981916,0.45004037
-0.87537384,0.43802136
-0.8806064,0.40907168
-0.56894207,-0.27323312
-0.93122315,0.3538187
-0.86776257,0.45169348
-0.9301677,0.35961303
-0.117837705,-0.14182109
-0.5626878,-0.27401856
0.029180972,0.28955317
-0.5625122,-0.28152233
-0.525616,-0.2732585
-0.072001144,-0.108466975
-0.8698932,0.44854558
-0.56317896,-0.27537566
-0.92060494,0.36507964
-0.93124074,0.3536093
-0.87074274,0.44360608
-0.927622,0.362103
-0.929027,0.3583328
-0.30763558,0.5451231
-0.92035645,0.36669388
-0.93159544,0.35787582
-0.5947504,-0.26937574
-0.9303389,0.3529264
-0.86427474,0.4555135
-0.5836045,-0.27130565
0.042040285,0.23446912
-0.9236528,0.36262017
-0.8487667,0.46724343
-0.17371175,-0.20649762
-0.5891488,-0.27370635
-0.5586543,-0.26640096
-0.29593197,-0.24291974
-0.8732566,0.44134036
-0.93152004,0.35646272
-0.92848843,0.35961482
-0.58424526,-0.27687246
-0.9283626,0.36084485
-0.86754876,0.45214638
-0.8483598,0.4686458
-0.93106675,0.35413465
0.020558998,0.050896473
-0.610246,-0.2646471
0.035821572,0.16200583
-0.552635,-0.27989763
0.017091617,0.038569316
-0.31340322,-0.26469713
-0.9210498,0.3650502
0.035657655,0.18703449
-0.30125222,-0.26117715
0.030452766,0.28925523
-0.9315634,0.35792637
-0.9285693,0.355846
-0.84969443,0.46554643
-0.9235683,0.3651407
-0.6051851,-0.26751286
-0.9221544,0.36678
-0.87087554,0.44836265
0.015549105,0.039920263
-0.93159527,0.3579766
-0.0026767284,0.33070603
-0.93071395,0.35399744
-0.9298265,0.35410884
-0.92203623,0.36641702
-0.93078476,0.35318515
-0.9255299,0.36446065
-0.59518605,-0.27232558
-0.8768218,0.4306872
-0.43724075,0.5614433
-0.93147165,0.3575997
-0.8548173,0.46346334
0.014069306,0.020063045
-0.8735798,0.43627757
0.017604494,0.034734525
-0.93054503,0.3562257
0.02892348,0.100365266
-0.9299315,0.35956123
0.036118254,0.18647234
-0.9275756,0.36119023
-0.8588638,0.460204
0.040257737,0.10683271
-0.58068293,-0.26819196
0.03293297,0.22267441
-0.9311411,0.35355297
-0.9314876,0.3578393
-0.87437505,0.43265423
-0.87308526,0.44255432
-0.931573,0.35762933
-0.9315656,0.35785678
-0.89834356,0.37109485
-0.5766333,-0.27917913
-0.9213536,0.36568362
-0.9313223,0.3547753
-0.8220882,0.47717974
-0.8661149,0.45434034
0.020746643,0.081267685
-0.9205036,0.3611608
-0.8743458,0.4186136
-0.930017,0.35257
-7.087056e-05,0.011389068
-0.9312392,0.35642412
-0.9309961,0.35330313
-0.9314735,0.3579358
-0.861117,0.45972934
-0.16108644,-0.20226847
-0.5820026,-0.27084702
-0.5937833,-0.27167058
-0.025376448,0.3934358
-0.59637254,-0.26977876
-0.8661312,0.4542609
-0.90793675,0.37988976
-0.59299093,-0.26990113
-0.9304157,0.35255703
0.033203203,0.07949812
-0.8925806,0.39277676
-0.930595,0.3532077
-0.93151075,0.3577937
-0.87146246,0.443619
-0.8732712,0.4395019
-0.93140066,0.35801607
-0.9228595,0.36496127
-0.92159045,0.36641657
-0.9313312,0.35416585
-0.8663554,0.4531751
-0.5733117,-0.27354357
-0.6229553,-0.26376128
0.035111394,0.07516047
0.034219693,0.2477531
-0.8610765,0.45870885
0.03268556,0.14252758
-0.87133014,0.4465587
-0.8710093,0.4466018
-0.931407,0.35777757
-0.92796725,0.35375234
-0.5711272,-0.273363
-0.8625116,0.4582077
-0.61699355,-0.26336092
-0.6008597,-0.26460847
-0.8608018,0.4592182
0.022874417,0.3015702
-0.6062269,-0.26521498
0.047704283,0.14085177
0.006103341,0.00026802396
-0.8852083,0.4089499
-0.8544876,0.46385103
-0.25831243,-0.24560165
-0.861573,0.45814782
0.014573122,0.071541555
-0.9215002,0.36686504
-0.8844799,0.4050512
-0.8696302,0.44987696
-0.93082845,0.35390905
0.022247076,0.30038202
-0.9315041,0.35796365
-0.9216426,0.36661404
-0.91863906,0.36720595
-0.55110055,-0.27356637
-0.9314127,0.358082
-0.9247212,0.36408076
0.008980601,0.012745795
-0.92472714,0.36369535
-0.930759,0.3584458
0.025601821,0.08737953
-0.872681,0.44283897
-0.9291453,0.36044568
-0.92201275,0.3661758
-0.9315419,0.35794842
0.020636326,0.3020793
-0.8476931,0.46910706
-0.1969406,-0.21651685
0.011952978,0.36623782
-0.93156326,0.35788715
-0.49727178,-0.2824808
-0.92580503,0.3597645
-0.87785083,0.4185426
-0.917284,0.37125006
-0.9300602,0.3551108
-0.93122953,0.35364425
-0.92995334,0.35374734
-0.9302263,0.3540532
-0.87222725,0.4378338
-0.91727924,0.35501152
-0.3726077,-0.28742114
-0.867149,0.4529738
-0.93031496,0.35878217
-0.5966635,-0.26863125
-0.872815,0.4319762
-0.007034945,-0.010201153
0.00070306245,0.34264868
-0.85569143,0.46286058
-0.9265316,0.36122963
-0.92483866,0.35959867
-0.5328338,-0.28061646
-0.8690143,0.45049834
-0.89804006,0.38822398
-0.92091304,0.3678355
-0.93127227,0.3582331
-0.930489,0.35738686
-0.60076094,-0.27355462
-0.87134564,0.4436774
-0.7158725,0.5307869
-0.92179,0.36569795
-0.9223098,0.36600372
0.022949738,0.1424438
-0.9311068,0.35736394
-0.25793445,-0.25307134
0.035983335,0.20733897
-0.9240018,0.3647979
-0.93137366,0.3539332
0.033477608,0.22630903
-0.9220937,0.36421955
-0.5981253,-0.2698371
-0.9314761,0.3577318
-0.49959886,-0.28704324
-0.9312978,0.35469848
-0.9314259,0.3579261
-0.8699765,0.45083192
-0.9292413,0.3552809
-0.93156844,0.3578668
-0.8511429,0.46286947
-0.5264852,-0.28555033
-0.92962724,0.35480806
-0.59248275,-0.27045482
0.04772361,0.23203833
-0.5841817,-0.27302742
0.014345097,0.05775804
-0.4546088,-0.29309875
-0.93153614,0.35793337
-0.9314659,0.3580166
-0.9302274,0.35660243
-0.9307365,0.35672283
-0.085718304,-0.12935507
-0.87420964,0.43793225
-0.58981955,-0.2728945
-0.9209821,0.36819586
-0.93085,0.353731
-0.8928753,0.38070354
0.04414563,0.26413527
-0.9310843,0.3538728
-0.86225086,0.4576534
0.026890032,0.084687956
-0.9295987,0.3548708
-0.020464705,0.36795694
-0.9301037,0.3569998
-0.9263909,0.36342216
-0.9218611,0.36532426
0.02057716,0.27139407
-0.8410559,0.4701851
0.04188126,0.21281634
-0.92139,0.36693028
-0.86968786,0.45017552
-0.921264,0.3656702
-0.9306374,0.3550751
0.03736841,0.07835345
-0.57308686,-0.2766468
-0.8581798,0.461097
-0.92154676,0.36318383
-0.036125563,0.40368277
-0.8610285,0.45875543
-0.93157434,0.35784477
-0.85540617,0.46308336
-0.86119837,0.45919922
0.006402566,0.03181618
-0.08087203,0.42595828
-0.8649293,0.4562002
-0.9308851,0.3584443
-0.9250141,0.36139297
-0.92134684,0.36485043
-0.8718875,0.44560683
-0.87599134,0.4332267
-0.9287582,0.3580242
-0.86841303,0.45176566
-0.9211213,0.367473
-0.8664122,0.45332614
-0.9210789,0.3671282
-0.6099769,-0.26297292
-0.8712022,0.4469354
-0.82808685,0.4761317
-0.92497665,0.3644156
-0.9315311,0.357876
-0.9241272,0.3623151
-0.9311773,0.3544667
-0.93122,0.3546326
-0.873813,0.440197
-0.02922453,0.36920547
-0.9204996,0.36577213
-0.60938156,-0.26776275
-0.012273966,-0.03133333
-0.5756018,-0.2755391
-0.9312289,0.35416174
0.022086425,0.35171992
-0.87410015,0.43781322
-0.93112504,0.3542248
-0.9310764,0.35640463
-0.93158925,0.35797283
-0.92957234,0.36013004
0.038413282,0.25361282
-0.9312673,0.35382506
-0.931238,0.3543413
-0.92299956,0.36443457
-0.93052834,0.35775995
-0.93064207,0.35861403
-0.9213896,0.3678292
0.031558532,0.11254119
0.018899145,0.02957559
-0.59511477,-0.2627051
-0.21830711,-0.22697043
-0.53884923,-0.276662
-0.85859096,0.46069112
-0.9315217,0.35781592
-0.15057555,-0.1908669
-0.59519464,-0.2711332
-0.84610015,0.46955696
-0.568023,-0.2759433
-0.8606095,0.45975223
0.01216974,0.2893065
-0.9214766,0.3668772
0.025037002,0.2611649
-0.9313303,0.35797215
-0.89273435,0.3955707
-0.92619944,0.35553652
-0.8704187,0.4492182
-0.8661096,0.45390454
-0.92326057,0.36255902
-0.8471201,0.4692748
-0.92836416,0.35645893
-0.86789614,0.45206124
-0.8691523,0.44807997
-0.307796,-0.26612073
-0.9262738,0.36291847
-0.9308837,0.35350263
-0.9155311,0.35868782
-0.92439103,0.35665998
-0.9300333,0.35962725
-0.93081623,0.35637072
-0.60504633,-0.2635847
-0.9282408,0.35256433
-0.86911994,0.45143518
-0.86541694,0.4550434
-0.87100166,0.44818678
-0.90970457,0.37336344
-0.93102425,0.35455346
-0.93164146,0.35743394
-0.8680932,0.4514401
-0.922626,0.36039034
-0.0073920395,0.33594814
-0.58455265,-0.2717328
-0.59457505,-0.27137586
0.022983348,0.26071286
-0.9312354,0.3539568
-0.931117,0.35360658
-0.9315942,0.35777393
-0.9300384,0.35504186
-0.93023825,0.35261127
-0.9215454,0.36388987
-0.8596992,0.46019092
-0.9271109,0.35643336
-0.9315236,0.35804042
-0.9311905,0.3575003
-0.92978126,0.35200784
0.027576221,0.26886022
-0.9299089,0.3517664
-0.9254521,0.35986125
-0.9314874,0.35799047
-0.928792,0.36046895
-0.5572068,-0.27396613
-0.93159264,0.3577055
-0.3451426,-0.27834296
-0.92335296,0.36518508
-0.92805123,0.3613049
0.032848254,0.24598289
-0.1972889,-0.21816091
-0.8749461,0.42877916
-0.70986056,0.53447545
0.031367745,0.15734124
-0.8769102,0.43184486
-0.92563343,0.35350063
-0.8703057,0.44773206
-0.9017602,0.38587984
-0.5842734,-0.26146606
-0.8702794,0.44915432
-0.5138093,-0.28048316
-0.9233917,0.36572587
-0.9310662,0.3550067
-0.90162283,0.3854434
-0.9313514,0.3555641
0.01534813,0.0063580675
-0.0032133614,-0.0028037063
0.040822208,0.12949605
-0.9300489,0.35866085
-0.92142105,0.3659932
-0.798302,0.49456912
-0.9315405,0.35805494
-0.9216828,0.36525714
-0.8612266,0.45861897
-0.8616363,0.4586598
0.037082944,0.10678377
-0.92988366,0.35264108
-0.9203317,0.36819544
-0.8810914,0.39476156
-0.8703156,0.42996952
-0.5793011,-0.27085036
-0.58110714,-0.27539176
-0.5875832,-0.26522255
-0.86455,0.455732
-0.92946666,0.35970506
-0.86592185,0.4540448
-0.6042997,-0.2684761
-0.8702126,0.44842458
-0.02153396,0.3733101
-0.931545,0.3577166
-0.9257474,0.36373177
-0.40426758,-0.28048486
-0.55214393,-0.27923918
-0.9308068,0.3579425
-0.87424535,0.4417518
-0.9297721,0.35527128
-0.87097865,0.4463818
-0.5497565,-0.27829474
0.0008087759,0.32790512
-0.930694,0.35379076
-0.92079306,0.36693862
-0.9313501,0.35807726
-0.8629899,0.45740256
-0.58301866,-0.27272597
-0.0035250965,-0.004695851
-0.93018264,0.35957104
0.03543728,0.2594693
-0.9248449,0.36061943
0.032503143,0.13398843
-0.9281026,0.3610137
0.03628865,0.20781352
-0.57111925,-0.27458856
-0.8702759,0.4475349
-0.10788684,-0.14580554
-0.92407936,0.36101288
-0.29243782,-0.26175207
-0.93111247,0.3542189
0.026875816,0.088386126
-0.0185313,0.38184312
-0.930788,0.3539105
-0.86969984,0.4499602
-0.8700857,0.44699943
-0.9308208,0.3586011
-0.9181747,0.36176315
-0.9309915,0.35367718
0.0011561676,-0.014695563
-0.8757784,0.4301239
-0.50205785,-0.28742665
-0.92947155,0.35513514
-0.9315322,0.3578415
-0.5002978,-0.28716287
-0.887455,0.3949358
-0.012542135,0.014171963
-0.3061041,-0.2558243
-0.9310776,0.356111
-0.9257171,0.3621461
-0.87095493,0.44756788
-0.92150265,0.36605904
-0.9208235,0.36722404
-0.9280114,0.35381553
-0.93008596,0.3560489
-0.53718233,0.5714463
-0.9240576,0.3591066
-0.93158746,0.35801092
-0.8662004,0.45313022
0.034431074,0.2814525
-0.8660376,0.45327207
-0.027367858,-0.05394258
-0.19487594,-0.22248216
-0.9296488,0.35112748
0.027005557,0.09247417
-0.8639339,0.45656332
0.046883155,0.24146912
-0.8648536,0.45540145
-0.9208346,0.36617824
-0.87873393,0.4279761
-0.383884,-0.28777733
0.018935254,0.026895525
-0.049546674,-0.09935743
-0.9308163,0.35409424
-0.025902713,-0.04151435
-0.908311,0.37585586
-0.9291709,0.3530783
-0.9259667,0.35510805
-0.92725,0.36045533
-0.9220734,0.36633095
-0.094445854,-0.10122279
-0.5408377,-0.27976516
-0.9289533,0.35840955
-0.5716253,-0.27359667
-0.030973911,0.375739
-0.43349856,-0.2835586
-0.9309097,0.35644516
-0.018176159,-0.059156086
-0.92439127,0.36236164
-0.6047498,-0.2687928
-0.025057798,-0.044394795
-0.8588448,0.4611067
-0.9217035,0.36718944
-0.9307307,0.35322577
-0.5851411,-0.27093136
-0.011659931,0.34732148
0.043311466,0.23340702
-0.93097353,0.35612845
0.0151636675,0.3109796
-0.9211725,0.36771187
-0.92716306,0.36030954
-0.5944132,-0.27287003
-0.47169748,-0.28332978
0.032113034,0.120112814
-0.91930586,0.36157188
-0.46046013,-0.29278302
0.032172304,0.17077486
-0.92086166,0.36679018
0.015605819,0.06372068
-0.0039694565,-0.028787289
-0.9228515,0.36572516
-0.9214308,0.3668907
-0.9276442,0.35499302
0.04433655,0.11732332
-0.9288289,0.36032116
0.030293105,0.19356607
-0.87237,0.44037655
-0.46714258,-0.2786001
-0.86459935,0.45573634
-0.9314915,0.3581205
-0.92989266,0.35982358
-0.92515343,0.3621745
-0.92349416,0.3648833
-0.87005347,0.44889134
-0.9233358,0.3646567
-0.86640495,0.45350644
-0.93147767,0.3580334
0.022516258,0.05929879
-0.9203435,0.36784193
-0.9310148,0.35411984
-0.9268506,0.3596155
-0.86666083,0.45415682
-0.93117267,0.3542036
-0.930455,0.35936213
-0.8561261,0.46226814
-0.9315302,0.35740948
-0.9308284,0.35309762
-0.92613536,0.35557345
-0.9220969,0.36642185
-0.92490274,0.36406398
-0.17497554,-0.20188789
-0.9212331,0.36713892
-0.9250322,0.36350775
-0.48655003,-0.27770403
-0.5775601,0.5751244
-0.92150456,0.36674714
-0.9225344,0.3655132
0.05018529,0.14081398
0.0071960427,0.3143761
-0.92128855,0.3663947
-0.92088914,0.36772314
-0.8733825,0.4387782
-0.9272394,0.3612599
-0.054009773,0.39803353
-0.44486374,-0.2935738
-0.9218181,0.36570784
-0.93107706,0.35446355
-0.9289039,0.3537901
0.017250473,0.32428637
-0.93155485,0.35790792
-0.9304665,0.35592377
-0.075047106,-0.12686054
-0.9295206,0.35970134
-0.93125296,0.35555258
-0.39311922,-0.28514215
0.0006091176,0.3389387
-0.92642623,0.3591842
-0.93093795,0.3526953
-0.8712377,0.4470446
0.02865547,0.14137931
-0.92852527,0.36132932
-0.020630147,-0.05006658
-0.8722667,0.4433865
0.03274833,0.29033527
-0.91964567,0.3664742
-0.9311544,0.3578253
-0.8670709,0.45330253
-0.871826,0.446642
-0.49578348,-0.2879199
0.040640082,0.17413126
-0.92196923,0.36476454
-0.92885226,0.3604724
-0.93043697,0.3518788
-0.5158311,-0.28640035
-0.9307772,0.35600194
-0.8951976,0.37110093
0.01951728,0.047067408
-0.93126947,0.35391226
-0.9314501,0.3579964
-0.91033494,0.37564385
-0.9311288,0.35599518
-0.9314836,0.3576988
-0.10795224,-0.14816609
-0.8718854,0.43398097
-0.91757005,0.36721253
-0.42122298,-0.28012812
0.031351067,0.26451376
-0.93133086,0.35533392
0.047239408,0.14564927
0.035745867,0.21647891
0.02788058,0.059860557
-0.87001467,0.45009145
-0.8705997,0.4439063
-0.875756,0.43473205
-0.9311984,0.35663754
-0.8679725,0.45258537
-0.9238351,0.3622554
-0.8711871,0.43973875
-0.8579019,0.46143967
-0.58220637,-0.2743364
-0.92928445,0.35559118
-0.8249375,0.48090264
-0.93155336,0.35800973
0.035978623,0.17432153
-0.93047297,0.35826913
-0.92291254,0.36328185
-0.9250138,0.35668728
-0.9309668,0.3556821
-0.9060917,0.3802131
-0.9310287,0.35370353
-0.8715504,0.44411418
-0.007087255,-0.0016376636
0.017925974,0.30412626
-0.9031808,0.38402647
-0.93152696,0.3578516
-0.9311742,0.3570693
-0.8484529,0.46837205
-0.85674584,0.46305785
-0.9220135,0.36659595
-0.9208676,0.3678737
-0.91636896,0.37608254
-0.92967665,0.3599856
0.03032275,0.21380953
-0.5143165,-0.28055426
-0.8603908,0.4595892
-0.5845857,-0.27015474
-0.93073773,0.35333556
-0.026972516,-0.054087684
0.028974079,0.084582195
-0.0049688155,0.3681686
-0.93106115,0.35347176
-0.93058264,0.3547361
-0.87375706,0.44042546
-0.93140674,0.35813886
-0.9308633,0.35362017
-0.9187726,0.3659938
-0.93154603,0.35787496
-0.9313461,0.3577818
-0.93121153,0.35378686
-0.93124163,0.35786584
-0.93101454,0.35839447
-0.8671461,0.4540764
-0.87319374,0.43916538
-0.93129957,0.3534716
-0.9315311,0.358076
-0.9247077,0.3605232
0.04106708,0.1878793
-0.5926095,-0.27260956
-0.8678565,0.45209622
-0.92857975,0.36099353
-0.93111044,0.3541927
-0.8556766,0.46378213
-0.8697255,0.4497083
-0.92947024,0.35479513
-0.5770781,-0.2746119
-0.9292016,0.35611543
-0.47414073,-0.2896728
-0.8610409,0.4578946
-0.92170703,0.36741114
-0.9280022,0.3586052
0.049795885,0.15664542
-0.052629165,-0.08440636
-0.9204423,0.36624292
-0.8707257,0.4473302
-0.9283266,0.3551469
-0.93085206,0.3533001
-0.8670619,0.45240614
0.0058291103,0.0528077
-0.9218302,0.36625296
0.036535304,0.18272552
-0.9296343,0.3558582
-0.9252798,0.36371452
0.028604995,0.25775096
-0.87082213,0.44653434
-0.041285913,-0.08631921
0.042557653,0.1566056
-0.92869073,0.36026803
-0.14142823,-0.17766443
0.010239912,0.28303757
-0.8741361,0.43435675
0.038723856,0.20745653
-0.8621582,0.45832837
0.04090652,0.14542888
-0.893854,0.39414325
-0.922599,0.35777932
0.042913213,0.13172914
-0.040907905,0.36717078
-0.9300871,0.35238174
-0.87046695,0.44902664
-0.9279576,0.360783
0.028083902,0.27425966
-0.87021625,0.450093
-0.93134624,0.3581253
-0.9301941,0.3548958
-0.032643657,0.35551804
-0.93063354,0.35277545
-0.9285893,0.36103484
-0.5975267,-0.26951045
-0.527964,-0.28167143
-0.93012697,0.35339203
-0.58491284,-0.2687176
-0.9314325,0.35768718
-0.86797243,0.45156366
-0.9313453,0.35803506
-0.21534348,-0.22936873
-0.9310808,0.35654014
-0.93155134,0.35786134
-0.92638713,0.35799256
-0.8713809,0.44498903
-0.9213772,0.36658213
-0.9308842,0.3584139
-0.9243954,0.3631066
-0.928193,0.3607559
-0.9315443,0.3558369
-0.8597764,0.4602127
-0.93126625,0.3542034
-0.5982652,-0.26515612
-0.8649731,0.454962
-0.48921895,-0.28299737
0.0019433517,0.35832152
-0.87036175,0.44682944
-0.8665156,0.4533157
-0.93117374,0.353836
-0.93112123,0.35369477
-0.93046576,0.35793388
-0.8674293,0.45283023
-0.8501494,0.46666455
-0.93152165,0.35665885
-0.03574843,0.3987185
-0.9312878,0.35472265
-0.85568815,0.46358898
-0.5419254,-0.28054056
-0.9303913,0.355484
-0.5964626,-0.2701775
-0.92902803,0.3596226
-0.9245726,0.36102766
-0.92560244,0.3638952
-0.928978,0.35813567
0.023655627,0.27257213
-0.9218806,0.36588624
-0.86728,0.45240706
-0.5246499,-0.2860047
0.040622503,0.1420786
0.03738456,0.24499336
-0.2045155,-0.2308188
-0.9296159,0.3589815
-0.9007589,0.3797152
-0.863462,0.4564699
0.03846366,0.17216794
-0.3319908,0.48279056
-0.86956686,0.4486213
-0.93160015,0.35800302
-0.92356616,0.36172092
-0.86653304,0.4541434
0.04325514,0.15425955
-0.9311337,0.35359463
-0.57040644,-0.26692143
-0.8694985,0.449379
0.026565827,0.102265835
-0.93156296,0.35754737
-0.91964924,0.36676538
-0.9209684,0.36684754
0.033963196,0.13917384
-0.9219422,0.36616302
0.01864511,0.25875172
-0.008821965,0.38761058
-0.9220614,0.3661201
-0.93138075,0.35464576
-0.9212038,0.36734745
-0.9310636,0.35529009
-0.93150824,0.35776722
-0.9218514,0.36512277
-0.56021875,-0.27535325
-0.93096036,0.35425705
-0.026545852,-0.05862691
-0.931204,0.35450545
-0.86055136,0.45880666
-0.83924425,0.47461498
-0.86405313,0.45586893
0.035689965,0.25593296
-0.92809093,0.35588634
-0.8683064,0.45162624
-0.93153894,0.3578864
-0.9312055,0.35408714
-0.8621012,0.45799518
-0.9250424,0.35402033
-0.06852202,0.42586538
-0.92168874,0.36680838
0.032009266,0.23539342
-0.84455276,0.46839747
-0.93153244,0.35791266
-0.598836,-0.2700345
-0.35822892,-0.2786022
-0.6085974,-0.2682693
0.048324794,0.17085971
-0.8619903,0.45816976
-0.9107737,0.3745165
-0.92195904,0.3654497
-0.86453736,0.4554452
-0.11968313,-0.16206253
-0.92067456,0.36710507
0.047109537,0.16774282
0.01374563,0.052099474
-0.1682234,-0.20805487
-0.2589345,-0.25925148
-0.9208479,0.36681956
-0.8696298,0.44954753
-0.9246044,0.35980132
-0.9312773,0.35803342
-0.9297935,0.3549619
-0.83715624,0.47117063
0.038845886,0.20473668
-0.9228495,0.36372837
-0.8711362,0.44760162
-0.55533284,-0.28083262
-0.17185834,-0.1906404
-0.93102396,0.35848173
-0.9217818,0.36766136
-0.74572396,0.51771504
-0.4701548,0.56014735
-0.92712253,0.3563016
-0.5971156,-0.26561338
-0.9303815,0.35902813
-0.5550201,-0.2796832
-0.50423896,-0.27799562
0.031723298,0.24201505
-0.60303986,-0.26648617
0.03470445,0.10511704
0.055201948,0.09859588
-0.9306549,0.3590277
-0.037440956,-0.06757109
0.033569872,0.18227097
-0.86348283,0.45666677
-0.93110377,0.35829058
-0.87349004,0.43890178
-0.9316521,0.35749286
-0.9315093,0.35742235
-0.9299498,0.3558334
-0.92664444,0.3603252
-0.8690371,0.45098108
-0.92410445,0.3636547
0.035440017,0.20115189
-0.80054396,0.48851556
-0.93064624,0.35741618
-0.62699825,0.55811065
0.041340616,0.13675499
0.028375363,0.1940627
-0.59326404,-0.27240017
0.021193855,0.26084927
0.02780545,0.029233554
-0.9315261,0.3579045
-0.92175645,0.36606565
-0.58627117,-0.2694758
-0.9314579,0.35609934
-0.9315748,0.35789576
-0.92211,0.3665493
-0.92339724,0.36537683
0.019568527,0.25127265
-0.9231921,0.3645188
-0.92654526,0.35904524
-0.9217979,0.3668516
-0.93094283,0.358633
-0.9297957,0.35661626
-0.92147523,0.36725113
-0.86500394,0.45404765
-0.8381129,0.4720346
-0.92409074,0.36331892
0.04962172,0.2178205
-0.93041056,0.3590234
-0.92466426,0.36165488
-0.8449697,0.4707428
-0.9310266,0.35535404
0.031570222,0.081076846
-0.9220937,0.35841897
-0.59401774,-0.26980612
-0.9213935,0.36636296
-0.458075,0.56274587
-0.86013037,0.4596083
-0.93041235,0.3533384
-0.8687265,0.43968725
-0.9205086,0.3677327
-0.8696306,0.44968393
-0.9294734,0.35938883
0.008353354,0.015189126
-0.9315305,0.35687563
-0.93084633,0.35864994
-0.85746694,0.4624309
-0.92788213,0.35312623
-0.92523474,0.36138654
-0.52980596,-0.28312993
0.031538468,0.26607004
-0.92679614,0.36049962
-0.03496154,-0.0654729
-0.92571163,0.35845283
-0.9312228,0.35418934
-0.92418176,0.36238334
-0.9303266,0.35609573
-0.92011166,0.3612017
0.03377165,0.111902185
-0.93118614,0.35361466
-0.9214614,0.36521703
-0.9315516,0.35775703
-0.8720184,0.44468522
0.038686264,0.24696767
-0.5956347,-0.2732616
0.026170885,0.06320174
-0.7136371,0.5244389
-0.8637791,0.45637515
-0.92960596,0.35497528
-0.8951864,0.39517072
-0.91860324,0.36654922
-0.8501541,0.46556407
-0.9209407,0.36564195
-0.86392045,0.45690686
-0.5420071,-0.28199795
0.009944605,0.015977947
-0.9315966,0.3576616
-0.9225188,0.36500186
-0.93098134,0.35442007
0.017104268,0.33273712
-0.16479489,-0.18888439
-0.9214297,0.3641396
-0.8628811,0.4572752
-0.8650198,0.45553756
0.007882546,0.029909365
-0.93103445,0.35307997
-0.92175454,0.363267
-0.004919254,0.33286503
-0.9313864,0.35753638
-0.9313034,0.35632604
-0.9119199,0.35833287
-0.91603327,0.36991325
-0.86876214,0.45154956
-0.859943,0.45996928
-0.46468353,-0.2835102
-0.5957478,-0.26770952
0.007972487,0.017757114
-0.8611242,0.45869604
-0.5674698,-0.27305663
-0.89409405,0.3898102
-0.87699455,0.4270191
-0.9311493,0.35392547
-0.572077,-0.27480146
-0.93088955,0.35855967
-0.8710382,0.44764584
-0.9308466,0.35881695
-0.91979057,0.36103633
-0.9219277,0.36569148
-0.9315351,0.3579948
-0.032024693,-0.04047356
-0.56727606,-0.24453577
-0.59731203,-0.27026063
-0.87832165,0.42461112
0.036689907,0.1120512
-0.60493743,-0.26832166
0.03434595,0.11484828
-0.001682227,-0.016869284
-0.93119395,0.35377407
-0.89581543,0.3926604
-0.93103355,0.35349622
-0.9275589,0.3573464
0.033572715,0.059368618
0.042502712,0.20131612
-0.5505099,-0.27938914
-0.9294694,0.35250503
-0.9293964,0.35827833
0.037538808,0.18705226
-0.9300311,0.3565685
-0.8684007,0.45188004
-0.8757303,0.42908677
-0.51308304,-0.27674556
0.04357439,0.11981461
0.03311818,0.06853523
-0.92067623,0.36701095
-0.9204611,0.3660401
-0.92845553,0.35503167
-0.93103456,0.35320356
-0.9305394,0.35670084
-0.54195935,-0.27983543
-0.0058312556,0.007915351
-0.8524249,0.465643
-0.8696666,0.4494059
-0.93141156,0.35786134
-0.93033785,0.35231805
-0.92144156,0.36653736
-0.92923206,0.35248065
-0.4864215,-0.28794536
0.029589955,0.07863983
0.009959308,0.015772002
-0.33967724,-0.2781912
-0.5555312,-0.28019083
-0.9315422,0.35790917
-0.8677042,0.45219094
-0.921939,0.36743215
-0.931017,0.3538661
-0.87014204,0.44673145
-0.93093514,0.3542601
-0.92628604,0.36234444
-0.82811576,0.4791688
0.0390176,0.17293695
-0.92164874,0.36587584
-0.9215997,0.36626354
-0.861926,0.45870835
-0.93110055,0.35737294
0.04886464,0.20620713
-0.931398,0.35654962
-0.0016961301,0.34254915
-0.08542776,0.4511671
0.022421362,0.007836107
-0.9243809,0.36290887
-0.0959212,0.43394995
-0.47770962,-0.2890341
-0.9192949,0.36572343
-0.11001304,-0.14804478
-0.81768847,0.48740238
-0.9262003,0.36241853
-0.59522474,-0.27282852
-0.9246464,0.36207104
-0.00010302211,-0.008313176
0.04034505,0.25414574
-0.8386873,0.47255287
0.026600776,0.086455666
-0.9301568,0.3576437
-0.86619925,0.45295388
-0.9306096,0.35335517
0.03629236,0.12766226
-0.545732,-0.27840054
-0.9224649,0.36640945
-0.92661685,0.35695106
-0.93049127,0.35666442
-0.92829156,0.36052147
-0.9308183,0.35285613
-0.92997307,0.3525273
-0.6027372,-0.2678277
0.03627899,0.14822164
-0.9196804,0.36784464
0.04386702,0.21751024
0.0441553,0.20317885
-0.86492413,0.45491683
-0.931486,0.3581273
-0.93155164,0.35708487
-0.49448347,-0.28858864
-0.92238826,0.36339712
-0.8691886,0.44854903
0.034942232,0.26515827
-0.27736267,-0.25084263
0.015917925,0.021622468
-0.92857003,0.3611213
-0.9314233,0.35780308
0.025072446,0.30843148
-0.9315232,0.35805866
0.025371447,0.09906173
-0.93096906,0.35519603
-0.93110806,0.35821602
-0.8653128,0.45529184
-0.30679864,-0.2656216
0.036560137,0.24452859
-0.93114763,0.35434687
-0.8424797,0.4680671
0.006786056,0.018312808
-0.34974995,-0.28439677
-0.9290539,0.35341173
-0.931375,0.35648137
-0.9247888,0.3637544
-0.87062484,0.44595566
-0.9219726,0.36618719
-0.075076275,-0.12794769
-0.8661069,0.45384014
0.01839062,0.27927077
0.036996454,0.1548826
-0.9212894,0.36627734
-0.8490961,0.46802953
-0.92180055,0.36503857
-0.93090165,0.3534931
-0.9247069,0.3635714
-0.92852634,0.36094832
0.041841824,0.14997046
-0.5182378,0.4619011
-0.8996476,0.38545784
-0.9296651,0.35922262
-0.9236262,0.36196914
-0.9307861,0.3541036
-0.9275582,0.36076632
0.028408935,0.252768
-0.91173935,0.37399983
0.03487621,0.10383216
-0.931544,0.35775846
-0.93145096,0.3578696
-0.92241526,0.36536148
-0.86382675,0.45685893
-0.539341,-0.26593596
-0.24576381,-0.24923718
0.027402787,0.121594004
-0.9204165,0.36878526
-0.91781676,0.36012408
0.040413648,0.09733014
-0.86873347,0.45008793
-0.93150055,0.3580174
-0.9272745,0.36256748
0.026190842,0.13036212
-0.9309232,0.35457823
-0.9237102,0.36200148
-0.17018288,-0.21111879
-0.8715885,0.44398567
-0.38334173,-0.28277287
-0.9307022,0.355284
0.03436232,0.08628582
-0.60261625,-0.2705251
-0.92954266,0.35809666
-0.93157303,0.35784808
-0.61930734,-0.26741976
-0.8650209,0.4539439
-0.93157923,0.35766605
0.03301904,0.2746511
-0.92601305,0.36297876
-0.8710868,0.44640803
-0.9300764,0.35915178
0.043527216,0.21189336
-0.9313833,0.35746264
-0.9187155,0.36703286
-0.26716122,-0.25824705
-0.93106526,0.3538215
-0.92697835,0.36219612
-0.8690322,0.4505488
-0.9313457,0.35792226
-0.931388,0.35513723
-0.90658665,0.3800613
-0.9315847,0.3579708
-0.046337426,-0.093165845
-0.47500092,-0.2822309
-0.92640805,0.35600144
-0.93104553,0.35813946
-0.9311528,0.35348856
-0.53934306,-0.2818034
-0.9309821,0.3542474
-0.9311892,0.3544498
-0.9315843,0.35757643
-0.86171794,0.45769525
-0.852009,0.46511924
-0.9314063,0.35345668
-0.5218834,-0.28355637
-0.930536,0.35290226
-0.9304914,0.35412952
-0.93040925,0.3561704
0.03672719,0.22146404
0.038087636,0.16616485
0.01035339,0.05680284
-0.9297786,0.35970232
0.03129094,0.08177947
0.031431466,0.1502916
-0.49151734,-0.2878146
-0.34441447,-0.27626002
-0.9211422,0.3659492
-0.8680708,0.4523839
-0.9178953,0.36749926
-0.9218966,0.36454576
-0.92143226,0.36693245
-0.92328745,0.36186802
-0.9315349,0.35466293
0.047512453,0.10621122
-0.903564,0.3787035
0.0330116,0.13615964
-0.86422855,0.45606646
-0.8607145,0.4595519
-0.9315713,0.35774526
-0.910071,0.3787451
-0.5865297,-0.2688837
-0.8806822,0.41427374
-0.86004925,0.45916614
-0.57997215,-0.26950553
-0.92229414,0.36634755
-0.931549,0.35627848
-0.8723245,0.44340113
-0.92067236,0.35702693
-0.9252362,0.36246124
-0.33782795,-0.27804637
-0.9225301,0.36438996
-0.87382555,0.43799013
-0.92559105,0.35926872
-0.87240565,0.44480714
-0.5969509,-0.26780176
-0.9216945,0.36734095
0.04801831,0.2117956
-0.9254909,0.3617307
-0.9315776,0.3577132
-0.8738423,0.44016472
-0.3673207,-0.27891073
-0.93056387,0.35879478
-0.59799224,-0.26530603
-0.92092377,0.36531425
-0.43092972,-0.29709196
-0.917203,0.3653181
-0.9315234,0.35775554
0.040656503,0.108796105
-0.9310875,0.35453388
-0.9310982,0.35388368
-0.5391933,-0.2803026
-0.93135154,0.35615972
-0.9217998,0.3663492
-0.20483193,0.51739466
0.036025017,0.2162117
-0.3733813,-0.28111857
-0.86356,0.45659557
-0.9306323,0.35848266
0.011667376,0.029989077
-0.92162097,0.36362928
-0.38096133,-0.2825879
0.032987006,0.10753191
-0.87159514,0.43850043
-0.92690635,0.362045
-0.92817736,0.36056277
-0.40452382,-0.29104435
-0.86211085,0.45875067
-0.86890274,0.45094904
0.024881633,0.057403397
-0.15838946,-0.18681785
-0.87284267,0.43919247
-0.93139875,0.35780364
-0.9253883,0.3639793
-0.92561555,0.36244217
-0.8681864,0.45175672
-0.9281619,0.3602836
-0.86051565,0.4595432
-0.9210467,0.3669951
-0.87035364,0.44800434
0.043194313,0.16671379
-0.87247294,0.44503206
0.0339542,0.19851772
0.01754726,0.1596387
-0.86555594,0.45503777
-0.010331101,0.3930095
-0.87447625,0.44038767
-0.92940277,0.35636312
-0.93081254,0.35269192
-0.9315767,0.35754973
-0.93135995,0.353638
-0.8726655,0.44500798
-0.9314808,0.35773638
-0.92685896,0.36205393
-0.9294137,0.35695145
0.027565643,0.23070769
-0.87099224,0.44847202
-0.93122214,0.35563856
-0.5895362,-0.269776
-0.92089576,0.36804867
0.04195809,0.16964582
-0.38467047,-0.27061298
-0.9239042,0.358377
-0.87566364,0.43245277
-0.9297141,0.3534048
-0.92104816,0.36557537
-0.5714448,-0.27640757
-0.9197686,0.36780536
-0.9311706,0.35854778
-0.92530024,0.35761753
-0.92749625,0.36268473
-0.59728193,-0.2720612
-0.8650404,0.45489913
-0.8833205,0.41163203
-0.5787866,-0.2728262
0.043002352,0.1299084
-0.86706793,0.453338
-0.91990566,0.36726114
-0.93102235,0.35365534
-0.92694277,0.36248428
-0.055831935,-0.08367129
-0.9266927,0.35813275
-0.60616934,-0.2677521
-0.92349625,0.36191687
0.038300376,0.20897788
0.030877447,0.22599149
-0.93154854,0.35737506
-0.85229164,0.46635142
-0.9264386,0.3612825
-0.544647,-0.27757823
-0.9300252,0.35981745
0.03495735,0.2577256
0.0055166893,0.061945617
-0.86771345,0.4524431
-0.859506,0.46031255
-0.93156916,0.35762188
-0.5328506,-0.2804166
-0.9217454,0.3664641
-0.9209276,0.3666649
-0.87266755,0.4363132
-0.92084545,0.36319748
-0.93099153,0.35351387
-0.8656274,0.45406422
-0.85957074,0.46000454
-0.92247784,0.3667681
-0.9254345,0.3619617
-0.9291515,0.35713777
-0.07636298,-0.11953078
-0.9301002,0.35626617
-0.92947674,0.3595531
-0.5928356,-0.26747975
-0.928819,0.35883266
-0.93134046,0.3554113
-0.9312853,0.3557878
-0.6112235,-0.26701334
-0.8695405,0.44878328
-0.9039116,0.38154188
-0.92130756,0.36453417
-0.9220859,0.36644447
-0.9300595,0.35802865
0.020678239,0.09168033
0.028209414,0.118717045
0.0387168,0.19777933
-0.84549373,0.4693368
-0.93082327,0.35471523
-0.9312405,0.35796347
0.03380482,0.22513391
-0.87486655,0.42266634
-0.9287115,0.3523157
-0.93023604,0.3593755
-0.017696267,0.3838379
-0.9205792,0.3620741
-0.09753229,-0.13821323
-0.29346454,0.5038235
-0.92774606,0.3605381
-0.011545615,0.3528123
-0.31619954,-0.26731434
0.0071523194,-0.010738751
0.030432118,0.21359758
-0.0068184338,-0.020730702
-0.9286398,0.35972825
-0.908641,0.37747827
-0.8725697,0.44518134
-0.8462872,0.46892703
-0.9263696,0.35807502
-0.92245275,0.36389905
0.035312694,0.20410948
-0.92919874,0.35991773
-0.9315785,0.3579871
-0.8762251,0.4304594
-0.9257645,0.36385232
-0.19992374,0.49677795
-0.86348283,0.45702067
-0.931524,0.35780048
-0.93154025,0.3579447
-0.6007283,-0.2691994
-0.92477965,0.36213818
-0.92892945,0.35964364
0.029277314,0.09752898
-0.9313365,0.3545934
-0.93149,0.35801613
-0.87032866,0.43689615
-0.8685972,0.45189786
-0.41355947,-0.28279418
-0.9303491,0.35311186
-0.5993912,-0.26386788
-0.93035215,0.35710183
-0.8503332,0.46960354
-0.15285699,0.45166957
-0.93092096,0.35522702
-0.93150944,0.35783195
-0.931512,0.35795322
-0.9291889,0.35269383
-0.39364994,0.57039714
-0.930522,0.35435757
-0.9215538,0.3673872
-0.9280835,0.35945952
-0.9302521,0.35296538
-0.8759328,0.42569128
-0.87247294,0.42583877
-0.92934436,0.3558212
-0.91112375,0.37460694
-0.9156929,0.3670326
-0.9246039,0.36366454
-0.9313658,0.35833526
-0.93160146,0.35779127
-0.9299773,0.3548884
-0.92159957,0.36574668
-0.50537026,0.5791986
0.035857677,0.23127748
-0.9045465,0.38007224
-0.008018939,0.33749488
-0.06315849,-0.11340744
0.048590258,0.13941549
-0.9313936,0.3574809
-0.9305812,0.3557535
-0.3027194,-0.24941386
-0.00717886,-0.033233263
-0.9303544,0.35505077
-0.5467388,-0.27868858
-0.5692164,-0.27124473
-0.93127376,0.35424355
-0.6988204,0.5377669
-0.9309714,0.35388687
-0.85297865,0.46479496
-0.92123854,0.3678554
-0.93154114,0.357919
-0.865068,0.4554819
-0.9216261,0.36678973
0.02528235,0.28072715
-0.9304573,0.35740948
-0.047464717,-0.077282436
0.048148673,0.21339063
0.0047448087,0.014464874
-0.9124386,0.37513578
-0.23836948,0.5448254
-0.013292846,-0.031371024
-0.93149424,0.35714427
-0.8698083,0.4446051
-0.5806976,-0.2718875
-0.92463434,0.36424
-0.9201249,0.36171636
-0.93075716,0.35352227
-0.8692758,0.44967252
-0.30105513,-0.27086535
-0.93138385,0.354762
-0.9315819,0.35724014
-0.9315404,0.35785174
-0.87146986,0.4456908
-0.9270043,0.36174777
-0.92225426,0.36553887
-0.5398566,-0.2762096
-0.8743374,0.41660902
-0.85475516,0.4641269
-0.9313344,0.35796928
-0.93161356,0.35782373
-0.8649144,0.45593375
-0.8755974,0.43234587
0.024497136,0.15627584
-0.70475084,0.5403711
-0.9311442,0.35441855
-0.92152154,0.36776808
0.034995172,0.14275683
-0.528729,-0.28358796
-0.9315333,0.3578665
-0.93093175,0.3541822
-0.9315666,0.35785505
0.033549093,0.10306014
0.028423274,0.26582012
0.044349704,0.2066325
-0.8489141,0.45882425
-0.9221028,0.3668868
-0.87032247,0.44755828
-0.09964001,0.43764222
-0.8629954,0.45629358
-0.9215188,0.3665214
-0.13677698,-0.18013962
-0.8674896,0.45177478
0.017840957,0.026057739
-0.8659827,0.45378837
-0.53574795,-0.2779421
-0.9314588,0.35769352
0.033449113,0.14157064
-0.87303174,0.43002337
-0.8739867,0.441224
-0.92994773,0.3555316
-0.17561994,0.5085868
-0.8677248,0.45244506
-0.64984554,0.54582644
-0.9315498,0.35791868
-0.8664804,0.45374027
-0.8858122,0.4024188
-0.931586,0.35788232
-0.9297538,0.3521531
-0.9310285,0.35865876
-0.87597877,0.42976663
-0.93097353,0.35314924
-0.9215797,0.3670759
-0.3391684,-0.27719083
0.013935585,0.3010953
0.04880107,0.14658648
-0.17369469,-0.196904
-0.9310181,0.357455
-0.85770637,0.46226335
-0.84741527,0.46886536
-0.93160856,0.35779098
-0.9311779,0.35356906
0.043491524,0.1829696
-0.9274705,0.3579299
-0.92075384,0.36161223
0.02625169,0.13443908
-0.92111015,0.36539438
-0.9315564,0.35795492
-0.15640861,-0.19315092
-0.930288,0.35443568
-0.93031394,0.35909966
-0.9214177,0.36069962
-0.9302165,0.35833105
-0.873223,0.44020164
-0.8676997,0.45193186
-0.9312054,0.35707566
-0.9248826,0.3617304
-0.1154884,-0.15832636
-0.92950314,0.35686907
-0.46529064,-0.28986675
0.024168849,0.09815255
0.017815957,0.16760756
-0.0036430266,0.3319344
-0.93039113,0.35244355
-0.55602485,-0.2768435
-0.30642718,-0.26819527
-0.9217816,0.3664829
-0.9274869,0.35572338
-0.41154212,-0.27424258
-0.5801648,-0.27554756
-0.871407,0.4405966
-0.9311269,0.35642576
0.036998298,0.121513374
-0.8500259,0.4670311
-0.5519092,-0.2755589
-0.93120587,0.35443634
-0.8691203,0.44962928
-0.8700953,0.4492551
0.013051107,0.35490867
0.030489957,0.07330485
-0.93150425,0.3579481
-0.9300793,0.35967663
-0.87036353,0.4468546
-0.92273647,0.36575398
-0.8934448,0.395634
-0.9312757,0.35828152
-0.07124967,-0.030892795
-0.92310977,0.3658984
-0.93153995,0.35770795
-0.93139476,0.35527575
-0.8669405,0.45324945
-0.9314798,0.3578396
-0.55601305,-0.27894083
-0.8677844,0.452445
-0.026895734,-0.03992049
0.036416136,0.2183239
-0.53285617,-0.28278884
-0.9171332,0.36518112
0.037723593,0.20836172
-0.92428386,0.36509869
-0.9282832,0.35349065
0.0050454913,0.021377362
-0.58039916,-0.27526927
0.052898858,0.18901321
-0.16029295,-0.19286403
-0.86965054,0.44983575
-0.87559015,0.42982307
-0.9286791,0.3539577
-0.9314888,0.35782593
-0.87351716,0.4424431
-0.580054,-0.27740195
-0.0484236,0.41042912
-0.31449276,-0.26328185
-0.931468,0.35768843
-0.92966175,0.35934198
0.03129648,0.09861181
-0.92096573,0.3667495
-0.9220753,0.36699957
-0.931546,0.3578877
-0.93152684,0.35801363
-0.87734145,0.42812216
-0.9305932,0.35352722
-0.9312597,0.3526628
-0.5840039,-0.27377495
0.040139563,0.09247839
-0.928831,0.36033806
-0.9314229,0.35777345
-0.93035185,0.35432
-0.9296497,0.35518748
-0.86679035,0.4533709
-0.03288517,-0.07767327
-0.8284332,0.48009008
-0.8673352,0.4507665
0.047712628,0.18120736
-0.93099123,0.35388878
-0.9289753,0.3531985
-0.87536776,0.4184971
-0.5871088,-0.2694792
-0.9223012,0.36652574
-0.8685931,0.4514602
-0.93078077,0.35706213
-0.92982495,0.35427645
-0.86907464,0.45116222
-0.9314719,0.35778904
-0.93101937,0.35333386
-0.9237954,0.36002973
-0.93153673,0.3580354
-0.59065986,0.5718866
-0.043030877,-0.08615796
-0.60017073,-0.27005905
-0.86970365,0.45021912
0.025523586,0.0763037
-0.8633686,0.45662093
-0.8533444,0.46458447
-0.3241227,-0.27462274
-0.93158287,0.3579548
0.018347792,0.30860183
-0.9308586,0.35768312
-0.92184466,0.3665417
-0.93063927,0.35421392
0.005576149,0.3474337
-0.8735698,0.4424583
-0.8771945,0.42568317
-0.87476504,0.4368404
0.03160327,0.18327986
-0.93146205,0.3547865
-0.9225467,0.36526495
-0.8771936,0.4304958
-0.9315868,0.35771504
-0.8737321,0.4393848
-0.93094397,0.35541052
-0.011661428,-0.045971334
-0.9315501,0.35788485
-0.9315631,0.3578667
-0.8656428,0.4550409
-0.8740913,0.43593758
-0.92204833,0.3676615
-0.8699905,0.44925177
-0.9310543,0.35405323
-0.92596,0.3637319
0.04619047,0.12133314
-0.9215589,0.3665796
-0.8709142,0.44815278
-0.923502,0.35775292
-0.8977136,0.38779998
0.020898947,0.055300236
-0.9310549,0.35652593
-0.93091404,0.3537325
-0.5656233,-0.27433428
0.018082013,0.3217848
-0.6024534,-0.26660147
-0.006397551,0.32373968
-0.5867707,-0.27231953
-0.8671817,0.45243955
-0.82890344,0.47473225
-0.8667114,0.45314673
-0.8631222,0.457244
-0.9251872,0.35711256
-0.9226377,0.36583358
-0.8495766,0.4665749
-0.92306,0.36183736
-0.87332195,0.44239074
-0.93129885,0.3540695
-0.92101395,0.3608181
0.042386692,0.16148153
0.033994894,0.14488809
-0.9302893,0.35904977
-0.9305668,0.3586695
-0.9281209,0.3591261
-0.9304472,0.3575261
-0.72140193,0.5340126
-0.9217693,0.35962075
-0.9302753,0.35810006
-0.92226684,0.36593917
0.029639805,0.29674622
-0.93147546,0.35797432
-0.9307829,0.3537232
-0.06392508,0.4185662
-0.931495,0.35802063
-0.92781246,0.36144963
-0.85522586,0.46380115
-0.93023413,0.35856152
-0.8711692,0.44754773
-0.8420778,0.47319785
0.019730205,0.32071328
-0.8791487,0.4204676
0.037972335,0.12102584
-0.033501547,0.38795567
-0.8748828,0.44066185
-0.12838042,-0.1505649
-0.9232684,0.36514953
-0.8659091,0.45463157
-0.5446789,-0.27336627
-0.93105704,0.35353753
-0.8332086,0.47359243
-0.87015694,0.45012984
-0.92041934,0.36706477
-0.8177097,0.48053062
-0.9303013,0.35174567
-0.06565784,0.43201193
-0.54107046,-0.27354065
-0.87514645,0.43781036
-0.9298468,0.35765883
-0.92975694,0.35891408
-0.852353,0.46624655
-0.24139969,-0.24239871
-0.9312041,0.35365704
-0.9249845,0.36264613
0.007972938,0.014896099
0.034047756,0.14617065
0.032222133,0.25303385
-0.56793725,-0.27010062
-0.8311125,0.47629797
0.03720857,0.20357932
-0.015758175,-0.02098828
-0.92270005,0.3665162
-0.9244156,0.36135393
-0.9205448,0.3656103
-0.8677228,0.45184144
-0.8787727,0.40448102
-0.9310757,0.35376287
-0.5295601,-0.28561667
-0.9312271,0.35389397
-0.91823155,0.36751068
-0.93158746,0.35791692
-0.86182725,0.45823094
-0.9088223,0.37526253
0.042906776,0.13143733
-0.91590226,0.3588397
-0.17872567,-0.20996952
-0.9281032,0.36067855
0.03717027,0.23654324
-0.9314081,0.35686865
-0.8685965,0.44945294
-0.93093455,0.35318816
0.032716166,0.1647143
-0.41850334,0.5612462
-0.9218162,0.36617842
-0.8797011,0.41679516
-0.8902332,0.3733667
-0.93149257,0.35792446
-0.92785275,0.36099195
-0.9311225,0.35540575
-0.8727362,0.42859167
-0.8720314,0.43987998
-0.5920835,-0.2687401
-0.41381875,-0.27704728
-0.9213016,0.35906908
0.042462014,0.16968678
-0.86033726,0.45922467
-0.87143683,0.44538665
-0.92990184,0.35864213
-0.44011092,-0.28566206
-0.9137415,0.37139067
-0.93164366,0.35750464
0.031873588,0.08709222
-0.86989826,0.4430316
0.041180078,0.22354032
-0.93109846,0.3543626
-0.9256045,0.36397716
-0.8756928,0.43450123
-0.85387665,0.46356785
0.008444919,0.2879487
-0.93087,0.35356456
-0.9226151,0.36269373
-0.35300642,-0.26590136
-0.8676376,0.45275635
-0.93069047,0.35402867
-0.9211316,0.36679143
-0.85725445,0.46184725
-0.93022275,0.3567623
-0.9301808,0.35254526
-0.93061507,0.35301912
-0.8459232,0.46943533
-0.057304237,0.44770497
-0.56705946,-0.27913383
-0.9256777,0.36291358
-0.92314076,0.3652861
-0.9315459,0.35782447
0.035171844,0.097636804
-0.92693347,0.35846314
-0.8663768,0.45398507
-0.9314093,0.35813048
-0.35161576,-0.2791928
-0.10803643,0.44675273
-0.0041842614,0.3099194
-0.8684301,0.45191374
-0.9205121,0.36661652
-0.86954665,0.44877487
-0.8471832,0.4697887
-0.8560587,0.46320987
-0.92178833,0.3659495
-0.8642627,0.4564912
0.040260363,0.23660274
-0.016348515,-0.022555828
-0.39730108,-0.28538775
0.023254788,0.18871905
-0.8194032,0.4813358
-0.93110263,0.35433552
-0.85896134,0.46135184
-0.8644011,0.45571744
0.03807052,0.17688347
-0.91719615,0.36925802
-0.9303634,0.35511282
-0.5899733,-0.26952812
-0.8736414,0.4408522
0.025863849,0.054972284
-0.5888264,-0.26807767
-0.92594504,0.36156982
-0.41491514,-0.09951915
-0.92111754,0.36729085
-0.54111403,-0.27729344
-0.9304362,0.3556869
-0.9311587,0.35342565
-0.102162346,-0.14554945
-0.8684528,0.45105028
-0.58525836,-0.27460247
-0.8734894,0.40856934
-0.57285076,-0.27463827
-0.8772689,0.431801
-0.8691855,0.45098248
-0.015974062,0.31417084
-0.4499273,-0.27621165
-0.6704559,0.5321205
-0.92078835,0.36135307
-0.92119634,0.36441445
-0.9190792,0.36671397
-0.92841345,0.36031967
-0.92106336,0.36678058
-0.8706563,0.44767
-0.9213528,0.36579236
0.04086458,0.11128839
-0.9312488,0.35731944
0.03624739,0.23336159
-0.8726502,0.44518054
-0.87212366,0.44351774
-0.48796976,-0.2861332
-0.5428754,-0.2803021
-0.9210549,0.3675707
-0.60447884,-0.26527822
-0.93080103,0.35390878
0.002295446,0.2971869
-0.92800146,0.36186665
-0.91954774,0.3658705
-0.15564026,-0.19070442
-0.07128547,0.4303607
0.04034397,0.13912433
-0.8496697,0.46699503
0.02592264,0.102722436
-0.93094516,0.3536462
-0.9314512,0.3579119
-0.92905843,0.3533151
-0.9266827,0.357549
-0.87141585,0.44704968
-0.92218,0.36638403
-0.9294845,0.35173327
0.028228903,0.2921477
-0.87155914,0.44544885
-0.8714094,0.44528687
-0.9274651,0.3617359
-0.8696687,0.45032182
-0.9313904,0.35792872
-0.3695724,-0.2786605
-0.16003263,0.50853723
0.03027348,0.09940512
-0.855147,0.46399415
0.0073695118,0.32890505
-0.87300783,0.4448918
-0.86548144,0.45444095
-0.93155086,0.35693198
-0.93152595,0.3578013
-0.9315415,0.3579327
-0.87665457,0.42553166
-0.9303115,0.3588137
-0.92655724,0.35931548
-0.87452996,0.4331649
-0.92879206,0.35729492
-0.049656093,-0.07162512
-0.9309278,0.3527714
-0.8651895,0.4541243
-0.5805815,-0.27520594
-0.9311649,0.35370964
0.040282786,0.1426176
-0.87360716,0.4225659
0.028425379,0.050482113
-0.92485726,0.35416895
-0.8791956,0.42322415
-0.93123853,0.35766864
-0.9302379,0.35499486
-0.9311182,0.3542773
-0.86534476,0.4544747
0.03208648,0.20035365
-0.8693877,0.4499015
0.038066097,0.16785222
-0.9315825,0.3578836
-0.91815925,0.36838958
-0.87460774,0.43608108
-0.9225366,0.36624888
-0.42355567,-0.28707975
-0.4609834,-0.28274953
-0.55163085,-0.27648303
-0.17155056,-0.2048211
-0.86848176,0.4502586
-0.9287982,0.3546716
-0.9159225,0.36224335
-0.93119484,0.3577738
0.041803222,0.15094425
-0.931601,0.35788018
0.045302108,0.21806918
-0.92824376,0.3607119
-0.92039984,0.36787456
-0.9310754,0.35361862
-0.85411465,0.46490788
-0.91980064,0.3675613
-0.9228761,0.36570698
0.009261119,0.3357434
-0.93136966,0.35834032
-0.9300848,0.35595262
-0.9209505,0.36736727
-0.931124,0.35377973
-0.9315317,0.35783634
-0.8645932,0.45547545
-0.48736975,-0.2772603
0.034283593,0.104924634
-0.92320454,0.36509797
-0.8706819,0.44887573
-0.92456293,0.36112046
-0.9315552,0.35785952
-0.92268634,0.3660841
-0.931434,0.35801485
-0.92275643,0.3646466
-0.9288177,0.35533783
-0.92669654,0.36217815
-0.93135184,0.35607037
-0.931505,0.35783908
-0.931563,0.3581423
-0.93084145,0.35344976
-0.9311248,0.353976
-0.93117,0.35363877
-0.4024798,-0.28184462
-0.86749595,0.4531696
-0.8610234,0.45927033
-0.92089915,0.36778003
-0.4784987,-0.27934524
-0.93085885,0.35295087
-0.9204427,0.36677298
-0.9216154,0.3670692
-0.022388611,0.39508572
-0.07209108,-0.11172932
-0.9309448,0.35664067
-0.87066203,0.44873765
-0.34934276,-0.27028155
0.019483205,0.25745007
-0.8491414,0.46801046
-0.0070696045,0.32120055
-0.86932874,0.4508528
-0.9315627,0.35768425
0.028450431,0.07955249
-0.15282309,-0.20654729
-0.87036043,0.44641858
-0.9292075,0.36058423
-0.930678,0.35849065
0.028897384,0.24973966
-0.93128896,0.35415444
-0.3763771,-0.27010626
-0.9309636,0.35412663
-0.8740476,0.44015896
0.0074672354,0.2656155
-0.0016888921,0.38439795
-0.93105066,0.3530196
-0.9256519,0.36326817
-0.9306948,0.3571697
-0.93017405,0.3531357
-0.7467262,0.5022869
0.037648894,0.149228
-0.92980427,0.35623735
-0.5460542,-0.28065175
-0.93131435,0.35413918
-0.9305155,0.35292107
0.022077419,0.29521587
0.043988425,0.18055844
-0.867419,0.45287576
-0.9304575,0.35420758
-0.91890883,0.3689116
-0.86442745,0.45526335
-0.9279869,0.35992777
-0.88096005,0.4124589
0.023665205,0.19379704
-0.9309641,0.35505915
-0.92984736,0.3525665
-0.93118674,0.3556629
-0.8445262,0.46952352
-0.9283623,0.35254273
-0.9312567,0.35400712
-0.930712,0.35220423
-0.9315835,0.35780373
-0.93149364,0.3577557
-0.93054104,0.3535572
-0.8555411,0.46368346
-0.9315151,0.35805163
-0.87150973,0.44491687
-0.87127304,0.44693327
-0.36379638,-0.27696326
-0.8696509,0.44989595
-0.025434421,-0.030584905
0.051436573,0.21369003
-0.9235759,0.3648768
-0.9218099,0.36504418
-0.9314236,0.35799965
-0.9315149,0.35796314
-0.36205888,-0.26995566
-0.9286884,0.36035293
-0.9216171,0.36694133
0.03601015,0.1449562
-0.8743951,0.44141376
0.011035189,0.06450338
-0.9302495,0.35204747
-0.9302021,0.35309023
-0.92169,0.35941425
-5.280306e-05,-0.010240982
-0.9315648,0.35784763
-0.9285169,0.36103877
-0.9215305,0.36654562
-0.92912084,0.36024392
-0.92972416,0.35760233
-0.5557012,-0.276195
-0.93105996,0.35419223
0.040964164,0.17117785
-0.91679686,0.3626722
-0.93100166,0.35420555
-0.8720601,0.443889
-0.49888453,-0.27728057
-0.2802328,-0.25960615
-0.9290815,0.352711
-0.86307526,0.45629653
0.04714664,0.18825337
-0.93096524,0.3537726
0.035712127,0.09998631
-0.025384078,0.3867972
-0.9305953,0.35445648
-0.875072,0.4358807
-0.9236595,0.3653263
-0.874746,0.43397054
-0.31731325,0.57407063
-0.9314145,0.3581937
-0.24690926,-0.24725768
-0.9221761,0.36381006
0.029896474,0.15673393
-0.9306639,0.3552236
-0.87131715,0.4261047
-0.8719967,0.4454786
-0.92950296,0.3599456
-0.87386787,0.44247746
-0.21126002,-0.22081552
-0.006450971,0.06833675
-0.86487705,0.45524588
-0.5909737,-0.2671228
-0.92947596,0.35949454
-0.8723558,0.4441196
-0.86841005,0.4519705
-0.4395478,-0.2778805
-0.93143684,0.3577958
-0.9306642,0.35280615
0.028664429,0.09540327
0.04603514,0.18647118
-0.5748915,-0.27238283
0.008692431,0.3052178
-0.87361974,0.43506163
-0.8656894,0.45463955
-0.92581064,0.36329272
-0.059351064,-0.1056719
-0.8597293,0.46057886
-0.9296616,0.35917705
0.039861776,0.17276002
-0.011373819,-0.02611183
-0.8660664,0.4543107
-0.9289539,0.36043096
-0.93153316,0.35781
-0.928708,0.3573692
0.040735926,0.14873058
-0.86886024,0.45145902
0.042748254,0.21993399
-0.9314675,0.35766518
-0.9315027,0.357896
-0.9281958,0.3609303
-0.5642815,-0.2768506
-0.9315218,0.35761818
-0.92231846,0.36630264
-0.8709927,0.44056875
-0.93113333,0.35420194
-0.029669423,0.40192083
-0.9213098,0.36778975
-0.9315172,0.3581578
0.03458478,0.23147528
-0.93082076,0.35423785
-0.8745104,0.4347454
-0.93143874,0.35799676
-0.9313991,0.35772896
-0.0041132984,0.020371301
-0.9278956,0.3526462
0.047518734,0.13750446
-0.86594206,0.454049
-0.87013644,0.44189247
-0.9231659,0.36566147
-0.93142116,0.3579132
-0.8470267,0.46970233
-0.93092877,0.35362437
-0.9261587,0.3536284
-0.8692628,0.44935653
0.038546253,0.21334626
-0.9248751,0.35901272
0.016467305,0.33405092
-0.9301041,0.353751
-0.92421055,0.36162624
-0.5945775,-0.27151415
-0.5611179,-0.27487388
-0.9313609,0.357325
-0.93081635,0.35589626
0.045054745,0.116425
0.035251457,0.23135868
-0.0067890584,-0.012358022
-0.93154615,0.35773367
-0.93113524,0.3544364
0.026968203,0.272372
-0.92161804,0.36425912
0.0024961373,0.31903496
-0.60577345,-0.26826552
-0.9211596,0.36755377
-0.5757289,-0.2720341
-0.93158776,0.35803723
-0.86871725,0.44865406
-0.58914447,-0.2718875
-0.9216992,0.36671752
-0.9219009,0.3658144
-0.9309723,0.35320842
-0.9306208,0.35372102
-0.9212185,0.36634502
-0.91106033,0.37537336
-0.8634912,0.45707282
-0.85396254,0.4646761
-0.86875683,0.4508908
-0.870213,0.44888437
-0.9211594,0.36751336
0.01712498,0.0595185
-0.8732905,0.44163984
-0.93155766,0.35789227
0.012625665,0.03892554
-0.86259544,0.4578009
-0.024300953,-0.07617821
-0.91852134,0.36924192
-0.9305205,0.35941216
-0.9219243,0.3652927
-0.034888636,0.37727425
0.03999675,0.16796699
-0.926744,0.36006984
-0.93143255,0.35791713
-0.6127268,-0.2644864
-0.9214416,0.3631631
-0.9301256,0.35950008
-0.93162596,0.35789904
-0.83990204,0.47287002
-0.6118555,-0.2616646
0.025583258,0.099835604
0.01923896,0.19871408
-0.93051684,0.35239023
-0.9293471,0.3597144
-0.5887989,-0.26812312
-0.92431825,0.36494088
-0.9315226,0.35801268
-0.86852896,0.45180538
-0.86792547,0.45138916
-0.93154263,0.35772488
-0.9213599,0.36683822
-0.9311809,0.35563502
-0.8644647,0.45628747
-0.578864,-0.2762959
-0.92185414,0.36548293
-0.8392563,0.4723848
-0.87355655,0.4413721
-0.10664274,-0.15843369
-0.87328357,0.4416286
-0.8720425,0.44525492
0.0326122,0.2620039
-0.5875583,-0.26256645
0.028917974,0.23048156
-0.9166544,0.3680269
-0.9247572,0.36363888
-0.93035483,0.35304406
0.045006324,0.2136654
-0.9312857,0.35821244
-0.92947793,0.35625374
-0.8497865,0.4659066
-0.93153495,0.35769564
0.05003995,0.15748277
-0.47933435,-0.29009843
-0.8306631,0.47445104
-0.93132865,0.35487783
-0.9262021,0.36192992
-0.930506,0.35504138
-0.8699163,0.44878536
-0.004584858,0.3892946
-0.93130994,0.35744765
-0.86656886,0.45379665
-0.9305102,0.35638535
-0.8819847,0.42083213
-0.9197273,0.36751494
-0.93150795,0.35787934
-0.93159556,0.35787705
-0.5726958,-0.27807188
0.0045871516,0.06547009
-0.9214031,0.35904518
-0.9315597,0.3557229
-0.61731476,0.5577478
0.040665727,0.21625952
-0.91611266,0.35959306
-0.921857,0.36674
-0.9315575,0.35791302
-0.9048995,0.3668323
0.010991524,0.063716374
-0.9296834,0.35438582
-0.9312702,0.35502127
-0.93034184,0.35242108
-0.92163473,0.36334834
-0.87017244,0.44787237
-0.92695034,0.35586277
0.0303093,0.2555076
-0.92189395,0.36615723
-0.87206167,0.44682524
0.019217903,0.23696956
-0.9315377,0.35789463
-0.9250749,0.3637314
-0.87420934,0.4400227
-0.5568863,-0.27836663
-0.9313455,0.35350615
-0.92986596,0.35183433
-0.9314488,0.35780576
0.03718775,0.22462046
-0.8568702,0.46212682
0.04121041,0.10046725
-0.90851724,0.37732714
-0.87383044,0.43957233
-0.92698115,0.35927024
-0.18713288,-0.21850404
-0.93124235,0.35455537
-0.86424184,0.45554152
-0.8503812,0.46693066
-0.9312977,0.35768253
-0.9211618,0.3642736
-0.92272985,0.36134362
-0.9117207,0.37439233
-0.059231162,-0.10312791
-0.91613877,0.3693215
-0.86960894,0.45012188
-0.86959547,0.44411126
-0.5878853,-0.26881006
-0.93069816,0.353648
-0.93107384,0.3543909
0.040394653,0.17437868
-0.93032986,0.35265702
-0.92837834,0.359363
-0.5661518,-0.27516848
-0.92167187,0.3659942
-0.93164206,0.3576676
-0.9287183,0.36088565
-0.93067783,0.3540865
-0.89436215,0.39482602
-0.93048304,0.35326305
-0.47018325,-0.2912392
-0.87453467,0.43739706
-0.93150485,0.3579855
-0.6154431,-0.2694296
-0.9303191,0.35654753
-0.9285744,0.3558357
0.03128558,0.101698585
-0.9229657,0.36540908
0.04127591,0.13621396
-0.9303766,0.35893953
-0.58471274,-0.27307653
-0.9228807,0.36369267
-0.60074,-0.2695939
0.039466623,0.23182534
-0.1014928,0.43311635
-0.6583538,0.5541021
-0.44117433,-0.28197792
-0.49275628,-0.2846846
-0.82842237,0.47628215
-0.8760672,0.42790586
-0.920969,0.36623445
-0.0065497486,0.36828595
-0.72403085,0.5263518
-0.86695296,0.4529864
0.04634604,0.25697964
-0.9204945,0.36802095
-0.92799187,0.3615152
0.03876348,0.1270277
-0.86808795,0.4504838
-0.9159454,0.35780445
0.036246173,0.23258992
0.039978918,0.2014916
-0.8646985,0.45520833
0.044633135,0.11611227
-0.93045384,0.35961652
-0.9300438,0.35585514
-0.07684969,-0.11303665
-0.92138004,0.3636688
-0.8558596,0.46335143
-0.92822117,0.36154908
-0.54761994,-0.28100353
-0.9306332,0.3529633
0.023977784,0.074720934
-0.9263292,0.35958025
-0.022628691,0.3414513
-0.8568631,0.46245435
-0.91787004,0.36803612
-0.87403375,0.4389965
-0.9185174,0.36865312
-0.92155665,0.36518383
-0.922086,0.3622125
-0.5506118,-0.27671698
-0.92553717,0.36381257
0.020601328,0.08703525
-0.93072575,0.35614753
-0.9272659,0.3604456
-0.09875394,-0.14716652
-0.92863846,0.3521914
0.0049019777,0.3307745
-0.87361705,0.43996504
-0.870164,0.44581422
-0.9195901,0.3688908
-0.8741217,0.43368167
-0.86842054,0.45205352
-0.9312297,0.35802367
-0.9218105,0.36673674
-0.45455334,-0.25091112
-0.86386865,0.45642057
-0.4572097,0.573392
-0.9308817,0.35441047
-0.9312985,0.3564297
-0.9264193,0.3595331
-0.04081326,0.39880094
-0.45650288,-0.2688422
-0.93157285,0.35703152
-0.9199977,0.3669237
-0.9308947,0.3535047
-0.9289645,0.36065647
0.04732427,0.12916023
-0.866422,0.45415428
0.0070853694,0.015333053
-0.86664313,0.4536678
-0.9312993,0.35828876
-0.87349874,0.43579978
-0.93103606,0.3536307
-0.9304872,0.35411823
-0.8708858,0.44311562
-0.8726835,0.44350666
0.036355577,0.21598911
-0.38601625,-0.28417292
0.0011907724,0.29106072
0.030451339,0.3094201
-0.041783772,0.40703264
0.03833774,0.28143883
-0.9314533,0.357675
-0.9262949,0.36314064
-0.8917233,0.39697793
-0.003108101,0.35710534
-0.9195819,0.36215666
-0.9293514,0.35407394
-0.9315671,0.35766858
-0.92874813,0.35560024
-0.9315223,0.35794187
0.01429288,0.3124896
-0.9308444,0.35313457
-0.9303911,0.35577208
-0.9294725,0.35477835
-0.8439216,0.4711108
-0.9273284,0.36209416
-0.9312061,0.3580177
0.033328556,0.054642353
-0.8657091,0.45404863
0.023926215,0.32048693
-0.9249984,0.3572378
-0.9288083,0.36007905
-0.5898609,-0.26449618
0.041247297,0.1667301
-0.9313102,0.35506302
0.043139946,0.20603465
-0.86128396,0.45809305
-0.5105127,-0.2814457
-0.9307545,0.35275707
-0.9249578,0.36344656
-0.93096477,0.355676
-0.9215654,0.36607835
-0.048810393,-0.06727693
-0.9306624,0.35325396
-0.60913855,-0.25980183
-0.9280642,0.3605505
-0.917045,0.3693566
0.040485583,0.15922472
0.02517576,0.2920327
-0.8527073,0.46542862
-0.5691622,-0.27526084
-0.51275426,-0.28907204
-0.8508532,0.4648765
-0.9315268,0.35799423
-0.5707371,-0.2748613
-0.014754615,-0.035623092
-0.0368492,0.39578122
-0.46178007,-0.28071555
-0.87158537,0.44862244
-0.8726405,0.4459879
-0.9307497,0.35351476
-0.9314852,0.3580023
-0.92974055,0.35235247
-0.86615956,0.45396864
-0.9271546,0.3516108
-0.9296179,0.35245398
-0.4248665,-0.29373613
-0.929696,0.35900247
-0.55257,-0.27568054
-0.36751518,-0.27415067
-0.9300571,0.35538715
0.01798997,0.05288026
-0.9285471,0.3567454
-0.61330414,-0.2697541
-0.9312975,0.35510802
-0.9267358,0.357137
-0.8495169,0.46712035
0.017313972,0.07709008
-0.5999149,-0.2676943
-0.8706466,0.44868702
-0.8818267,0.41257006
-0.5119585,-0.28499576
0.046388302,0.20515603
0.017825762,0.053312786
-0.8688468,0.45109966
-0.928113,0.35395372
-0.9315041,0.3578626
0.040805906,0.28070137
-0.9215016,0.36604542
-0.866308,0.45421788
-0.9304176,0.35786343
-0.93151766,0.35788676
-0.015131516,-0.03839581
-0.9278662,0.35591498
-0.9216204,0.36617744
0.025835088,0.19047274
-0.02412087,0.3802697
0.037973225,0.18811865
-0.92814326,0.36100346
-0.8564778,0.46283925
-0.8652063,0.45464563
-0.9302299,0.35699898
-0.020004518,0.40140003
-0.92214614,0.36440971
0.028868666,0.2383276
0.036974303,0.19765477
-0.931505,0.3580353
0.026304444,0.2443841
-0.9293091,0.3597687
-0.92896426,0.35402304
-0.9102992,0.3769027
-0.9245553,0.36120668
0.038486782,0.13641883
-0.8590573,0.46087703
-0.9229153,0.36573678
-0.9305198,0.35850504
-0.5961799,-0.26634827
-0.85345465,0.46466798
0.041779958,0.22470845
-0.87216127,0.4415736
-0.9309755,0.35368434
-0.9316106,0.3578922
0.038238656,0.19778146
-0.8767906,0.43026185
0.037557736,0.21831489
-0.8522626,0.4651929
-0.9222482,0.36459094
-0.9312006,0.3546223
-0.9304352,0.35906285
-0.9235397,0.35167125
-0.8667456,0.45364654
-0.93145776,0.35783073
0.043328878,0.1955383
-0.5850276,-0.26898366
-0.8685756,0.4501019
-0.9233912,0.36290672
-0.8524033,0.465992
-0.54769474,-0.27873275
-0.87132156,0.44473907
-0.93077755,0.35344648
-0.8735007,0.44436374
-0.92960644,0.35241067
-0.8687063,0.4501619
0.027088871,0.058365405
0.040216703,0.19121683
-0.9222115,0.36548594
-0.92777735,0.35918772
-0.93097824,0.3536705
-0.8714276,0.44378597
-0.9233016,0.36599046
-0.92193997,0.36064202
-0.93145317,0.3578508
-0.86520267,0.45559382
-0.013006499,-0.021013537
-0.92191166,0.36617896
0.03411124,0.15967399
0.04361615,0.16128226
0.032155536,0.23310067
-0.8703183,0.4473902
-0.9248728,0.36018848
-0.9216278,0.36782238
-0.004395216,0.0003182302
-0.8476651,0.46964395
-0.9269756,0.35819408
-0.86372817,0.45695618
-0.21879593,-0.22811715
-0.9216645,0.36690152
-0.9281543,0.3611804
-0.9311137,0.35462633
-0.0060509155,0.00413858
-0.9259775,0.36292174
0.03846457,0.1784882
-0.7727733,0.5051054
-0.8543381,0.46455207
-0.5576483,-0.2754372
-0.59373105,-0.27419403
0.027594041,0.14126165
-0.8745272,0.43430406
-0.5879523,-0.2729318
-0.93157256,0.35791263
-0.92153883,0.36742482
0.037629962,0.13067393
-0.92397296,0.3639983
-0.8705451,0.44847536
-0.92619044,0.36276495
0.019863522,0.02132995
-0.8595435,0.46011573
0.03979568,0.118766405
-0.5910349,-0.26608402
-0.5467854,-0.2552865
-0.92776597,0.35743588
-0.24812928,-0.24402551
0.038180284,0.2608688
0.051928114,0.1820592
-0.5662748,-0.27470487
-0.93022984,0.35888192
0.027253192,0.28894135
-0.92956686,0.35981265
-0.9111713,0.36272827
-0.8728665,0.43933615
-0.5573982,-0.27655792
-0.93138605,0.35757068
-0.93085486,0.3589034
-0.511404,-0.28519297
-0.92133266,0.3686013
-0.5380577,-0.27532104
-0.15199369,-0.18992732
-0.92750335,0.3602544
-0.93140197,0.35312712
0.04597329,0.23592566
-0.57731193,-0.26593068
-0.9232898,0.36504504
-0.8802683,0.41297185
-0.93077135,0.3537852
-0.9298048,0.3600391
-0.41176134,-0.29313573
-0.9299943,0.35556924
-0.9309875,0.3530481
-0.9316227,0.35798374
-0.027913637,-0.06102139
-0.8718513,0.44508946
-0.872101,0.44508532
-0.9303522,0.35244638
-0.92117524,0.36625502
-0.91956383,0.36764994
-0.9291934,0.35977733
-0.92903674,0.35916373
-0.8658393,0.45364127
0.040035017,0.15516491
-0.93101007,0.3541855
-0.4842507,-0.28331512
-0.12953186,-0.16633992
0.05053069,0.16497073
-0.60863644,-0.26822075
-0.9310154,0.35412216
-0.9299196,0.35206845
-0.92863613,0.3586325
-0.56637245,-0.27396724
-0.9315051,0.35585123
0.032473918,0.22784312
-0.87340367,0.41536394
-0.93090504,0.35851175
0.013228242,0.29662576
-0.4887662,0.5777579
-0.9105262,0.35913545
-0.9315239,0.35800752
-0.9314226,0.3577571
-0.9289046,0.35544997
-0.9281755,0.3608634
-0.92560434,0.35737813
-0.56575274,-0.27745098
0.022260997,0.048734326
-0.9248335,0.36244655
0.024478324,0.30027515
-0.9314829,0.35782906
-0.59396625,-0.2687634
-0.931546,0.35757637
-0.9307823,0.35350752
-0.00903871,0.2270674
-0.9204032,0.3592387
-0.9315971,0.35802147
-0.47625774,-0.28615293
-0.92182636,0.3664242
-0.821728,0.4840417
-0.8735521,0.42976132
-0.9296219,0.35939604
-0.9287782,0.358953
-0.86877584,0.45104933
-0.92192066,0.36180815
-0.8731142,0.4383662
0.041083395,0.21648349
-0.9256489,0.3598536
-0.877571,0.4294644
-0.5782748,-0.24506587
-0.93102616,0.35544667
-0.87558967,0.43611073
-0.8289147,0.47675124
-0.60558915,-0.26020378
-0.82954574,0.47749558
-0.91283894,0.37348017
-0.92592585,0.35517135
-0.91503644,0.37174588
-0.5814062,-0.27214223
-0.93118936,0.3544122
0.03576073,0.23077035
-0.9311279,0.35345864
-0.86902803,0.4504804
0.0051183193,0.31420413
0.005210824,0.30224267
-0.07932107,0.45097074
-0.9265439,0.3588126
-0.9311956,0.3572218
0.030453015,0.24131286
-0.8704232,0.4465446
-0.9214943,0.36632532
-0.87325406,0.4418702
-0.9172485,0.36916286
-0.93097645,0.3535091
-0.86682284,0.45337942
-0.9296684,0.35282877
-0.93144965,0.35793263
-0.9316099,0.3566888
0.000951011,-0.0014788635
-0.9314441,0.35807475
-0.8698812,0.4503631
-0.8886026,0.40531713
-0.92965287,0.3587663
-0.86853063,0.4518827
-0.077279136,0.45141643
0.00038115546,0.25710005
-0.92129284,0.36674473
-0.93113405,0.35522687
-0.12955765,-0.16815548
-0.8986487,0.38828352
-0.8745305,0.4340987
-0.93159467,0.35791603
-0.48947635,0.5952998
-0.23651576,0.5333307
-0.1573176,-0.20113724
-0.9280648,0.35777357
-0.8728872,0.44116756
-0.8687915,0.45118412
-0.93087214,0.35592097
-0.8113075,0.48560494
-0.84414136,0.47176084
-0.93027246,0.35318214
-0.5548094,-0.27639765
-0.92291546,0.3650979
0.030693235,0.2167878
-0.918647,0.36773673
-0.86612755,0.45391062
-0.9174187,0.36828998
0.027947491,0.28288242
-0.8738492,0.43713194
-0.9309785,0.3578386
-0.57940483,-0.2704292
-0.93120414,0.3542948
-0.9210749,0.36566976
0.033587135,0.16213213
0.02545044,0.093314074
-0.92883474,0.3608951
-0.9315446,0.357621
-0.9293092,0.35352552
-0.61334956,-0.2645702
-0.37333438,-0.27560675
-0.7909842,0.49844605
-0.8614019,0.4591065
-0.29378366,-0.26092267
-0.8708952,0.44771245
-0.43051663,-0.287858
-0.930478,0.35349378
-0.9309779,0.35359326
-0.8619573,0.45773402
-0.92233336,0.36525643
-0.9305689,0.35642496
-0.9286392,0.3604405
-0.9305171,0.35297674
-0.92776006,0.360092
-0.86802065,0.45261008
-0.30086255,-0.25389293
-0.5081929,-0.27930212
-0.9222763,0.36626816
-0.8639939,0.4557076
0.027586859,0.19354568
-0.9228601,0.35688722
-0.92976844,0.3569794
-0.8712593,0.44769374
-0.8682816,0.4490989
-0.92978096,0.35904592
-0.92705846,0.35929397
-0.85874563,0.4608714
-0.9251032,0.36319458
0.026549106,0.2484159
-0.9312011,0.35855228
-0.8511399,0.46643177
-0.9270489,0.36132562
-0.20432793,-0.21885733
0.030342601,0.20441216
-0.8713936,0.4475323
-0.8719541,0.44468763
-0.87097234,0.44872648
-0.92159027,0.36661735
0.028902652,0.0946942
-0.88775736,0.40251592
0.02205271,0.05103067
-0.8597644,0.45955983
-0.9312865,0.3540706
-0.93097776,0.35357842
-0.9267027,0.35728285
-0.9280331,0.3584974
-0.92355,0.3649106
0.020605337,0.041205157
-0.8703953,0.44880986
-0.9251007,0.3625927
-0.92712563,0.3601278
-0.9270064,0.3573385
0.043224495,0.21030992
-0.35323095,-0.27986327
-0.92646736,0.35890684
-0.91856664,0.36984393
-0.07041977,-0.12016103
0.039806105,0.14181311
-0.9313615,0.35792547
-0.8777799,0.42290384
-0.92159504,0.36587775
-0.20561886,-0.22575772
-0.9214769,0.3671546
-0.9266191,0.35259184
0.014753429,0.004640516
0.0057311095,0.012009655
-0.92274845,0.36590207
-0.8692201,0.45025903
-0.929768,0.35255584
-0.56674093,-0.27209714
-0.9269072,0.35994592
-0.86670285,0.45379114
-0.9214633,0.3670438
-0.9312547,0.35437474
0.033252764,0.1596672
-0.418298,-0.26957637
-0.92134625,0.36711994
-0.019197129,0.36140233
-0.8724451,0.44378784
-0.8831574,0.4027234
0.042832743,0.10645599
-0.87243867,0.44527796
-0.8307545,0.4743006
0.035348352,0.21632053
-0.580639,-0.27749795
0.039155178,0.09926795
-0.92193216,0.36616975
-0.93151283,0.35799256
-0.8128432,0.4850901
-0.9307873,0.35421395
0.035255447,0.12716152
0.040783655,0.13274707
-0.56008977,-0.27819696
-0.9306532,0.35889712
0.027122326,0.13332461
-0.57714254,-0.2721048
-0.9314115,0.35802078
-0.93054354,0.3527484
-0.93153244,0.35784826
-0.060641445,-0.09743403
-0.92996824,0.3570054
-0.9181777,0.36865553
-0.007682614,0.36081183
-0.2923626,-0.2527892
0.03723587,0.10555452
-0.9301446,0.35458717
-0.5884421,-0.27205324
-0.8533273,0.46493345
-0.9300823,0.35877347
-0.92927104,0.35216343
-0.9311334,0.3534723
-0.5983782,-0.2672288
-0.9315474,0.3577048
0.030602464,0.20033288
-0.86663026,0.45389703
-0.39742443,0.5551571
-0.9304108,0.3589515
-0.92530084,0.36377087
-0.9171578,0.36955604
-0.86548024,0.45415637
0.032807227,0.07609394
-0.9310232,0.35302728
-0.92585677,0.35573396
