0.8299579,0.2511571
-0.5618319,-0.6948908
0.87637717,0.20490591
-0.6714245,-0.58507705
0.2853024,-0.4619219
-0.5671424,-0.69293606
0.92022085,0.09975164
-0.6241838,-0.6434719
-0.67811054,-0.57505727
-0.58611804,-0.6776983
0.92815685,0.01861038
-0.67467064,-0.5807893
0.9226647,0.04815395
-0.6740307,-0.5813208
-0.5762015,-0.68300164
-0.54950964,-0.7046719
0.92760974,-0.007947669
0.92202735,0.09278016
0.24701737,-0.5081407
0.042065546,-0.67954206
-0.54974365,-0.7076151
0.853579,0.23700294
0.9280837,-0.002315223
0.8243902,0.25614068
0.9095573,0.13181314
0.9034466,0.16066585
0.92525864,-0.009804853
0.92878884,-0.002698664
-0.55026704,-0.703412
0.92682827,-0.010341534
-0.6772141,-0.5775047
-0.5532893,-0.70069146
0.9189682,0.10628361
0.82070374,0.25799024
0.7276097,0.23522635
-0.5905388,-0.6719782
-0.676259,-0.57952714
0.8863989,0.18049063
0.8833632,0.18435559
0.89785266,0.16700031
0.9258181,-0.016253386
-0.6740866,-0.580843
0.9233345,0.08071151
0.9276233,-0.0074632172
0.9267818,-0.007608338
0.9192409,0.09829324
-0.04526346,-0.7246651
0.1339106,-0.5918185
0.30289504,-0.41421667
0.9241665,0.07236232
0.8511318,0.2395979
0.926396,0.060589112
0.9230961,0.07469499
-0.6747743,-0.5803719
0.13841873,-0.592286
0.7722836,0.2826319
0.91977006,0.102205336
-0.02993285,-0.7132184
0.15005663,-0.5632851
0.29955688,-0.42443013
-0.67461205,-0.5812193
0.36894053,-0.2900567
-0.029470641,-0.72212434
0.91395664,0.1255075
-0.006617485,-0.7064377
0.92980444,-0.010426401
0.82697976,0.2641049
0.15389955,-0.5727853
0.792665,0.26203883
0.15786068,-0.5828648
0.032711092,-0.69039845
0.9289915,0.01772558
0.036934193,-0.67991984
0.92767274,-0.00698128
0.90990674,0.124981746
0.91824335,0.11469175
0.91280353,0.1298133
-0.64978755,-0.61656225
0.88071454,0.2005485
0.9229944,0.0865941
-0.67596525,-0.5764671
0.92103773,0.103049554
-0.5460646,-0.706936
0.8393402,0.2576959
0.91282475,0.1205301
-0.48695502,-0.72802895
0.9246454,0.06628566
0.9287904,-0.011138286
-0.1445181,-0.74650425
-0.5459998,-0.7011559
0.9278648,-0.0019174292
-0.04193096,-0.72074425
-0.67598987,-0.5780786
-0.6772773,-0.5755754
0.32257408,-0.32195505
0.9218615,0.08965976
-0.48225826,-0.7346311
0.15586124,-0.57806075
-0.6723393,-0.5841586
0.10061237,-0.6358733
0.8637335,0.22709742
0.9277618,-0.017090516
0.87588936,0.20288935
-0.5403787,-0.70853096
-0.5507092,-0.7040628
-0.5842337,-0.67871493
0.9212826,0.07761248
0.5156294,0.01550647
-0.5408653,-0.70778346
0.92041624,0.09726025
0.83728576,0.25138426
0.91600436,0.09630546
-0.47727823,-0.7360081
-0.6647665,-0.59422797
0.9222509,0.08385044
0.82744557,0.24751121
-0.6774161,-0.57282674
-0.56162596,-0.69422024
0.31339148,-0.40340215
-0.64303994,-0.62107295
0.9169084,0.114707634
-0.58415264,-0.6747381
-0.55474144,-0.69990486
0.5539216,0.053646196
0.903624,0.15377754
-0.10092872,-0.7298417
-0.5358284,-0.7118927
-0.53516746,-0.7133189
-0.66810846,-0.59179616
0.8970782,0.17816795
0.91145074,0.09638244
0.92074984,0.102311
0.10817897,-0.60763836
0.90500396,0.152458
0.19999607,-0.53473234
0.92365015,0.06661423
0.915948,0.10667357
-0.67507637,-0.579341
0.92880255,0.01373352
0.83902895,0.24917404
0.8643165,0.2079151
-0.5844142,-0.67648
-0.6061181,-0.66143495
0.9257545,-0.0045600943
-0.6740828,-0.5784372
0.17903496,-0.5438234
-0.5617802,-0.692242
0.7163406,0.25288126
-0.5252484,-0.71731275
0.9254917,0.0747497
0.90593475,0.15288398
0.8980867,0.16288432
0.9286061,-0.0029750036
-0.6746874,-0.57843006
0.066862196,-0.6665198
-0.2548738,-0.77374375
-0.6279905,-0.63695604
0.14061302,-0.5867316
0.92113984,0.10176076
-0.6164775,-0.6496228
-0.54383725,-0.70267045
0.8265036,0.26005378
0.71229434,0.2452315
0.8897233,0.18286979
0.7467907,0.2667496
0.92398185,0.08260701
0.92748094,0.015479647
-0.23179139,-0.7705871
0.7866166,0.2740421
0.1683444,-0.56073594
0.9261875,-0.01431731
-0.67437714,-0.5810438
-0.059706427,-0.7329393
-0.50249046,-0.72779113
0.72901094,0.23496476
0.62473625,0.15055573
-0.55358255,-0.69930303
0.28659222,-0.4239812
0.9232103,0.061342746
0.89867586,0.15994021
-0.14776777,-0.7448138
0.13922574,-0.5842802
-0.57485116,-0.68471396
0.8144341,0.26566812
0.19458725,-0.5430619
0.15714842,-0.58049977
0.11053685,-0.6163453
0.8939244,0.17257734
0.9272831,-0.008670088
0.92728776,-0.007099871
0.92047733,0.102525584
0.92567515,0.03908075
-0.56814176,-0.6871004
0.92896664,-0.0059905592
-0.6742809,-0.58092475
0.19214322,-0.5371939
0.9071083,0.12467809
0.92851794,-0.0065593757
0.9127375,0.11692475
0.07170518,-0.6505444
0.1623607,-0.56471455
0.8975389,0.14529973
-0.6469146,-0.61807346
0.324096,-0.3581459
0.7974021,0.25972185
0.89327425,0.16675878
0.89609665,0.15634046
0.92859733,0.011520781
-0.49839202,-0.72729844
-0.53828156,-0.70928544
0.9047763,0.13428855
0.8830134,0.19563745
-0.568334,-0.68887776
0.15985076,-0.5653419
0.35170528,-0.2821903
0.108140774,-0.628045
0.8238069,0.25396135
0.9209389,0.09255916
0.92425466,0.07230327
-0.6706613,-0.58530045
0.9211033,0.09491554
0.15174656,-0.58064604
-0.6746872,-0.57853377
0.92158026,0.08953972
-0.54415244,-0.7065043
0.9125593,0.1217899
-0.5720362,-0.6875734
0.9180299,0.10775691
-0.66320974,-0.5957503
-0.5642614,-0.6949356
0.7295424,0.25297123
-0.65353376,-0.6086208
0.9264846,0.041333746
0.9084553,0.13573162
-0.47760534,-0.7406638
0.25684813,-0.47228593
0.9276876,-0.0074842493
-0.47062424,-0.7353052
-0.5445154,-0.7026552
0.5447643,-0.024959436
0.72825575,0.24189821
0.49456894,-0.021641117
0.9259336,0.03373978
0.8240112,0.2543916
0.24007387,-0.47779527
-0.5623843,-0.6929198
0.887506,0.18924007
-0.07202061,-0.7270558
-0.61976916,-0.6453716
0.83320993,0.26572973
-0.5636974,-0.69455683
-0.54065555,-0.7081767
0.9257298,0.051649097
-0.5317382,-0.7144795
-0.6738664,-0.5769131
0.92057574,0.1019337
-0.54147553,-0.7062134
0.9081792,0.12956183
0.9212133,0.098030664
0.12402055,-0.5992326
-0.5096002,-0.7266037
0.88814783,0.17277712
0.8122537,0.27715123
-0.2778786,-0.76935863
0.84456,0.23983435
-0.5740854,-0.6865807
-0.674345,-0.57705426
0.8169536,0.26079622
-0.6769812,-0.5792984
0.92770666,-0.007859059
0.09479629,-0.63613904
-0.67610794,-0.5772446
-0.6722302,-0.5858875
-0.53333867,-0.7110482
-0.5905531,-0.67427325
0.9063695,0.13284475
0.49394795,-0.05188083
0.8997112,0.15307653
0.917516,0.11120665
0.80485934,0.27574345
0.10931268,-0.6231794
-0.54310924,-0.7068998
0.92008334,0.10518676
0.92623466,-0.013041125
0.003971717,-0.70338655
0.4856395,-0.060894635
-0.53192186,-0.7140745
-0.55887234,-0.6982044
-0.6536493,-0.6095683
0.925766,0.077483654
0.9267894,0.029773694
0.9267595,-0.0045793178
0.8017313,0.27820557
0.91991955,0.10262364
0.09073969,-0.6348633
0.7855526,0.27520463
0.92772824,-0.012207231
0.20908953,-0.4986335
0.90042424,0.15963463
0.9154703,0.12590596
-0.37666604,-0.76456857
-0.65667367,-0.6042577
-0.60717446,-0.65766925
-0.28625834,-0.75862616
0.9275279,0.033073742
0.8661843,0.21369949
0.0007293037,-0.7091512
-0.07497834,-0.7303195
0.9115503,0.13285479
-0.6156272,-0.6482816
0.8481569,0.24179442
0.15759978,-0.5740629
0.49000263,-0.03864851
0.89947146,0.1546822
0.8862897,0.17104614
0.2858218,-0.47231182
0.7556694,0.27105528
-0.5065226,-0.7208403
0.91935194,0.10756344
-0.6534371,-0.6093513
0.04778998,-0.67358357
-0.112376675,-0.7395289
-0.49684846,-0.7271966
0.8888947,0.18867598
0.8711848,0.20597272
0.9264054,0.033305317
-0.67419624,-0.5821086
0.80734426,0.2671371
-0.58650017,-0.67726487
-0.543108,-0.7086952
-0.5323386,-0.7150835
0.17448093,-0.5564437
0.929017,-0.0012685144
0.19125564,-0.518591
-0.044228423,-0.71706975
-0.68049735,-0.5723159
-0.54789585,-0.7003147
-0.6288866,-0.63734215
0.79592425,0.27479923
-0.61705524,-0.6471787
0.8819939,0.17397247
-0.41307187,-0.7629858
-0.5618678,-0.6936354
0.9267156,-0.0071637193
0.02714403,-0.6906894
0.48295105,-0.07265725
-0.56214553,-0.6881371
-0.60857815,-0.6539711
-0.656396,-0.6059423
0.9092445,0.12992287
0.86364436,0.21420528
0.6272522,0.15670334
-0.5505232,-0.7005337
-0.5615769,-0.6961171
0.9282294,-0.0008180656
0.35556665,-0.35135478
0.87908053,0.19023974
0.92822987,-0.00986643
0.92563385,-0.008438051
0.80500364,0.26015782
-0.5411712,-0.70688224
0.92075044,0.099588506
-0.5809198,-0.6769008
0.88270885,0.17899512
0.92190903,0.08097828
0.907027,0.14254849
-0.6473669,-0.61543876
0.92128825,0.0755223
-0.5801269,-0.68122536
-0.5369453,-0.7109721
-0.5573634,-0.69705844
0.92667985,-0.010918791
-0.6637285,-0.58921933
-0.5926445,-0.6706097
0.765573,0.2744231
-0.6745458,-0.5812672
0.8999754,0.1551588
0.73844415,0.26240027
0.9091526,0.1341164
-0.50588036,-0.6529065
-0.61080843,-0.65171486
0.115640394,-0.615638
0.9278007,-0.003400551
0.87723804,0.19820333
0.92827755,-0.008183506
0.12535974,-0.5954761
0.9217829,0.09835653
0.6350183,0.14323719
0.92668927,0.013256428
0.14773594,-0.5946018
-0.660584,-0.60073155
0.9069637,0.14468089
-0.57595414,-0.6819334
0.23509136,-0.51894283
0.08903743,-0.63892347
-0.6709198,-0.58594316
0.833925,0.24881244
-0.11926587,-0.73865014
-0.54807204,-0.70484
0.92136675,0.10774816
0.15477599,-0.571743
-0.5784528,-0.6838128
0.2154242,-0.51474804
0.49813172,-0.06900969
0.92241096,0.09152769
0.11234156,-0.616017
-0.6678456,-0.59138113
0.8009175,0.27134177
0.8049415,0.27621865
0.40464368,-0.20783892
0.791572,0.26194054
-0.5660944,-0.69235426
0.08432785,-0.6459577
-0.5833582,-0.6768767
-0.15432025,-0.7452639
-0.534746,-0.71207005
-0.56910187,-0.68984526
-0.09417101,-0.73366255
-0.17591268,-0.7541497
0.9275846,-0.011758092
0.9295732,-0.00056350604
-0.6053385,-0.65809536
0.104764305,-0.62941384
-0.49847725,-0.7289686
-0.65178704,-0.6130984
-0.6481489,-0.61423826
0.9248643,0.042911254
0.9165698,0.08378678
0.91907316,0.1103504
0.9287485,-0.012888079
0.9206077,0.08091279
0.06511942,-0.67283887
0.5293823,0.012173931
0.892226,0.16932082
0.9234333,0.09473773
-0.5898113,-0.67359406
0.87612927,0.20857477
-0.44219214,-0.7487605
0.861365,0.22396469
0.13259682,-0.5931566
0.9060281,0.13878585
-0.5150123,-0.7246579
-0.616296,-0.6493511
0.9139701,0.13170266
-0.5187091,-0.718123
-0.6663413,-0.59043306
0.92461103,0.06863009
0.8425701,0.24218208
0.91967875,0.07509995
-0.59012324,-0.6725846
-0.6282816,-0.635277
0.9120137,0.12814946
0.9228387,0.0863652
0.9202934,0.10238577
0.9269727,-0.007984186
-0.54208386,-0.7013562
-0.05617953,-0.7284171
-0.59885645,-0.66596174
0.86418056,0.22326787
0.92707723,-0.008426061
-0.56164753,-0.68790907
0.18608564,-0.56664515
-0.66165704,-0.5967894
0.9140309,0.13009767
-0.6781873,-0.572351
-0.63238376,-0.63341963
-0.6306266,-0.6358809
-0.57011765,-0.6896797
-0.04004078,-0.7210686
0.86120427,0.22675346
-0.54748654,-0.7050289
-0.65198517,-0.61245596
0.9269231,-0.012282615
0.1144353,-0.62204176
0.92360187,0.06181423
0.6071325,0.14157656
-0.5747929,-0.6848729
-0.53898424,-0.70961815
0.894577,0.17973004
0.9210448,0.098428056
0.09832132,-0.63602597
0.20605333,-0.5295996
-0.5650952,-0.6919919
0.86041105,0.21971707
0.8690656,0.2185973
0.7577785,0.28004867
0.9227708,0.074687764
0.91506255,0.08945024
-0.544381,-0.7055359
-0.6793719,-0.5738643
0.03767034,-0.67717487
0.7374509,0.23771973
-0.5614632,-0.6955557
0.9283478,-0.0024478391
-0.67356795,-0.584529
0.13347843,-0.595003
0.84529936,0.23993151
-0.6760181,-0.58083326
-0.5675648,-0.69099957
0.07442472,-0.64782
-0.6773519,-0.5790233
0.12207316,-0.60159945
0.0647436,-0.66518766
0.2611994,-0.50080705
0.20474714,-0.52817434
-0.56780463,-0.6927729
0.9282995,-0.0067587104
-0.58815163,-0.6721655
-0.5461541,-0.7050042
0.041260306,-0.6767251
0.8206158,0.266551
-0.50526774,-0.7210868
0.92772824,-0.012160696
0.8894728,0.15484634
0.8518101,0.23172678
0.10972803,-0.6320654
-0.67639333,-0.5741452
0.9087054,0.13856982
-0.6752996,-0.58114296
-0.4813392,-0.7015177
0.7540575,0.26977208
0.07688137,-0.62070227
0.102428995,-0.62054217
-0.6066255,-0.65780705
-0.43933415,-0.7410884
-0.025995312,-0.7154762
-0.5944617,-0.6677423
0.9240969,0.07340319
-0.5719063,-0.68009317
0.12874208,-0.59130675
0.9228921,0.076298885
0.9219018,0.093603656
-0.677805,-0.5779728
-0.20349182,-0.74869275
0.421027,-0.112861544
0.9075201,0.13351569
0.84421736,0.24008934
-0.646692,-0.61654216
0.05060592,-0.66819066
0.926954,-0.008203201
-0.6458813,-0.6160543
-0.6719164,-0.58738893
-0.6616872,-0.5975351
0.92367643,0.062060677
0.9157998,0.108309016
0.43600237,-0.14784658
-0.51476324,-0.72290546
-0.5728218,-0.68677753
0.20424369,-0.5217857
0.92330766,0.081424735
-0.6779364,-0.57375866
0.3072312,-0.3891668
0.8688132,0.1903825
0.7926922,0.26861733
0.92068106,0.101393096
0.92809373,0.021010749
-0.5545662,-0.7003056
0.1043122,-0.6179555
-0.66426855,-0.5957343
0.22432028,-0.51004463
0.9272698,-0.006388867
-0.6725156,-0.58248335
-0.5389997,-0.7086682
-0.6422535,-0.6236239
0.92420465,0.0654016
0.19896398,-0.5214487
0.9275748,-0.009187229
0.12638645,-0.584526
-0.6661228,-0.5916964
-0.67554575,-0.57683283
0.9289462,-0.008562603
-0.6655679,-0.5853997
-0.5793139,-0.68585867
0.9035993,0.14956339
0.92138916,0.10148097
-0.5747623,-0.6858208
0.8902375,0.1815773
0.8964655,0.16845018
0.14983615,-0.5827176
0.9258637,0.03768537
0.92289084,0.06591319
-0.6035963,-0.66377974
-0.00925259,-0.6961055
0.929685,-0.0048600994
-0.6640657,-0.5927869
0.311927,-0.38622633
-0.67364913,-0.57969815
-0.508027,-0.7275038
0.79533184,0.27667508
0.1643031,-0.57938623
0.9203098,0.10237646
-0.61809796,-0.64653844
-0.5900383,-0.672628
-0.54983014,-0.70314884
-0.4197627,-0.74619126
0.91909254,0.10468747
0.7232285,0.2444007
0.18549395,-0.54843247
-0.6589521,-0.6015993
0.9277542,0.021128153
0.927955,-0.0049955253
0.9197826,0.112206616
-0.5554847,-0.69980526
0.7803816,0.29583594
0.87582225,0.20822078
0.9280177,0.0012485858
-0.6735856,-0.58099127
0.06961218,-0.6586947
0.8495185,-0.0910549
0.26699325,-0.47008866
0.91467845,0.109935686
0.74247247,0.24810793
-0.6329864,-0.630932
0.7638587,0.2771248
0.7917156,0.25604373
0.07161368,-0.67117214
0.9130154,0.1199651
0.9178645,0.10654637
0.92840075,-0.0026075428
0.18179941,-0.54746974
0.9239495,0.070678785
0.6535973,0.20306908
0.5991456,0.11046612
0.14007895,-0.58452487
0.91863525,0.11041768
0.9270038,-0.014037998
-0.5050254,-0.7245682
0.03766607,-0.6907169
0.8639059,0.22367454
-0.6012798,-0.66316825
0.92465943,0.031080728
-0.67190564,-0.58391905
-0.29372683,-0.77767986
-0.5446202,-0.70524424
0.92909646,-0.008990505
-0.6738179,-0.58208734
0.78868175,0.26302105
-0.6537453,-0.6072754
0.8017381,0.27203748
0.92112535,0.091437675
0.9206896,0.07792455
-0.55195993,-0.70017046
0.9278528,0.0047298535
0.81707036,0.26134777
0.87991005,0.2012752
-0.6764098,-0.57845753
0.9060278,0.1427926
0.44713104,-0.10584934
0.9214668,0.086955145
0.9259032,0.03503187
-0.057138603,-0.72793376
0.1747241,-0.5470711
-0.23042604,-0.7609804
-0.624766,-0.57747674
-0.5862464,-0.6758761
-0.66888314,-0.5891588
0.13920063,-0.591988
-0.67453337,-0.5828746
-0.057713863,-0.7242027
-0.6759813,-0.5746048
0.90468466,0.15578431
-0.60053,-0.6634434
0.92761195,0.012038575
0.854946,0.22653945
0.85416627,0.23217563
0.9136692,0.12839608
-0.58310604,-0.67912406
0.92674166,0.00045936706
0.80029553,0.2687954
0.84415096,0.2455144
-0.515225,-0.72402114
0.17336474,-0.554056
-0.57896245,-0.6828182
0.81587285,0.26149297
0.43922088,-0.1573743
0.923032,0.07079254
-0.55993116,-0.6975221
0.86418205,0.21857072
0.32989928,-0.32009876
0.9242255,0.0686353
0.8048854,0.2720681
0.18053922,-0.5277288
0.92337656,0.0867297
-0.56761736,-0.69074965
0.29542723,-0.42094958
0.21376038,-0.52203196
0.26948744,-0.45460877
0.1580298,-0.59011686
0.3351906,-0.3867997
0.9194681,0.09921126
0.92049724,0.08731863
0.27434093,-0.46771067
-0.5133455,-0.72296596
-0.6670269,-0.5912819
0.40754065,-0.17494091
0.87028265,0.20829378
-0.5776083,-0.6799993
-0.53568095,-0.71122855
0.8636561,0.20589285
-0.6584917,-0.60096323
0.55612487,0.082273334
-0.64956945,-0.6137618
-0.6769758,-0.57443106
0.88809896,0.18717338
0.9234293,0.08598001
-0.5532748,-0.7009484
0.10088402,-0.6248429
0.15622292,-0.5799224
-0.5803098,-0.6760245
0.80466276,0.2633805
-0.50952804,-0.7226989
0.919889,0.10336246
-0.58999157,-0.6741563
0.13814181,-0.5935975
0.2626301,-0.40542185
-0.6667081,-0.5908335
0.89571315,0.15270449
0.92536736,0.046479926
0.92881817,0.0039186417
0.8555819,0.23029551
0.8278921,0.24176733
0.92265016,0.08795576
0.27708942,-0.46820173
-0.5966885,-0.6682632
0.9137572,0.1054408
0.9190194,0.108351
0.92806125,-0.013666419
0.8949963,0.16193062
0.9242648,0.065194555
-0.59217227,-0.6680088
0.71766555,0.26287094
-0.67251194,-0.5816798
-0.6772882,-0.5743797
0.82835823,0.25917718
0.9146021,0.12616044
0.9265866,-0.012603732
0.74127316,0.24678963
-0.5198753,-0.7228813
0.92406905,0.059842512
0.92650294,0.040502183
0.1341104,-0.5920631
0.09893934,-0.62474114
0.92435014,0.08673902
-0.57382375,-0.68719596
0.92716664,-0.002781124
0.92246574,0.060629856
-0.04023696,-0.73150796
-0.64629287,-0.61492836
-0.676788,-0.5764504
0.92526543,0.061814573
0.9080643,0.11748051
0.864448,0.21523051
-0.5884471,-0.67389506
0.63435316,0.15275821
-0.5407154,-0.70689476
-0.6583974,-0.60510635
-0.5689944,-0.6916633
0.92301434,0.08821805
0.5495974,0.0618119
0.91133493,0.12210001
0.05839148,-0.6662768
0.92764145,-0.008414456
0.084754616,-0.64523417
0.06653223,-0.6605327
0.919333,0.06776179
0.8946209,0.16052087
-0.4629244,-0.7407162
0.87959033,0.1942284
-0.56325233,-0.69402254
0.92490876,0.07948337
0.8496268,0.22853743
0.7219063,0.25479499
0.92104465,0.10985445
0.92008454,0.098415665
0.9283291,-0.0067037283
0.9280267,0.0034523644
-0.60905063,-0.65598017
0.92879105,-0.009356166
0.8603101,0.21493831
0.09420178,-0.634118
0.022426613,-0.68736917
0.7996612,0.269276
0.34457368,-0.28640038
0.863879,0.21502465
-0.5769796,-0.66955274
0.91415846,0.11949898
0.92515993,0.051300533
0.17804122,-0.56136125
0.8869251,0.16739376
0.7388178,0.25061396
0.17144984,-0.56540257
-0.6257181,-0.63911456
-0.62522286,-0.63896817
0.9201496,0.10271878
0.80158305,0.25236487
0.9210201,0.09649601
0.808516,0.2635186
0.031785674,-0.68900275
0.2186513,-0.52663034
0.92781824,-0.0030971584
0.91130894,0.13655512
0.0228544,-0.6931352
0.92910635,-0.003867989
-0.5988316,-0.66708636
0.18650195,-0.5355622
-0.6777517,-0.5735992
-0.61014485,-0.654009
-0.6771612,-0.574734
0.9196908,0.10705025
-0.35355526,-0.7624505
-0.43834534,-0.7529254
0.73402905,0.2492796
0.9098936,0.10674808
-0.674579,-0.58031064
0.2756338,-0.42430526
-0.66163415,-0.6011294
-0.58165705,-0.6803628
0.85994935,0.23069982
-0.07578294,-0.72892296
-0.3822293,-0.75833714
-0.67143655,-0.58315
0.9290365,-0.006569781
-0.6755616,-0.5807006
0.9260904,-0.0035814692
0.061187446,-0.6715685
-0.5330865,-0.7120207
-0.57922924,-0.6822376
-0.5466377,-0.70347893
-0.55698824,-0.697229
0.78426176,0.27174917
0.21981554,-0.49595964
0.9214182,0.090404764
-0.6624158,-0.5817384
0.6978192,0.22625129
-0.5499257,-0.69845885
0.83228385,0.25667793
-0.5652303,-0.6919561
0.7879373,0.26764363
-0.65485466,-0.60879606
0.82241774,0.2680347
0.9244839,0.056875627
-0.6424792,-0.6172881
0.85871625,0.23262353
0.06522217,-0.66260266
0.27408525,-0.46700805
0.7477052,0.25247064
0.927409,0.0022868635
-0.60544777,-0.65985787
0.11533545,-0.6213261
0.89407545,0.1693871
-0.6418467,-0.62268424
0.13806553,-0.5894436
0.92880076,-0.0061954292
0.8098887,0.2686027
-0.64812225,-0.61475736
-0.6627054,-0.5960436
-0.5589393,-0.6993654
0.90149605,0.15709965
0.92844486,-0.0066842935
-0.6457469,-0.61844987
0.85153633,0.23128861
-0.03469156,-0.7181277
-0.5188229,-0.71910423
0.9199812,0.08058253
0.9193804,0.100935586
0.35006493,-0.31282082
0.24102797,-0.48890945
-0.5686281,-0.6910403
-0.5742151,-0.6854252
0.9223339,0.08944182
0.9281038,0.0033049076
0.85764045,0.22146475
0.8662301,0.2255511
-0.5389188,-0.7102814
-0.5493548,-0.7053067
-0.6765934,-0.5772151
-0.5442141,-0.7057046
0.92861587,-0.015386458
0.16455488,-0.55986786
0.922969,0.08613941
-0.5506217,-0.70172065
-0.6690765,-0.5849837
0.5675345,0.051589865
0.9265444,-0.0021266765
-0.658637,-0.6027397
0.8299625,0.2618811
0.15438293,-0.5740748
0.9222243,0.087539636
-0.47278258,-0.7328448
0.875143,0.1995051
0.91934675,0.10379689
0.11798484,-0.58822423
0.28707957,-0.39894867
0.51625144,0.011918987
-0.67422944,-0.58003974
0.9228248,0.0945667
0.14678803,-0.59367937
0.92496973,0.04311198
-0.59217715,-0.67060494
-0.67327976,-0.5783485
-0.5238442,-0.71995336
-0.6765238,-0.5809222
-0.6711784,-0.58600205
-0.59698653,-0.6629835
0.17680168,-0.54855126
-0.6738126,-0.58253545
0.8433722,0.2460157
0.92376584,0.08532649
0.3140269,-0.37443507
0.8973998,0.15193787
0.91597563,0.08066911
-0.38024676,-0.7629282
0.7598915,0.24603236
0.92720497,-0.005820308
-0.67408174,-0.5751826
0.92313784,0.07715033
0.07018903,-0.66000664
-0.67729455,-0.5740363
-0.5448634,-0.70764905
0.87053406,0.21476234
-0.058046505,-0.7061491
-0.6047766,-0.66000396
-0.67572206,-0.5780432
-0.6710475,-0.5844597
-0.64896274,-0.6140804
0.35433367,-0.2944995
0.92636675,0.030857336
0.9111324,0.1331577
-0.6750956,-0.5788453
0.9042708,0.1414361
0.09266838,-0.5974893
-0.10813044,-0.74383205
0.91790485,0.1112938
-0.5611995,-0.69415796
-0.6793526,-0.5727251
-0.5555665,-0.70129424
-0.67583394,-0.58078164
-0.5764062,-0.6838187
-0.6404641,-0.62492645
0.84974074,0.23433313
-0.5543709,-0.7027716
-0.6247732,-0.64104426
-0.5166708,-0.7148056
0.92852235,-0.0063322503
0.89776343,0.17531411
-0.036693476,-0.7116317
0.8669517,0.20802127
-0.6762718,-0.5784848
0.78927666,0.2700587
0.19166642,-0.53739667
-0.56375647,-0.69153863
0.92746574,-0.0050225393
-0.5227522,-0.72062165
0.9186009,0.102229476
0.9152614,0.12566917
0.8029035,0.27109224
0.9168569,0.11988423
0.89483786,0.16280337
-0.6793694,-0.57291
0.5070839,-0.041788556
-0.40685162,-0.7499688
0.9282517,0.0009025027
-0.008589129,-0.7137788
-0.58896905,-0.67520237
0.57142246,0.088506795
-0.5715056,-0.6894918
0.9284042,0.03552644
-0.5684178,-0.6920613
0.925186,0.028661083
-0.5350509,-0.71087885
0.91084653,0.12952457
0.05505494,-0.6731359
-0.5660679,-0.6917082
-0.6754882,-0.5795302
-0.5410233,-0.7094345
0.9212351,0.09742151
0.928383,-0.009950297
0.5129105,-0.06857387
0.27376738,-0.49314582
0.92770064,-0.0017975434
0.9280707,-0.00826654
0.74425614,0.25863346
-0.67536515,-0.5776757
0.84031516,0.24431758
0.92102504,0.10150037
-0.19809823,-0.7612497
0.0722341,-0.63979477
-0.57550806,-0.6850123
0.8439267,0.2471333
0.65730476,0.1945417
0.914611,0.12697452
-0.5816463,-0.6795205
0.92476314,0.06578563
0.9209016,0.10257465
0.9293895,-0.00043893594
0.073792346,-0.66054255
-0.6342553,-0.633332
-0.6760684,-0.5794937
-0.6766945,-0.5760532
-0.5192663,-0.7185106
-0.6782344,-0.5731653
0.12371805,-0.61764514
0.7037227,0.25418884
-0.6758395,-0.57890755
0.9086574,0.14737917
-0.58435655,-0.679478
0.66590834,0.21372221
0.92035234,0.11340684
0.92806244,-0.001556234
0.2872384,-0.43970793
0.46662414,-0.1005546
0.92910945,-0.000792987
0.84364575,0.24163084
0.79603165,0.27382553
0.92190474,0.09646417
0.14244863,-0.5754878
-0.67609316,-0.57687855
-0.67776126,-0.5736144
-0.5652768,-0.69307685
-0.53799635,-0.71170133
0.07590494,-0.65967286
-0.5368264,-0.70689845
0.21909489,-0.51048785
0.19470952,-0.52816015
0.92686766,0.026697738
0.89046323,0.18210495
-0.67640203,-0.57753104
0.09272867,-0.6512237
-0.6776054,-0.57161963
-0.6734499,-0.57767385
0.058285784,-0.66635776
-0.5336553,-0.7167095
-0.6776437,-0.5740927
-0.563266,-0.69350594
-0.5889661,-0.67114073
0.6470042,0.1764779
-0.0389393,-0.72134024
-0.63864404,-0.62741697
0.08740346,-0.6580448
-0.57255423,-0.69085044
0.81478274,0.25326195
0.60668194,0.11507123
0.14366563,-0.58520293
0.92140865,0.09397366
-0.53927934,-0.7095166
0.9291372,-0.008187953
0.80596656,0.26468456
0.750222,0.26460817
-0.6714535,-0.5875003
0.9277147,-0.0129178185
0.8754556,0.19464141
-0.57876605,-0.6835066
0.8768857,0.19546214
0.9271284,0.02783477
-0.5621833,-0.6936332
0.28334576,-0.42185923
0.9160013,0.090159595
0.82071334,0.26117167
0.92853767,-0.010870152
-0.5208828,-0.72081834
-0.0771538,-0.73560256
-0.62339145,-0.6399152
-0.5173958,-0.72176915
0.925975,-0.011492227
-0.6679678,-0.5913574
0.8987,0.1559484
0.48861513,-0.0629289
0.75011665,0.26622579
0.9221104,0.09097612
0.92121756,0.096815266
0.90421134,0.15216947
0.91946286,0.10745545
0.5181629,-0.0055294465
0.8291092,0.2555382
-0.6709399,-0.5875252
0.127362,-0.610771
0.92346644,0.07432249
-0.6697575,-0.5823964
0.56333464,0.07848034
-0.58067334,-0.6801661
-0.5287765,-0.71548706
-8.784311e-05,-0.6980664
0.9025705,0.14840469
0.878226,0.20481658
-0.66878563,-0.58882284
0.13626727,-0.61261326
0.6543187,0.1919454
0.7754372,0.25873166
0.92603916,-0.0038466053
0.9146111,0.10756344
-0.6786632,-0.57404923
0.2361267,-0.5070082
-0.29396832,-0.77345693
0.8252249,0.25875467
0.8616983,0.2145855
-0.5477294,-0.70215493
0.92228043,0.054712214
-0.64689577,-0.61749697
-0.5612327,-0.6951653
0.87415135,0.20722778
0.921431,0.095323324
-0.5385344,-0.7096661
0.83831763,0.24794395
-0.67984986,-0.57215226
0.92700183,-0.0058214297
-0.6677648,-0.5850875
0.92390066,0.07639586
0.9289196,-0.0033966205
0.18409213,-0.56511855
0.8943417,0.17418273
0.9270753,-0.005877891
-0.05581111,-0.71876943
-0.6721002,-0.5846174
0.9117797,0.124179125
-0.6755764,-0.5804253
-0.54677004,-0.7069182
-0.67715603,-0.57802004
-0.56955975,-0.6866463
-0.66679037,-0.59567213
0.92754287,-0.008354564
0.9278858,-0.007130625
0.9235836,0.06813811
0.91675514,0.10914941
-0.6288857,-0.6351315
0.30732828,-0.3643559
-0.67857575,-0.57619226
0.7531864,0.2663535
0.92063916,0.10149465
0.78660494,0.2459797
-0.53407764,-0.7139543
0.92322403,0.08905431
0.09719744,-0.6447938
-0.58028245,-0.68171847
0.9048456,0.14140932
-0.49220592,-0.7295707
0.91997236,0.09255068
0.8789753,0.18378723
0.8400895,0.24554814
-0.520414,-0.72169894
-0.15812182,-0.74591494
-0.55622244,-0.7011463
0.7893276,0.26527596
0.15835148,-0.577534
0.84225863,0.24980973
0.92507327,0.061493836
-0.5789334,-0.68097043
-0.67401,-0.58002764
0.027684107,-0.6889577
0.8367896,0.24971375
-0.4943594,-0.733106
0.05290395,-0.66606385
0.9272307,-0.0067906673
-0.018697612,-0.71091497
0.066385366,-0.67076665
-0.57939905,-0.6831182
-0.46176562,-0.7321955
0.100587845,-0.63672566
0.92639625,0.03643045
0.88970435,0.18703927
0.83106166,0.25868285
0.2444452,-0.48826772
0.4306585,-0.19792128
0.9173317,0.109995894
0.13936387,-0.58931243
0.7403459,0.27377558
0.11891627,-0.6053715
0.75230515,0.26282024
-0.67809415,-0.574987
0.18351512,-0.5384681
-0.17450786,-0.7509915
0.89136606,0.15352078
0.9253257,-0.011615227
0.8818432,0.20179716
0.92388105,0.08028987
0.9210744,0.09200456
0.35733792,-0.30407023
-0.49975955,-0.7283916
0.8324185,0.25554755
-0.6777916,-0.5743927
-0.59576523,-0.66756964
-0.6753942,-0.58105695
0.9214478,0.0943168
-0.5158221,-0.72351754
0.37351006,-0.2851158
0.9221739,0.09038264
0.9254054,0.06409601
0.9273099,-0.013070765
0.91597694,0.050200485
-0.5308307,-0.71327215
0.92240095,0.09522359
0.9240009,0.07583033
0.8859279,0.18158299
0.92237365,0.054117385
0.9156729,0.10366002
0.7999387,0.26182005
-0.5627444,-0.69602895
-0.59112316,-0.67689425
-0.6744133,-0.5778847
-0.6389148,-0.62652415
-0.6719591,-0.5825185
0.04928289,-0.68112653
0.9281456,-0.009385821
-0.63777715,-0.62760895
-0.6760476,-0.5760147
-0.10197417,-0.7298774
-0.67443275,-0.5808719
0.06383175,-0.66554064
-0.54082525,-0.7119986
0.8016127,0.27200574
-0.5305402,-0.71494067
0.9275896,-0.00093529763
0.6814805,0.22160576
0.87339324,0.21165381
0.20701146,-0.5345372
0.10795185,-0.6166412
0.8611488,0.22777171
-0.12799245,-0.74348134
0.8943817,0.17672387
0.1683829,-0.57145685
0.20206337,-0.5298568
-0.652255,-0.6121057
0.89234376,0.16613199
0.9201351,0.10451545
0.79464,0.27366084
0.8729842,0.21183665
0.9224977,0.044859324
0.9259903,0.047764316
-0.6734637,-0.5827603
0.90372735,0.15055218
0.12889288,-0.60555357
0.096152745,-0.62370497
0.15447085,-0.5769684
0.71319616,0.23745868
0.9212927,0.1010066
0.92905486,-0.0010780729
0.12046473,-0.6126075
0.85612756,0.233471
-0.51372087,-0.7242518
-0.6770761,-0.5759848
-0.67636687,-0.57697946
-0.5368354,-0.7099457
0.9218996,0.09709375
0.92007554,0.10327231
0.92916024,0.0045656064
0.9054866,0.14843638
0.9123123,0.1136474
0.8474681,0.23866443
0.042330977,-0.6719214
0.9029774,0.16408949
0.9269834,-0.0110289445
0.9267866,0.022948084
0.9048349,0.14306402
-0.5463204,-0.7053326
0.91033584,0.12851201
0.8853049,0.19566752
0.9273601,-0.0073427064
0.90450984,0.12724367
-0.673011,-0.5806746
0.92779183,0.0006281617
-0.65793896,-0.60623324
0.87466943,0.19508629
0.9005278,0.1498815
-0.5406025,-0.707867
-0.64061165,-0.62481374
0.47446725,-0.09377415
-0.33027622,-0.75947624
-0.57238936,-0.6882121
0.43402606,-0.13669437
0.85936207,0.22042395
0.19275436,-0.5387769
0.6919866,0.1914127
-0.6723399,-0.5838336
0.15946662,-0.58956957
-0.67138195,-0.5836727
0.8637057,0.21514954
0.9212775,0.09094379
0.6826149,0.23735507
0.92568254,0.060578134
-0.5829127,-0.6762331
-0.582453,-0.6816379
-0.5562327,-0.6996221
0.9168524,0.085957766
0.8349116,0.25654432
-0.22971521,-0.7633169
0.9281655,0.000717777
0.8505353,0.23483838
0.04640781,-0.67892104
0.08289256,-0.654456
-0.5708353,-0.6893372
0.9123951,0.12293507
0.7537909,0.2596869
0.6662932,0.19464338
0.4497156,-0.10184909
-0.67735493,-0.5765058
-0.67368484,-0.5794949
-0.6668314,-0.5830075
0.10523624,-0.6229872
0.9196153,0.07485399
0.1334454,-0.5974139
-0.67615193,-0.5790026
0.15317339,-0.5679026
-0.50770336,-0.71918756
0.92813075,-0.008468864
0.7010619,-0.2362255
-0.66464895,-0.5931505
-0.6704331,-0.5891737
0.92558646,0.04390795
0.28045508,-0.46693957
0.9076436,0.15238647
0.17134957,-0.549526
-0.67541516,-0.5769983
-0.52204293,-0.71871966
0.9189939,0.0947414
0.8105987,0.26940992
0.92756075,0.0031704411
0.08451502,-0.6452723
-0.6761432,-0.5761388
-0.58090854,-0.68070644
0.9266857,0.033136155
-0.52035815,-0.7159346
0.88434607,0.19774744
-0.54885536,-0.70298773
0.89547104,0.15988584
-0.5542479,-0.6989387
-0.6716613,-0.5848453
0.1676559,-0.56481814
-0.6159475,-0.65000707
0.8603424,0.21381374
-0.6375629,-0.62842816
0.9232307,0.090608284
-0.57266957,-0.6861898
-0.48876467,-0.7368845
0.91348934,0.125283
0.13430455,-0.5919994
0.13780229,-0.5932162
0.9243913,0.015903573
0.7959491,0.2851433
0.92138946,0.091508925
-0.60910356,-0.65764505
0.5385311,0.03310274
-0.6613548,-0.5973975
0.9148381,0.12923
0.92872643,-0.010034921
-0.6682828,-0.59096104
0.59646726,0.09181386
-0.57223976,-0.6861882
-0.63949084,-0.6241149
0.92697936,0.01459342
0.8995922,0.14430957
0.17076577,-0.5647072
0.79932165,0.26551273
0.8005272,0.27463636
0.89068204,0.17913215
0.92238957,0.09343209
-0.3846571,-0.7442077
0.8562382,0.23029831
0.9264825,-0.012575501
0.10338809,-0.62646914
-0.53417,-0.7151473
0.09442907,-0.6436802
-0.5943676,-0.6704049
-0.6026659,-0.6569383
0.91995347,0.10057249
-0.56639093,-0.6933813
0.112466745,-0.6163392
-0.5318776,-0.71253884
0.06555346,-0.64599264
0.7827163,0.2738911
0.4606381,-0.14359291
-0.6582443,-0.6064221
-0.5845602,-0.6780266
-0.60051423,-0.6639807
0.91464275,0.1227006
-0.590543,-0.672888
0.7314602,0.2602358
0.8920176,0.17615211
0.88609344,0.19152439
0.901572,0.15933226
0.81790364,0.2621347
-0.55205774,-0.6862965
-0.67446333,-0.5808403
0.9065306,0.1413239
-0.67818993,-0.5776193
-0.48662487,-0.73620814
-0.65629315,-0.6001777
0.92176867,0.086189225
-0.59047395,-0.6737368
0.86128545,0.20836486
-0.67866397,-0.57012
-0.59578615,-0.6667479
0.057571176,-0.6763033
0.7323306,0.26675963
0.919885,0.10289225
-0.67675066,-0.5744982
-0.49575076,-0.72430164
-0.5495789,-0.7035344
0.9268296,0.047851283
-0.5272655,-0.7165809
0.8048869,0.2680398
0.8880314,0.18310127
-0.67650354,-0.5750131
-0.66777045,-0.5922007
-0.57085454,-0.6892493
0.8394063,0.25215182
-0.6698897,-0.5877821
-0.55871224,-0.69530946
0.7406654,0.26151362
-0.5529471,-0.7002608
-0.58119553,-0.6806655
0.8416474,0.23914778
0.781587,0.2708754
0.8941522,0.17639452
-0.568772,-0.6911809
0.91132516,0.08938188
-0.5527575,-0.7028772
0.34556255,-0.3325954
-0.6505817,-0.61318284
0.0846643,-0.6519473
0.9287633,-0.009038794
0.9167809,0.09940232
0.88108164,0.19550645
0.875621,0.19527933
0.18129434,-0.53970456
0.8534805,0.21349677
0.095212094,-0.61576074
0.9278664,-0.0066566425
-0.56831163,-0.69268084
0.7599225,0.2596172
0.9212022,0.09261643
0.9005769,0.16304056
0.13394468,-0.5859748
0.9218156,0.08780691
0.92858195,0.015287257
0.018492797,-0.6891255
0.9265247,0.037222378
0.91860604,0.103581816
0.87445754,0.21781047
0.77205473,0.27378207
0.88251096,0.17930333
-0.63290745,-0.63459104
0.73657936,0.2658539
0.8897597,0.17541257
-0.6598769,-0.60177386
-0.37296855,-0.76383036
0.8113171,0.2671665
0.87612724,0.20472278
-0.5820383,-0.67886734
-0.5063142,-0.72126806
0.8206948,0.25782803
0.77554506,0.26328853
0.39437082,-0.26025343
0.89656925,0.16000947
-0.48540825,-0.7339947
-0.6675906,-0.59054834
0.8195573,0.2609926
0.92387086,0.079330646
0.9021861,0.15603374
-0.5190389,-0.72198796
0.9267602,-0.014195605
0.92431027,0.07516352
-0.60710377,-0.656724
0.92333066,0.073815174
0.9200427,0.10285394
-0.66504127,-0.59413046
-0.5050261,-0.7251016
0.8892733,0.18883765
0.9184483,0.10647071
0.16731463,-0.56912374
-0.55546755,-0.69899416
0.9131194,0.10362081
-0.5915054,-0.6731188
0.4090682,-0.22980139
-0.53016615,-0.71748185
0.75395584,0.2544008
0.9268612,0.03484696
0.14357845,-0.5777767
0.2070052,-0.53646725
-0.667191,-0.5920291
-0.5526962,-0.69960195
0.8460761,0.2441989
0.91204304,0.10767075
0.9209128,0.09684141
-0.6677927,-0.59155726
0.9195611,0.10031569
0.7322243,0.23599741
-0.582498,-0.68107474
0.92166543,0.09791401
0.9272838,-0.0026341036
0.69386166,0.2023683
0.9258311,0.020815242
0.9279239,-0.0067526367
-0.59611505,-0.66820717
0.2475102,-0.2586568
0.777648,0.27099884
-0.66328233,-0.59674746
-0.535314,-0.7115496
0.9239933,0.074895136
-0.55963415,-0.6972952
-0.53831804,-0.70858437
-0.5738523,-0.68695855
0.12355224,-0.5934633
0.25836194,-0.48398605
0.38979727,-0.1844194
0.9255946,0.04992835
0.14016746,-0.59895164
0.8727335,0.20049341
0.3199215,-0.35699385
-0.00021291227,-0.7110502
-0.6746844,-0.5802338
0.90545404,0.1496505
-0.23955813,-0.74401474
0.926858,-0.012138638
-0.5565039,-0.69989836
0.92509,0.050796937
0.85948396,0.22622734
0.8508107,0.18351276
0.9275139,0.048448805
0.72533226,0.23688604
0.9180893,0.11395634
0.26715663,-0.4540317
-0.5873291,-0.6752932
-0.5036958,-0.7284313
0.69610274,0.24187984
0.9266036,-0.017082015
0.9251929,0.04732772
-0.050569676,-0.7194038
-0.03653986,-0.71400344
0.8116443,0.27526882
0.7803845,0.2734828
0.7403217,-0.26746368
0.92314285,0.050075572
-0.54456335,-0.7085489
-0.66254514,-0.5936285
0.08348493,-0.65206814
-0.6762826,-0.5799726
0.91369134,0.13054216
-0.58911896,-0.67056835
-0.5775847,-0.6836222
-0.5149576,-0.7211554
0.9219072,0.096545696
0.91409165,0.12289675
0.24921976,-0.45901358
0.92564815,0.0002973148
0.9229379,0.089946866
0.77242774,0.2776894
0.9266997,-0.011534742
0.92902094,0.014286173
0.92259455,0.08831382
0.9271699,0.0153340055
0.9271602,0.0069592297
0.12637068,-0.606293
0.29736772,-0.40599155
0.9175537,0.11229808
0.92777324,-0.0028155565
0.87836653,0.20703454
-0.55077446,-0.70326465
-0.6770111,-0.57576525
0.12327643,-0.61891055
0.91381973,0.10582812
0.9228983,0.08451526
0.00022887447,-0.7081442
0.14733048,-0.59034956
0.9087204,0.13984405
-0.67658305,-0.57932085
0.91809803,0.095874995
-0.67055184,-0.58697975
0.035197068,-0.6747288
0.7568767,0.2714233
0.909112,0.12842046
-0.5674697,-0.6918644
-0.57114595,-0.6844953
0.80185515,0.26621333
0.18202576,-0.5468471
0.88697904,0.18987945
0.91913396,0.10645548
0.15099989,-0.59573776
-0.56162035,-0.69134027
0.80239314,0.27559134
-0.5545882,-0.7015072
0.91443884,0.12625965
0.88749605,0.16846368
-0.5313331,-0.71769583
0.18616776,-0.5349543
-0.5982488,-0.66536146
-0.54800266,-0.7034808
0.9048934,0.13634433
-0.6316145,-0.6347169
-0.5173786,-0.71753764
0.4386544,-0.13741282
-0.5366143,-0.7121207
0.092725694,-0.6492703
-0.55854297,-0.6982303
0.66447943,0.20702189
0.8395008,0.24389435
-0.568943,-0.6907366
-0.46664715,-0.7419799
0.90193284,0.15436754
0.1594318,-0.566179
0.91625226,0.1125157
-0.530809,-0.71446913
0.1362183,-0.5785781
0.9275285,-0.009507348
0.9250029,0.051539764
-0.5199289,-0.72250766
0.91693246,0.120068796
0.90389013,0.14121844
-0.67180204,-0.5847977
-0.66859686,-0.5886216
0.9183446,0.112609334
-0.6725197,-0.5822577
0.92819256,0.0130706215
0.14995626,-0.5948219
0.92561775,-0.0018267094
-0.63994074,-0.62816143
0.9228543,0.07823802
0.92529577,-0.012220452
0.89128155,0.18603061
0.22067028,-0.52400154
0.8270562,0.24853353
0.9242687,0.03461971
0.8437688,0.23995624
0.9174963,0.09502639
0.92733294,0.025723817
0.059773423,-0.67135614
0.921636,0.09198744
-0.679566,-0.57230353
0.1361751,-0.6017308
-0.6648105,-0.59395605
-0.51384014,-0.72468466
0.2777385,-0.47442788
0.110491894,-0.61912876
0.9240351,0.08476907
0.92237115,0.08915749
0.923424,0.06316876
0.116754964,-0.61241376
-0.0473779,-0.71775264
0.9276963,0.032872524
-0.47467765,-0.73676664
0.92202383,0.09418763
-0.0039149006,-0.7022357
-0.67281616,-0.58453596
0.91580033,0.11876264
-0.67494136,-0.5767913
0.91897064,0.085195616
0.8601632,0.22648357
0.9033896,0.12814906
0.9035028,0.15200539
-0.53829414,-0.7081943
0.82416564,0.26634514
0.11492892,-0.6074519
-0.66844374,-0.5891806
-0.5581703,-0.6980568
-0.55236715,-0.70432556
-0.6263049,-0.6406151
0.916405,0.098620586
0.72963595,0.2525081
0.073722936,-0.63950807
-0.5554211,-0.70014286
-0.45065346,-0.72401613
0.14188235,-0.5617785
0.92657954,-0.0112400735
0.87393725,0.2119096
0.08921309,-0.6308587
-0.5563054,-0.69786066
0.92134374,0.09509036
-0.6724858,-0.5818774
0.18549252,-0.5384891
-0.5683343,-0.69089866
0.92814076,-0.0043795006
0.7576615,0.26857787
0.79582286,0.27533036
-0.5593,-0.69760406
0.8053002,0.2711234
-0.5306132,-0.710937
-0.50940806,-0.72853434
0.82585055,0.25675097
0.9249761,0.05608579
0.8013785,0.26868692
0.9220906,0.094326146
0.9270464,-0.0064391997
0.84592146,0.22816706
-0.67669994,-0.5782699
0.9214275,0.1009794
-0.60309714,-0.66324645
0.92347974,0.0866889
0.007919822,-0.69376194
-0.13160542,-0.74284536
0.12074094,-0.60993046
-0.5347279,-0.71176124
0.8880528,0.19220662
0.11458432,-0.5939651
0.9269541,-0.012151587
0.9238003,0.07649304
0.08865432,-0.64120996
0.8677291,0.21153949
-0.46964562,-0.73790777
0.7689895,0.27207255
-0.532182,-0.7126783
-0.12637478,-0.73117334
0.9264069,-0.011793527
-0.6768389,-0.57855713
-0.6542238,-0.60767937
-0.67487884,-0.5761173
-0.56790376,-0.6914272
0.061046857,-0.6778518
0.6669571,0.15952423
0.8503148,0.24166949
0.111325726,-0.6273332
-0.61983305,-0.6476732
0.7292686,0.23513755
-0.5538102,-0.70096046
-0.5829157,-0.6784445
-0.62646395,-0.6385755
-0.6521183,-0.61164767
0.8330801,0.24285975
0.19405088,-0.53628683
0.86974233,0.21632668
0.9277054,0.005694103
0.91601086,0.11884817
-0.16436863,-0.74405015
-0.5531684,-0.69687533
0.8730389,0.19792198
0.23182367,-0.50238085
-0.6743192,-0.57864296
-0.627954,-0.6413985
0.92726123,-0.0032875773
0.780631,0.27601042
-0.30673492,-0.75876343
-0.45077732,-0.7321881
0.88912004,0.18122491
-0.67275006,-0.58178604
0.9238479,0.025802907
-0.67809284,-0.57629013
-0.6675632,-0.58951926
-0.5477302,-0.7030768
-0.67772156,-0.57462233
-0.5703651,-0.68875766
-0.5675118,-0.69164443
0.9260983,0.01169035
-0.58402,-0.6788656
-0.5451335,-0.7056335
0.10226148,-0.63746274
0.92323595,-0.0046538743
0.35250542,-0.28318995
0.9282372,0.004385629
0.92772305,0.0030237818
0.91766703,0.09729691
0.8799367,0.19074431
0.13885431,-0.5935411
0.8466448,0.23038404
-0.5499675,-0.70261234
-0.3063502,-0.7573487
0.92247194,0.07537032
-0.3268572,-0.76981944
-0.5670446,-0.690409
-0.5500294,-0.7015868
-0.6774042,-0.5737827
-0.5237224,-0.7182826
-0.5788978,-0.68090475
0.92815274,-0.008006404
0.8460863,0.2463821
-0.67753494,-0.5733489
0.92590445,0.05505359
0.9272854,-0.011060642
0.8254034,0.2568759
0.8742068,0.20223825
-0.5301407,-0.7162104
0.85814804,0.22892171
0.90261006,0.14898407
0.8308448,0.25016
0.9273719,0.016372204
0.9218022,0.07720439
0.817129,0.2626382
0.10446074,-0.6280736
-0.1480797,-0.73152953
0.8755765,0.21155968
-0.5379677,-0.70968354
0.9217661,0.049338374
0.87966436,0.19758224
-0.13601562,-0.7414977
0.9241853,0.080539845
-0.57416123,-0.6824777
0.84202796,0.24315403
-0.6757317,-0.57826304
0.80021524,0.26369494
-0.4122858,-0.74601626
0.0887811,-0.64828306
0.9151805,0.12555254
0.5260506,-0.009752628
0.746156,0.2552808
0.13930508,-0.5875316
0.91504693,0.088629894
-0.5872393,-0.6763075
0.9264157,0.037400544
0.92803144,0.006953961
0.0049590445,-0.6969099
0.9063456,0.15191458
0.88094795,0.19917032
-0.67143524,-0.5836044
-0.53898424,-0.70690227
0.8956798,0.16548394
-0.5891321,-0.6723083
0.86211836,0.2225842
0.92058426,0.09400773
0.8562407,0.22063738
0.92000663,0.10575743
0.8511318,0.23848784
-0.57249933,-0.6859999
0.9214982,0.09102873
0.83555007,0.24895369
0.9276503,-0.005168605
0.26879346,-0.4611739
-0.5562832,-0.7001952
-0.6755745,-0.5739558
-0.5705018,-0.6884869
-0.32067636,-0.73940957
0.07956372,-0.6517797
0.9076613,0.13764542
0.6649952,0.19096795
0.74855447,0.26196063
-0.07411632,-0.7313488
0.8196064,0.26076224
0.08322892,-0.63719416
-0.6700768,-0.5862531
-0.5778282,-0.6809167
0.9273268,-0.009716921
0.8212699,0.259139
0.9223166,0.09359524
-0.5239315,-0.71696424
-0.6271238,-0.63813514
0.86034,0.22408508
0.08656888,-0.6383011
0.112831265,-0.6049027
-0.58761364,-0.6758325
0.91934603,0.107346535
0.8524958,0.23634534
-0.51461357,-0.7258497
0.9284683,0.0302657
0.9282994,0.02664121
0.80095565,0.25154915
0.7231617,0.24686289
0.1136088,-0.6146352
0.06225605,-0.66635436
-0.6520435,-0.6084804
-0.6749279,-0.57863414
-0.58975405,-0.6756303
0.077892154,-0.666756
-0.67659074,-0.5785362
0.6232629,0.112253174
0.51410127,-0.012283729
0.9247424,0.0899611
-0.67511314,-0.5805999
0.92483526,0.004595756
0.18325719,-0.54120207
0.9255912,0.023206567
0.8595449,0.23267531
0.83169234,0.2571775
0.9284734,-0.0076641864
-0.5947969,-0.66827124
-0.6699812,-0.57408446
-0.6785429,-0.57220113
0.50965035,-0.004988425
-0.57582676,-0.68403167
-0.6767417,-0.5766608
-0.54623485,-0.70280254
-0.5934004,-0.6706557
0.92279476,0.089030206
0.6316242,0.1440803
0.920741,0.09422694
0.891211,0.17855565
-0.5718631,-0.68835515
-0.5544113,-0.701172
-0.6700409,-0.5868342
0.90804315,0.14875646
0.9129599,0.12003547
-0.54503244,-0.7058131
0.91199917,0.12810184
0.13525662,-0.5865717
0.49981734,-0.073236585
-0.67036325,-0.58890694
-0.5600431,-0.6981686
-0.56730455,-0.68929344
0.7395712,0.27048522
0.7784912,0.26926413
0.9031723,0.15472363
0.9201179,0.09908232
0.9272351,0.05977685
-0.6736291,-0.5833728
-0.5885932,-0.67538744
-0.045224223,-0.7142327
0.15928826,-0.5825561
0.9266332,-0.0020609368
0.917207,0.112646684
0.7932843,0.2705103
0.9082465,0.14099583
-0.6645462,-0.5948809
-0.5677767,-0.69052976
-0.5693293,-0.68921345
-0.63358533,-0.6324396
-0.67299086,-0.5830775
0.9291149,-0.010820476
0.15958615,-0.59065133
0.7510328,0.26087242
0.9210604,0.10121096
0.20701191,-0.52304476
0.92052966,0.09519512
0.89569056,0.16486345
-0.22198835,-0.7560478
-0.54952776,-0.7032406
0.83744675,0.22831199
0.8043969,0.2691991
0.060816403,-0.66609883
0.92618394,0.018566832
-0.5350361,-0.70919955
0.92590773,0.042282958
-0.5196237,-0.7201004
-0.4928934,-0.73264587
-0.5800628,-0.6810635
0.8739513,0.20732455
-0.45262748,-0.73969156
-0.6581741,-0.60093105
0.7451346,0.2672932
-0.603077,-0.6594523
-0.24065226,-0.7619535
0.8998398,0.15055864
-0.679417,-0.5737921
0.8776028,0.20490283
-0.5693043,-0.68730813
-0.52592975,-0.7160301
-0.1472773,-0.747617
-0.5601605,-0.6958228
0.9233997,0.07556904
0.13330573,-0.5854987
0.9205623,0.10555038
-0.56200814,-0.6958478
-0.66888887,-0.58748245
0.8426804,0.23965739
0.8826145,0.20019926
0.92337257,0.060753014
0.91347337,0.1148538
0.9196911,0.10642256
0.90309775,0.14976451
-0.6754539,-0.5777241
-0.5531662,-0.6965164
0.7885171,0.2746573
-0.5405965,-0.7112882
-0.5352059,-0.71188974
0.104117215,-0.61711156
0.9265925,-0.009612642
0.92776066,0.002106848
-0.6639336,-0.5929334
0.8674178,0.21473297
0.16617376,-0.5682964
-0.5598183,-0.69267434
-0.6497732,-0.61800617
-0.5666856,-0.6929861
0.9103067,0.12407626
0.9226582,-0.016422939
-0.5283769,-0.7164247
0.9292139,-0.00072618684
-0.56620264,-0.69315207
0.9215855,0.094703354
0.9269261,0.019894917
0.10100786,-0.6258485
-0.6399248,-0.6211139
-0.5451578,-0.7083386
0.92382866,0.085050054
-0.2600893,-0.7311644
-0.57240736,-0.6856096
-0.64336884,-0.6184636
0.9007735,0.14568545
0.9247398,0.053075314
0.89124584,0.173776
0.26231307,-0.4708964
0.81369495,0.24595404
-0.6090226,-0.6573903
0.14166899,-0.57966655
-0.4949144,-0.73146
-0.5619044,-0.6974264
0.80341244,0.26970235
-0.12581696,-0.7482183
0.83808976,0.25161427
0.92104673,0.09545639
0.8818997,0.18622342
0.9095581,0.1050442
-0.5515068,-0.70225793
-0.58775634,-0.60282326
0.6517987,0.19541338
0.9194868,0.10101259
0.84153813,0.24304512
0.9180558,0.10617462
0.9026192,0.14787075
-0.5232375,-0.72135127
0.70847833,0.23998272
-0.56480354,-0.6934269
0.9280339,-0.010730241
0.9270371,-0.006668865
0.8407915,0.2406455
0.08984846,-0.63330716
-0.65102917,-0.61123294
-0.64706457,-0.61618996
-0.5652285,-0.6942687
0.7857472,0.27522054
0.8020925,0.26946816
-0.56642896,-0.69317186
0.1857176,-0.54058117
0.9289606,-0.012865111
0.90501493,0.13098219
-0.55037117,-0.69273853
0.91816515,0.108501025
0.8531385,0.23839536
-0.62605214,-0.6411551
0.24468939,-0.49406776
-0.65534204,-0.60870373
0.9212568,0.08164291
-0.5709391,-0.6900683
-0.67324406,-0.57956874
0.9183366,0.10959344
0.9280415,-0.0073976526
-0.6767541,-0.57530737
0.091777936,-0.63717085
0.9285568,-0.00449975
-0.543474,-0.7082534
0.88601446,0.17699084
0.19255385,-0.5538122
0.9230869,0.05456933
-0.54479176,-0.70476407
0.9277515,0.024562411
0.741559,0.26028985
-0.63961,-0.62580854
0.92262906,0.08748368
0.9063762,0.1332334
0.16437763,-0.5749429
0.92640257,0.0033027427
0.92657,0.06220305
0.7373978,0.2511065
0.9268046,-0.008959303
-0.59170926,-0.6688445
-0.6683749,-0.5898225
0.89228714,0.18742152
0.9272147,0.00023893255
0.9226613,0.08689128
-0.6751047,-0.58012396
0.9213589,0.09402575
0.922444,0.090712115
0.92715394,0.021523057
0.082894504,-0.6566019
-0.0060162414,-0.7047261
0.91889524,0.10291612
-0.67051005,-0.5840052
0.9166292,0.11331645
0.9139437,0.12816939
0.9161239,0.12064055
-0.5527177,-0.70145476
-0.5633618,-0.6929674
-0.5801926,-0.68161607
0.92109555,0.08224884
-0.5637904,-0.69482595
-0.55222106,-0.7026479
-0.6696757,-0.5884069
-0.6448046,-0.62132514
0.8152009,0.26356116
0.15200922,-0.5998739
0.7978278,0.27024686
0.86494476,0.2230989
0.84595716,0.2433555
0.86079234,0.22363217
0.9254376,0.06407383
-0.580054,-0.68375975
0.7380354,0.24346127
-0.5618993,-0.69587946
0.08478037,-0.6416096
0.052055247,-0.6748708
0.9283063,-0.008102014
0.7087599,0.17065312
-0.6759345,-0.57699925
0.52062076,0.001381224
0.03286414,-0.6935837
-0.67709935,-0.576409
0.81717443,0.26549023
0.9250213,0.050510917
0.22016591,-0.5018309
0.8603861,0.22436716
0.8930647,0.16799973
-0.64555854,-0.61833775
0.84845346,0.23928817
0.53691083,0.02539658
0.8882978,0.19330001
0.25680387,-0.4789325
-0.67802536,-0.5746638
0.7921154,0.26995215
-0.5466938,-0.70202553
0.8942167,0.1664293
0.92557144,-0.010284604
0.24423358,-0.49539772
-0.65875363,-0.6005566
0.9219115,0.052472338
-0.6776081,-0.57668
0.85493696,0.23147863
-0.66667414,-0.5916489
0.7608495,0.28123197
0.92817336,-0.006989201
-0.5566005,-0.6978816
0.9213092,0.09669704
0.9227321,0.08590041
-0.6703412,-0.58952266
0.9255464,0.04693064
0.82124686,0.26183733
-0.39472973,-0.75683117
-0.5503487,-0.70221245
-0.6429179,-0.62035763
0.061785158,-0.6661103
0.9259839,0.051840488
-0.583438,-0.6779922
0.8635753,0.22270449
-0.65319765,-0.6104006
-0.56148654,-0.69507694
0.35215765,-0.28179932
0.9007652,0.14986932
0.9022172,0.13594484
-0.6534635,-0.60409826
0.06439741,-0.6600449
0.16367814,-0.5693334
-0.5760292,-0.6813633
-0.60833365,-0.6527524
0.38314584,-0.29054537
0.9284555,0.0029789656
0.86267966,0.21209127
0.880445,0.18528298
0.12767081,-0.6001321
0.90751404,0.13309412
0.0889172,-0.64967793
0.77298075,0.27292326
0.1579844,-0.5470698
-0.5559928,-0.6972381
0.18822119,-0.5331951
-0.5369381,-0.71117103
-0.5451867,-0.708754
0.107314125,-0.6289062
-0.50769764,-0.72642213
0.34348345,-0.3535192
0.92212045,0.10388792
0.91743475,0.11497494
0.927476,-0.0016280788
0.92027676,0.09426802
0.20699324,-0.52263975
0.9283618,0.0091592325
0.87985194,0.18438068
0.9088882,0.12686445
-0.53582406,-0.71200734
0.21036218,-0.5341293
0.92523336,0.03167572
-0.67677355,-0.5777963
0.7299175,0.27283335
-0.5623939,-0.6960182
-0.6322176,-0.63491184
0.8697337,0.2238337
0.47203562,-0.13235949
0.91639906,0.104536854
0.82092696,0.25746024
-0.67530954,-0.5804533
0.7532057,0.2575282
0.9273008,0.004710751
0.8863765,0.1900509
0.90067786,0.13158253
-0.6756112,-0.57541084
0.0973256,-0.6278799
0.6504392,0.1824124
-0.6753453,-0.58114237
-0.57263786,-0.6854244
0.12866406,-0.5972319
0.7858981,0.27452174
0.92045116,0.09711486
0.90933406,0.12491492
-0.58511645,-0.6754691
0.89999396,0.15496682
-0.67441434,-0.5804383
0.87715954,0.20814997
-0.5457872,-0.7060591
-0.5547639,-0.6993347
0.9256931,0.0064073643
-0.06121092,-0.7274972
0.89079237,0.1630401
-0.6736659,-0.58198625
0.9199485,0.072151594
-0.53093195,-0.7128371
-0.55508584,-0.69722897
0.11636148,-0.6081253
0.04611404,-0.6693709
0.92899877,-0.013208139
-0.6763865,-0.5780247
0.83802074,0.23761287
0.7614941,0.26978067
0.39957812,-0.21970579
0.8868309,0.19089222
0.9213035,0.09513521
0.113552704,-0.6207775
-0.0053639202,-0.7053444
0.7985605,0.2659534
0.873995,0.20334235
0.9162408,0.116028585
-0.59813535,-0.66532075
0.9205455,0.09203702
0.9144444,0.105460234
-0.6779963,-0.5753709
0.90341586,0.13156763
0.9222709,0.09039917
0.9278675,0.044009566
-0.67746514,-0.57526577
0.2734449,-0.4653933
0.6795058,0.23835137
0.8396044,0.24457389
0.7980441,0.26759288
0.9167849,0.1044856
-0.5544222,-0.6993814
-0.5454579,-0.70375633
-0.5459091,-0.70346874
-0.18776083,-0.7633604
0.9181092,0.10581481
0.9237437,0.029542817
-0.532928,-0.7130547
0.3353245,-0.16142
0.90308005,0.15491542
0.9229534,0.035050005
-0.502936,-0.72970706
0.8457667,0.24743047
-0.6020911,-0.66267973
-0.45910516,-0.73713744
0.8954427,0.16239367
-0.505246,-0.7270448
-0.63747203,-0.62782747
-0.57058203,-0.6866051
-0.5426386,-0.70690066
-0.5783842,-0.68192804
0.91409594,0.117488295
0.6952357,0.22091055
0.25707203,-0.521572
-0.10718405,-0.7419474
0.89882255,0.16604245
0.83640844,0.24476886
-0.5448181,-0.70430595
0.916307,0.09604342
0.9275802,-0.008600936
0.45277825,-0.11606918
0.89341,0.15648311
-0.45719114,-0.7424951
0.11125348,-0.6117688
0.92764366,-0.00100855
0.9280632,-0.0063289125
-0.67848945,-0.5710771
0.86646634,0.21076515
0.91990197,0.09136016
-0.5695673,-0.6867738
0.92438143,0.07005722
0.9273392,-0.010237637
0.5334654,0.053926863
0.162208,-0.57566464
-0.6485736,-0.6161437
0.91935647,0.1123668
-0.6778586,-0.57314426
0.9207045,0.09557889
-0.040848594,-0.70682687
-0.4299794,-0.7476835
0.9270264,0.027060697
0.9281712,-0.006920435
0.92892456,-0.0056291656
0.90101933,0.13794357
-0.45206544,-0.7376864
0.918815,0.1055739
0.8253519,0.2568176
0.91214347,0.110185765
0.9148281,0.12771381
0.5965662,0.110529885
0.6740451,0.16314778
0.91123617,0.13213657
0.7350976,0.24176341
0.7509625,0.2623468
0.8878076,0.18472697
0.92519766,-0.0017317426
0.92880136,-0.009167061
0.91281176,0.12076316
0.8194143,0.26998445
-0.35957834,-0.7684469
-0.5413255,-0.7074634
0.70537806,0.22176407
-0.51018274,-0.725806
-0.59844005,-0.6612263
-0.5621253,-0.69641566
0.9267913,0.032551397
0.91487235,0.122188844
-0.61768836,-0.6410922
-0.5888366,-0.67442256
0.91842204,0.11352652
-0.6746924,-0.5787971
-0.67683715,-0.57745093
0.9239949,0.08176234
-0.3026672,-0.7663628
0.922199,0.09027438
0.005290359,-0.70301133
0.7437345,0.26504514
0.9276503,-0.004056269
0.11575341,-0.6131716
0.7721542,0.2706105
-0.5223334,-0.71822464
0.9244628,0.052985497
-0.59661835,-0.6686688
-0.53712016,-0.71246314
-0.5786414,-0.68002695
0.6758383,0.1889207
-0.43434155,-0.7469413
-0.58044374,-0.68127936
0.928019,0.0060843946
0.28851193,-0.45951915
-0.6736524,-0.5777131
0.887691,0.15257522
0.8340109,0.25448993
0.92035645,0.10733038
0.14565012,-0.5808149
-0.6418056,-0.62292445
0.92599916,0.0708848
0.9265986,0.006329434
0.92644095,-0.0068435743
0.24352033,-0.49621978
0.90364105,0.1480571
0.84404,0.24045245
-0.66891533,-0.58931977
0.6234465,0.18721348
-0.024777835,-0.7108451
0.92759407,0.027321188
0.92801183,-0.008641347
0.06874272,-0.6549258
0.47660264,-0.08506982
-0.5570071,-0.6981196
-0.2953731,-0.74884754
0.921688,0.097415425
0.74910134,0.27257746
-0.5545524,-0.70105004
-0.6625138,-0.5966147
0.9297198,-0.0047181896
0.9228893,0.09231926
0.92679,-0.0089228805
-0.5653621,-0.69230837
-0.52789813,-0.7120835
-0.5537338,-0.70330876
0.018110583,-0.6561486
0.8051982,0.27321532
0.1969822,-0.52854776
-0.43153167,-0.7534845
0.08840933,-0.6524788
0.8119495,0.26222166
-0.6318253,-0.6346503
0.15154205,-0.58008397
-0.58339524,-0.6798882
0.12254505,-0.612171
-0.67103994,-0.58600867
0.92725784,0.0013009413
-0.549817,-0.70285726
0.5658691,0.048833195
0.299644,-0.44676235
0.90997255,0.14629132
-0.41625413,-0.76179713
0.15194143,-0.58189064
-0.37679482,-0.7506626
0.9289642,-0.008128884
0.14029613,-0.589855
0.6208708,0.1552115
0.92752177,-0.010210558
0.90750045,0.14861591
0.9290635,0.009979927
0.5850084,0.04929968
0.91963464,0.10339019
0.81490386,0.25819176
-0.65729505,-0.6063524
-0.5328327,-0.70723516
-0.5605057,-0.6948693
-0.594999,-0.6706011
0.9230571,0.074535035
-0.002567371,-0.69141227
-0.055434275,-0.72330433
0.92605263,-0.010121024
0.92254144,0.09935639
-0.5492646,-0.7037728
0.89025736,0.1827305
0.82232374,0.26420608
-0.55222267,-0.70116353
0.8406758,0.24744336
0.92605615,-0.012481987
-0.6280615,-0.6362287
0.9205113,0.10407608
0.9262155,0.04058808
0.8636177,0.22947913
0.91980314,0.102805726
0.30454117,-0.40685418
0.16028371,-0.5690287
0.9266962,0.031637274
0.879838,0.18923703
-0.6216715,-0.6435654
0.90921265,0.1356445
-0.6514281,-0.6092034
-0.56290317,-0.6926825
-0.55273575,-0.7013289
-0.49732628,-0.72911996
0.92110467,0.09855547
-0.6725006,-0.58419883
-0.64237005,-0.6236292
0.8205479,0.2645074
0.8978149,0.16978402
-0.6358402,-0.6284229
-0.67665195,-0.57669795
0.43358374,-0.15786105
0.9222549,0.07029801
-0.5616106,-0.6936089
-0.025364395,-0.70935845
-0.6694711,-0.58609957
0.92153084,0.097007394
0.14937024,-0.578974
0.18052477,-0.55668896
-0.4874386,-0.7356575
-0.5750221,-0.68835443
0.927828,-0.011908937
0.92522484,0.029033553
0.18692674,-0.5459594
0.8589223,0.21646197
0.6280282,0.18283173
0.92785394,0.0059344266
-0.54704034,-0.69319856
0.86654747,0.2031714
0.92636627,0.019902483
0.9246576,0.068255685
0.11159667,-0.61610866
0.9257738,-0.0077604386
-0.6718641,-0.5846087
0.14019611,-0.59200186
-0.576206,-0.6803412
-0.54895973,-0.7050958
-0.6733528,-0.5823461
0.7638134,0.2773179
-0.55252796,-0.6991326
0.8664499,0.2142679
0.90799123,0.1486263
-0.5870983,-0.6771062
-0.6738503,-0.58079076
-0.56014705,-0.6976325
-0.6100822,-0.6562013
0.14106035,-0.58868736
0.5517964,0.018269105
0.90099734,0.1628729
0.9273297,-0.005658998
0.2364411,-0.49134877
-0.67616105,-0.5747721
-0.46473,-0.74371964
-0.64231193,-0.62292427
0.9270798,0.017436512
0.9247647,0.040240977
-0.56827766,-0.6918514
0.7468677,0.26687303
0.80783296,0.2719852
0.927671,-0.008654973
0.92720705,-0.009433796
0.5322931,-0.03685122
0.9214599,0.082654305
0.92384964,0.09212755
-0.67820966,-0.57269955
-0.57187504,-0.6875287
0.9128492,0.10878493
0.927319,0.0039068274
0.91381896,0.12934168
0.9077873,0.14596371
0.13891448,-0.5962056
-0.585196,-0.67597497
-0.20028344,-0.75455606
0.112629235,-0.6009111
-0.5455544,-0.70651335
0.92053413,0.09351912
0.90733904,0.1460734
0.65019447,0.180065
-0.67241544,-0.58071613
0.8112786,0.26715854
0.13123088,-0.57321423
0.9221147,0.08427845
0.9095978,0.14762123
0.16063492,-0.5643318
0.92755634,-0.010728923
0.92322046,0.09320362
0.8872999,0.18326746
0.92584664,-0.008666757
-0.3227822,-0.7716429
-0.5869003,-0.67472667
-0.67648774,-0.57488734
0.15921043,-0.57075304
-0.5821347,-0.68279624
0.07348465,-0.6549409
-0.06678722,-0.7301904
-0.6472991,-0.61649805
0.92877895,-0.013185361
-0.54339486,-0.70764524
0.92643124,0.040281694
0.8250721,0.25328028
0.9184995,0.106114
-0.5302491,-0.71696216
0.2353869,-0.49688664
0.5253696,0.011991377
0.44794518,-0.1300666
-0.5378816,-0.7089573
0.9213176,0.10175805
0.85164666,0.22094621
0.5121987,-0.07428
0.9266155,-0.0014534433
0.312811,-0.35076764
0.923867,0.0563985
-0.5923131,-0.67137885
0.92873365,0.018202048
0.92843497,-0.0035347652
0.10228225,-0.634272
0.37575033,-0.2124664
0.7604426,0.2677489
0.1449176,-0.56926364
0.9211801,0.08980668
0.8842032,0.18133318
-0.5602419,-0.69252664
0.7917087,0.2774331
0.18823135,-0.54417324
0.8498288,0.23536637
0.69554096,0.231711
-0.5690248,-0.6890738
0.92359656,0.06482614
0.910718,0.13076916
-0.67619616,-0.5781003
-0.5219281,-0.72220004
-0.676807,-0.5772211
-0.5136964,-0.7156106
-0.6736216,-0.5804425
0.16275647,-0.57530266
-0.21540684,-0.7674943
0.09786681,-0.62492543
0.07919998,-0.66798145
0.8950361,0.16994119
0.8318877,0.25179324
-0.05282954,-0.7215245
0.86715895,0.2189527
0.23709175,-0.49316067
0.92161345,0.08890664
0.8390432,0.2556724
-0.5462978,-0.7058664
-0.55578536,-0.6975355
0.921632,0.07059221
0.9265088,0.039504517
0.8987907,0.16179945
0.92378503,0.050600793
-0.3645084,-0.76804924
0.8644708,0.22166559
0.9223065,0.066324666
0.8500342,0.23728198
-0.53250974,-0.7139322
0.9283705,-0.0051426888
0.91819006,0.11523906
-0.49186292,-0.73372984
0.9277667,-0.010336784
0.9048373,0.13985492
-0.008544215,-0.7053514
0.91444075,0.1155995
0.17595452,-0.5476514
-0.15518105,-0.75626755
-0.5180064,-0.7172666
0.5801775,0.09133285
-0.57401365,-0.6857896
-0.49014497,-0.7361942
0.37929642,-0.31740683
-0.6062468,-0.66032994
0.8450702,0.2363274
0.11021782,-0.6027679
-0.6766653,-0.5786556
0.9214724,0.101693794
-0.18942535,-0.74291545
0.14757529,-0.5816483
0.81110543,0.2589202
-0.27021986,-0.7676877
0.9168933,0.113458745
-0.46741992,-0.7340515
-0.6661201,-0.5923397
0.38202006,-0.30588892
0.91225016,0.12642848
0.91745365,0.09116123
-0.040429868,-0.72056174
-0.6283223,-0.63592416
0.92265236,0.087793194
0.8697463,0.21017936
-0.5833241,-0.677511
-0.54391885,-0.70692116
-0.54468715,-0.7069823
-0.6760266,-0.5782058
-0.17650123,-0.7462933
-0.54055953,-0.708326
-0.5858713,-0.67371774
0.84381,0.23002881
0.8695427,0.21183251
0.7713528,0.26751205
0.12895386,-0.60127044
0.63797593,0.15472993
0.9211896,0.09506643
-0.6724292,-0.5856022
0.923004,0.08751184
0.75696117,0.25146565
0.927459,-0.009088388
0.0590486,-0.6786627
0.69761664,0.2303934
-0.5579825,-0.69860876
0.80547684,0.28175828
-0.6311323,-0.63439953
0.91075444,0.1276872
-0.53070366,-0.7154847
0.92777205,0.015497742
0.17230508,-0.55780315
0.9241066,0.072189465
-0.54686373,-0.7028405
-0.3978669,-0.7614206
0.79562986,0.26597735
0.59563565,0.10952032
0.73232305,-0.19674136
0.9279188,-0.0027076374
0.90241766,0.1186474
0.9214326,0.09677474
0.5017537,-0.020184116
0.32998386,-0.37016407
-0.6763949,-0.5746274
-0.65129226,-0.61320955
0.8236579,0.26507384
-0.5483632,-0.7038634
0.011453507,-0.69132817
0.27096957,-0.46042937
0.92237544,0.079896726
-0.65956676,-0.5983582
0.75001836,0.2594169
0.9284307,-0.0030958655
-0.5691803,-0.6889989
0.35241666,-0.31877866
-0.54902154,-0.7046659
0.92210937,0.09473135
0.8840465,0.16666043
0.339622,-0.29778308
-0.021653906,-0.70035017
-0.49232855,-0.72868097
0.9208526,0.10401495
0.85916847,0.22604448
-0.62697875,-0.63627434
0.11888325,-0.60506403
0.91745114,0.11524617
0.802951,0.27542585
0.05622068,-0.6725388
0.9246777,0.060143657
0.919599,0.101514615
0.9206616,0.0939047
-0.0672269,-0.7258827
-0.45482734,-0.75044125
-0.67478424,-0.5796419
0.8753841,0.20143522
0.85194135,0.23604965
0.92617357,-0.017059462
-0.56290966,-0.69548035
0.87699056,0.19016658
0.12678118,-0.6010025
0.9284496,-0.016981078
-0.65756816,-0.6064255
-0.46512458,-0.7410538
-0.531837,-0.7128843
0.17865427,-0.56733185
0.78728855,0.2677429
0.18125416,-0.5636516
-0.11062149,-0.7346528
-0.025794629,-0.70627195
0.79352075,0.2831125
0.1069719,-0.6168682
-0.52654415,-0.7181913
-0.59575576,-0.6685271
-0.65854377,-0.6037284
-0.5328196,-0.71240026
-0.21472669,-0.7625798
0.9222148,0.082572974
0.039870474,-0.68316925
0.0676677,-0.64494467
-0.5426698,-0.70666355
0.74322814,0.24565186
0.9138132,0.11883748
-0.6732398,-0.58061534
0.31026646,-0.43971407
-0.57796466,-0.68290424
-0.67606735,-0.57893527
0.88085634,0.18975013
-0.62668097,-0.5926778
0.7754921,0.27959007
-0.6764439,-0.58076626
0.923619,0.08120361
0.9182514,0.11235233
-0.60142505,-0.66273683
0.13079983,-0.5930049
-0.6772284,-0.5740312
0.71021473,0.22598223
-0.67709225,-0.5778185
0.45153838,-0.14265549
0.12208171,-0.6035788
-0.5013344,-0.7269779
-0.64721876,-0.61516625
-0.35395592,-0.7523296
0.8513293,0.24709582
0.82626444,0.2592471
0.7493492,0.25099897
0.9071982,0.13208245
0.81220096,0.27214837
0.15744908,-0.5581246
0.80819917,0.2685635
-0.5654145,-0.6922517
0.92670184,0.057356607
-0.5404205,-0.7082778
0.21314445,-0.51319945
0.259666,-0.50354636
-0.6611342,-0.5996166
-0.66215897,-0.59624505
0.7586445,0.26817426
-0.67688924,-0.57451534
0.9197729,0.10117146
-0.50290567,-0.7293078
0.90740997,0.09378363
0.8291653,0.2490457
-0.62269175,-0.6425344
-0.44332188,-0.7506979
-0.5552859,-0.69710386
-0.07258268,-0.7242723
-0.5575112,-0.69649184
0.9189961,0.11097906
0.92800575,-0.006049779
0.9015805,0.16241966
0.87668884,0.21940194
0.22639939,-0.5103344
0.80160743,0.27597928
0.9110947,0.12373648
-0.5279728,-0.7164116
0.33739445,-0.36474663
0.22244872,-0.509043
0.8986292,0.14611354
0.16708982,-0.56632566
0.9281402,-0.006857307
-0.65509415,-0.60822374
-0.43854907,-0.7508682
-0.5822834,-0.6810971
-0.025951246,-0.71494526
-0.5115947,-0.7210633
0.20181471,-0.53161645
0.065088116,-0.6536171
0.92713165,0.019887328
0.9267188,-0.003324907
0.9275223,-0.009831686
0.55812204,0.06268834
0.9261674,0.03717334
0.8972231,0.1603548
0.4730579,-0.08798837
0.8969807,0.16907386
-0.6060261,-0.6575928
0.92364484,0.09287113
0.13427977,-0.59941804
-0.67839396,-0.57515496
0.92171615,0.09631879
-0.55522573,-0.6974916
0.60839516,0.114246696
-0.56634104,-0.6906796
0.85876393,0.23064402
0.6110679,0.14311682
0.92657894,0.032669418
0.91477597,0.1259036
0.924291,0.0710343
0.13042934,-0.60140103
-0.5609409,-0.6949337
0.17905228,-0.5458612
-0.5497515,-0.7003921
0.92843884,-0.012659038
0.71538734,0.25276795
0.40979472,-0.21420884
0.8334807,0.24383827
-0.6640772,-0.5954816
-0.6640529,-0.59434927
-0.6674962,-0.59019345
-0.6217726,-0.6425069
0.13688865,-0.5994819
0.90590787,0.1537121
0.7489526,0.26717415
0.92546684,0.028284982
-0.56454504,-0.6943971
0.92911077,-0.008531677
-0.5480114,-0.7046151
0.9126806,0.1110233
0.76716965,0.27140126
0.9186809,0.10911148
-0.06977122,-0.7311881
0.7570623,0.2535807
0.82170147,0.25840774
-0.51694864,-0.7197938
0.9289058,-0.00041301857
0.9137314,0.11757384
0.76807016,0.27143112
0.92129904,0.10676039
0.9278982,-0.0065893047
0.0965863,-0.6309292
-0.6441455,-0.621641
-0.57085615,-0.68859744
0.84073585,0.23737094
0.13803372,-0.5883217
0.8575955,0.22162883
0.92519385,-0.012615001
0.79972434,0.2745744
0.92579234,-0.011039936
0.86670643,0.22649622
0.897478,0.16377072
0.88228977,0.18595125
0.9249738,0.04870843
0.92886895,-0.004376102
0.92627865,-0.0081518395
0.922419,0.08730914
0.92289525,0.088249475
0.9216777,0.09545933
-0.6514576,-0.6128873
0.13708402,-0.5943974
0.052357562,-0.66277266
0.7800706,0.25296563
-0.6650881,-0.5926548
0.9188494,0.111813925
0.74753606,0.26902652
0.8027955,0.27309608
-0.48463562,-0.73436123
-0.6034072,-0.662861
0.92522097,0.03481995
0.16700251,-0.5574339
-0.6338415,-0.62716824
-0.54587185,-0.7049426
-0.05456749,-0.7130124
-0.5089423,-0.7170521
0.14609197,-0.5883599
0.9276321,0.0019841995
-0.5605476,-0.69417614
-0.60622865,-0.65790975
0.25865054,-0.4464219
0.91815734,0.07471788
0.9275372,0.031137941
-0.53365636,-0.7133668
0.92079186,0.09681344
-0.64379245,-0.6140652
0.9223137,0.08941639
0.32794482,-0.2817367
-0.5264408,-0.7163797
-0.5025437,-0.7201402
0.9201122,0.1020952
0.87316483,0.18725674
0.9267555,0.03837061
0.9208979,0.10411485
-0.36018112,-0.6502867
-0.5499527,-0.70227414
0.918329,0.10893711
-0.6732138,-0.58380467
0.9236464,0.08216599
0.9164747,0.12021447
-0.5381623,-0.7095858
-0.55130875,-0.70371395
0.11208352,-0.61525244
0.91794187,0.10559
0.7390697,0.26542675
0.081782855,-0.64011085
0.90465534,0.14745887
0.6452699,0.14105478
-0.5421788,-0.70588624
0.91986626,0.10215651
0.90870017,0.14167696
0.9272937,0.022042198
-0.07037753,-0.7271022
0.89823616,0.16060147
0.9222983,0.085992455
0.9188048,0.093705945
0.9264035,-0.0061561633
0.92908645,-0.0015490695
0.9213709,0.102442026
0.010694514,-0.70189244
0.9283077,-0.006839591
0.22978622,-0.48206043
0.19819286,-0.52809054
-0.6541641,-0.6099423
0.14028256,-0.5843435
-0.5996976,-0.66515476
-0.53472894,-0.711293
0.85214037,0.22816968
0.8225554,0.26687202
0.92831206,0.0019705952
0.92897594,-0.012995928
-0.6532041,-0.6106574
0.91235834,0.123549394
0.79945546,0.27824298
-0.55174863,-0.701219
0.2916132,-0.46573204
-0.57700515,-0.6843269
0.9162285,0.11749535
0.9175798,0.1085044
0.83888614,0.24864885
-0.5784458,-0.68223864
0.92866963,-0.0058620493
0.9127422,0.10321888
0.8120102,0.26827693
0.9080885,0.12818196
0.9112114,0.124448106
-0.675104,-0.58209574
0.92381656,0.082190245
-0.55177647,-0.70250064
0.7684979,0.27945885
0.92100066,0.10643764
0.25530738,-0.4702672
-0.66238016,-0.5947894
-0.65069807,-0.61500084
0.9092168,0.1324494
0.068323664,-0.6630989
-0.5470734,-0.7039393
0.9212212,0.08808364
-0.5666603,-0.69480056
-0.4844305,-0.7403193
0.92490196,0.073637396
0.40863988,-0.19659671
0.82069737,0.2655091
0.4200791,-0.21346122
-0.4421196,-0.7474936
0.9265785,-0.004369818
-0.6375345,-0.6246551
0.8598871,0.22332601
-0.54456794,-0.7061039
0.92782396,0.03892748
0.5957578,0.075853944
0.26623386,-0.47221038
0.9199344,0.06190126
0.21305908,-0.5001138
-0.6326593,-0.63304645
-0.5564719,-0.69053876
0.07869844,-0.6411689
-0.6765196,-0.5760995
0.92245865,0.07231988
0.26936963,-0.42907292
0.113014996,-0.62175095
-0.65188503,-0.60991716
0.9285817,-0.0072958632
0.9207974,0.106687985
-0.55755275,-0.6950558
-0.5457313,-0.70473975
-0.67758197,-0.5757696
-0.5274919,-0.71558356
0.47176546,-0.08895404
0.085491605,-0.63528645
0.8993498,0.13459216
-0.59669894,-0.66724896
0.024426641,-0.68877053
0.9169165,0.08825964
-0.5586722,-0.6976477
-0.58502704,-0.679445
0.11031841,-0.6104388
0.9134869,0.10550919
0.92653996,0.00036559106
0.9035145,0.1505022
-0.5611793,-0.69498384
0.1371024,-0.5961294
-0.5401662,-0.71108085
0.9290431,-0.003713741
0.92533314,-0.0071199993
0.9149583,0.11090027
-0.6764629,-0.57844126
0.9288091,0.0092935385
0.79969215,0.26812023
0.26742363,-0.4265678
0.9208749,0.09932959
-0.5005382,-0.72767866
0.7590167,0.26172352
0.9290237,-0.0092836255
-0.5341541,-0.7109457
0.9219934,0.085659645
0.3654304,-0.25351918
0.9278239,-0.00070394715
0.92832506,0.017093135
-0.5857794,-0.6737441
0.8960179,0.17581253
-0.55985314,-0.69602376
0.12735637,-0.60701174
0.31372574,-0.39253396
0.8231532,0.25127685
0.9277509,-0.010276806
-0.095565155,-0.7414208
0.923312,0.08937366
0.8838463,0.18733531
0.2167709,-0.52068055
-0.5330915,-0.7159745
0.88366264,0.19643961
-0.50025946,-0.7299136
0.9125441,0.12974185
0.8888256,0.18340117
-0.6743848,-0.57843804
-0.6743242,-0.58000845
0.9270869,0.032121733
0.9149722,0.119494095
-0.56347346,-0.69446164
-0.5416128,-0.7115807
-0.59612757,-0.66752326
0.9272325,-0.0047172615
0.9226889,0.096332714
-0.53919464,-0.7075952
0.8527417,0.23697096
-0.5050664,-0.7250969
-0.67681056,-0.5758239
0.7923334,0.27525026
-0.67632914,-0.58079565
0.928447,-0.011711518
0.19491322,-0.5335729
-0.67538214,-0.57656026
0.8074278,0.26501068
0.83928883,0.24548183
0.9199137,0.104309835
0.9196686,0.10155067
0.81478876,0.25974807
0.67323023,0.24708061
0.08401869,-0.6419113
-0.0065647573,-0.6975314
0.14458331,-0.57479286
0.21824786,-0.518683
0.7653098,0.27209294
-0.5737046,-0.6854493
0.37030795,-0.305391
0.9272175,-0.00614397
-0.58350134,-0.6781365
0.057576105,-0.6657953
-0.61661196,-0.6514524
0.7405721,0.2579781
0.9260481,0.021849941
0.8487758,0.22486362
-0.49437106,-0.73297274
-0.55395645,-0.7009788
0.9006456,0.16152176
0.92597747,-0.01541512
-0.6776501,-0.57225114
0.84490097,0.24459022
0.92253405,0.080215
0.92511934,-0.010885723
-0.12460844,-0.74177825
-0.6776861,-0.5774865
-0.56672305,-0.69119906
-0.53098005,-0.7062293
0.90871364,0.13650416
0.92397475,0.047102414
-0.67637044,-0.5739455
0.8730974,0.19894503
0.9258289,-0.0037067963
0.15133865,-0.5903892
0.1635068,-0.58250487
0.9254313,-0.009252916
0.8188283,0.26260456
0.9248152,0.07284326
0.107036114,-0.6261939
-0.676266,-0.5795645
0.82038987,0.26326573
-0.1412259,-0.7490867
0.36825752,-0.3019333
-0.60825527,-0.6543713
0.30045953,-0.41671017
0.35461298,-0.34274632
-0.5156312,-0.72044927
-0.6720535,-0.58027613
-0.5382046,-0.71063197
0.7711679,0.2723909
0.8767173,0.19855176
0.91215384,0.13313863
-0.54017687,-0.70595926
0.92782885,-0.00078736234
0.90678054,0.15013736
-0.0812031,-0.72450024
0.9276837,-0.003212349
-0.54982454,-0.7010862
-0.6678745,-0.5946477
-0.18324868,-0.7480818
0.9258869,0.051531248
0.8917191,0.17239618
0.9151389,0.11891456
0.15992749,-0.5687955
-0.50541705,-0.72842026
0.9279065,0.025693718
0.10951978,-0.6075122
0.92521447,0.059055798
0.53677946,0.020968188
0.76570046,0.26169753
0.92684007,0.00010915632
0.9282655,-0.0145052085
-0.67414695,-0.5797629
-0.5609928,-0.69029725
0.85269475,0.2402943
0.9276018,0.037070174
-0.37155962,-0.7597694
-0.54253453,-0.7098062
0.8202159,0.2649114
0.7796449,0.27417764
0.92679155,-0.010256685
0.7472057,0.27046418
-0.557858,-0.69014287
0.9065805,0.14618078
0.922945,0.08159522
0.917958,0.11410664
0.8359367,0.24649666
0.1622878,-0.57409143
0.8840953,0.19636711
-0.533792,-0.7158489
0.8238585,0.26546735
0.16295534,-0.55520034
-0.5440554,-0.70859784
0.9269692,-0.010758399
0.8674685,0.20563218
0.30394655,-0.43276766
-0.6732683,-0.58194596
0.919332,0.10946203
0.91464186,0.12639274
0.9273793,0.0031514012
-0.5311975,-0.7170814
0.01631046,-0.69370115
-0.56082654,-0.6925069
0.67638916,0.21932738
0.29161564,-0.4364195
0.89780223,0.16311233
-0.6194998,-0.64900535
0.9219064,0.094488405
0.10545582,-0.63311166
-0.03348085,-0.71377647
0.92709076,0.04362412
0.82240313,0.2648416
0.85093206,0.24323136
0.7115772,0.25093833
-0.60157114,-0.66261816
0.7451306,0.2582686
0.1620733,-0.5668846
0.27850398,-0.44644204
-0.67718816,-0.57655907
0.9222987,0.09373542
0.9223291,0.086407594
-0.5648592,-0.69237506
0.9133436,0.12932083
0.8994432,0.15684241
-0.6691749,-0.5847446
0.8413458,0.24854271
0.92930824,-0.009437333
0.9187808,0.09404987
0.91519517,0.12120052
0.6930468,0.21702401
0.9162905,0.11775965
-0.66053414,-0.59967154
0.29772624,-0.41994327
0.9272236,-0.0010097892
-0.6798567,-0.57244533
0.91388065,0.12297428
0.8976706,0.17150334
-0.5641841,-0.6899295
0.8470887,0.23007554
-0.54767895,-0.7049402
0.924703,0.04347745
-0.67625064,-0.57931477
0.83367,0.24003555
-0.6763837,-0.57608235
-0.54316056,-0.7062937
-0.4842037,-0.73063266
-0.36527267,-0.762591
-0.6571743,-0.6027401
-0.66922706,-0.5860155
-0.19006819,-0.7515873
0.48157144,-0.11963655
0.8636426,0.21874028
-0.49800512,-0.7315517
-0.35797945,-0.7609117
0.09999967,-0.6344321
-0.524375,-0.72056973
0.818211,0.25454608
0.9094531,0.12043554
-0.56057703,-0.6964668
0.13681762,-0.6063602
0.8480403,0.22977982
-0.54295826,-0.7035747
-0.5356717,-0.7089096
0.118144296,-0.6137781
-0.56408954,-0.6925347
0.92546624,0.029030226
0.9104545,0.12935294
-0.5990467,-0.6651242
0.84434074,0.24518554
-0.04126205,-0.7197485
0.9118446,0.10970769
-0.67427164,-0.58106136
0.9103335,0.13958791
-0.56971765,-0.68969285
0.89318144,0.17724971
-0.48689944,-0.7303038
0.036542084,-0.689126
0.7389738,0.2634687
0.31830588,-0.36550635
0.78429836,0.26946238
0.83764905,0.24814351
0.8582674,0.228577
-0.6734303,-0.585633
0.87097126,0.20238955
-0.5671664,-0.69130564
0.92275816,0.074423365
0.9062414,0.13961442
-0.6181018,-0.65178764
0.907727,0.12946768
-0.521048,-0.72188324
0.3603345,-0.24879779
0.2995568,-0.40052322
0.72768104,0.25674626
0.4192746,-0.20146453
0.1568792,-0.5672693
0.92707753,0.021225436
0.7706263,0.27299884
-0.6035514,-0.6467392
0.10238609,-0.62833923
-0.417436,-0.7416926
0.92195255,0.07639221
0.92461836,0.05282641
0.89336646,0.17714001
-0.47979382,-0.73602587
-0.65566194,-0.5989434
0.9272989,0.0032542497
0.7479798,0.2771183
0.922033,0.093997024
0.910345,0.108324185
-0.55259454,-0.700663
0.11223753,-0.6108939
-0.5877211,-0.6758997
0.12781985,-0.59746104
0.9287247,-0.009654799
0.36578494,-0.23801515
0.9179328,0.11154819
0.9159853,0.11864357
0.27997628,-0.46814546
0.29083273,-0.43401128
-0.54429734,-0.7058475
-0.66335756,-0.5975113
-0.53987813,-0.7084449
-0.5222994,-0.7203998
-0.4880879,-0.7343164
-0.53152627,-0.71191674
0.92813545,-0.015078758
0.88557875,0.1755414
0.6440226,0.18633907
-0.48835564,-0.7351748
0.81646687,0.27014276
0.91359687,0.12459395
0.92757374,0.0032236425
0.89784956,0.1693923
0.9277249,-0.0022506479
-0.5471399,-0.7057502
0.9171055,0.11781755
0.9240852,0.07642653
0.90927815,0.1462472
-0.13811354,-0.74355614
0.90559804,0.13012736
0.9277186,0.012282936
-0.56889546,-0.6893716
0.14153528,-0.5977622
-0.51634264,-0.7235499
0.8632414,0.22129318
0.9137795,0.11528128
-0.6719594,-0.5842945
-0.5547033,-0.6966689
0.9222473,0.089321986
-0.5434171,-0.70178837
0.07036933,-0.65906733
-0.65849584,-0.60036975
0.9217684,0.09437209
0.8786258,0.19258814
0.9234954,0.06980453
0.8008472,0.2653574
-0.5790052,-0.6834508
0.9179868,0.115956284
-0.67895865,-0.5750445
0.9051561,0.14429721
0.71217465,0.26131696
-0.5594483,-0.6972706
-0.53693336,-0.7095925
0.01613359,-0.69517475
-0.6742525,-0.5832191
-0.66822076,-0.5902078
-0.08132301,-0.73649293
0.9283309,-0.012139008
-0.67806655,-0.5753664
-0.5939387,-0.66930324
-0.48588327,-0.73138374
-0.661253,-0.59720397
0.18496287,-0.5549181
0.17635025,-0.555907
0.92003876,0.111065425
0.9276275,-0.0060120393
0.9147786,0.11100097
0.10987089,-0.615383
0.9034808,0.13157013
0.90630054,0.14600602
-0.67108697,-0.5839411
0.9166902,0.11384728
-0.6732461,-0.58170205
-0.6653039,-0.59671795
0.90890604,0.13987307
-0.5766907,-0.6860859
0.91004705,0.14208026
-0.67924976,-0.57208896
0.92555016,0.058751583
0.90028775,0.16825506
-0.05372241,-0.73002535
-0.5721327,-0.68574786
-0.6767498,-0.5756312
0.19340278,-0.5509448
0.6075178,0.14878651
-0.6720785,-0.5833028
-0.54518306,-0.70315504
-0.58056104,-0.6793988
0.1735577,-0.5637111
0.890343,0.19561487
0.9282127,0.0123622455
-0.51949584,-0.72061557
0.7560035,0.2588706
0.1107781,-0.6123568
0.92252064,0.08265761
0.92812014,-0.0070638764
-0.5935743,-0.66989475
0.9043307,0.1526032
0.8480696,0.23247987
-0.5446139,-0.7070215
-0.47232938,-0.7390277
-0.5578492,-0.6981997
0.9153065,0.10160245
0.02063742,-0.6860987
0.114114724,-0.6132416
0.9248996,0.038683616
-0.4493263,-0.7481765
0.8546606,0.23425093
-0.54541373,-0.70569855
-0.5429768,-0.7088685
0.92779744,-0.0046818294
-0.53248745,-0.71506345
0.91058624,0.11866421
0.8997444,0.16983642
0.66195863,0.19505647
0.86999524,0.21817088
-0.54009587,-0.71026415
-0.0137848435,-0.70225155
0.8186643,0.25273815
0.925439,0.048343714
-0.6747844,-0.5786371
-0.0074887173,-0.710804
-0.5480639,-0.7009831
0.29445818,-0.40208533
0.9203703,0.100369714
0.92732084,-0.009252835
-0.5542543,-0.6988247
0.459997,-0.127216
-0.5491932,-0.7024263
-0.027189948,-0.71053207
0.85943574,0.2222871
0.9208409,0.09716931
0.9259019,0.038395315
0.8660413,0.21042286
0.113043144,-0.60341734
0.9288336,-0.009169669
-0.55123067,-0.7022193
-0.67793137,-0.57817227
0.16538978,-0.564096
0.87317556,0.20249043
-0.009771054,-0.71884054
-0.67673695,-0.5794127
0.3137548,-0.4041266
0.92124766,0.107229084
0.18637848,-0.5524397
0.9145503,0.11903103
0.12752044,-0.5836966
-0.5804673,-0.68179756
-0.5600315,-0.6969733
0.8570904,0.23268592
0.90559274,0.1495876
0.92119366,0.0994445
0.24614598,-0.48163417
0.82858294,0.25048512
0.8586145,0.23844832
0.9275626,-0.0012474902
0.11085629,-0.6132701
-0.5819919,-0.6802835
0.76661694,0.26406908
-0.55721486,-0.6963388
-0.55044365,-0.7012689
-0.53800267,-0.71034116
0.19303447,-0.5272004
0.88093877,0.20587756
0.768133,0.26196563
-0.5889201,-0.6716306
-0.119657286,-0.7501248
0.8639361,0.217323
0.076170325,-0.6506136
-0.6318331,-0.6366339
0.78235644,0.27750686
0.9139618,0.10341904
0.917548,0.11228197
-0.6014027,-0.6630103
0.88039076,0.16430286
-0.55112535,-0.70265067
-0.26953635,-0.78034526
-0.04627722,-0.70814526
-0.6767786,-0.57977194
-0.6782687,-0.57364994
-0.5549649,-0.6978799
0.408565,-0.21309838
-0.6792691,-0.5716269
0.92640924,-0.010311115
0.76747257,0.26692468
-0.56861925,-0.6883446
0.8758319,0.19457068
0.1628702,-0.5774106
0.88793194,0.17675379
-0.5945741,-0.6708694
0.03288232,-0.68586916
-0.56427556,-0.6951561
-0.67511845,-0.5783422
-0.6224692,-0.5859561
0.9067538,0.1324903
-0.6385526,-0.6299579
-0.54985327,-0.7062033
-0.54737496,-0.70323336
-0.6758876,-0.5778282
0.9197722,0.06142218
-0.52437025,-0.71651936
0.9236145,0.06347931
0.7541726,0.24877974
0.33137625,-0.37903285
-0.67394215,-0.58232605
0.9285476,0.008515948
0.92683494,-0.0017212022
-0.66685313,-0.59159577
0.7560675,0.26041302
-0.6765442,-0.57787055
-0.61583334,-0.64513385
0.9031579,0.14444353
0.9194146,0.106373884
-0.54119706,-0.7096542
-0.6746375,-0.5807398
0.85548466,0.23329112
0.649031,0.16518003
0.91857344,0.11318008
0.9280836,0.02234396
-0.67505836,-0.58226514
0.92271626,0.06629626
0.92177826,0.09193565
0.927903,-0.011687244
-0.586986,-0.6757663
0.289463,-0.4169682
0.1888529,-0.55103564
0.91870195,0.11112459
0.8044516,0.26502737
0.73406404,0.25750196
0.91390413,0.10594442
0.9120082,0.11291566
0.141267,-0.5859778
-0.54963875,-0.7012375
0.91990095,0.10548902
-0.6609469,-0.5992415
-0.5964783,-0.665766
-0.5546908,-0.6982
-0.6787349,-0.57327896
0.922497,0.09304839
0.9125797,0.13051605
0.9082979,0.13489088
-0.67284083,-0.5826471
0.9260533,0.047957845
-0.5391964,-0.70819205
0.49748653,-0.047613084
0.9279143,0.037662692
-0.5263442,-0.71624666
-0.41860488,-0.7506527
0.78564996,0.25145382
0.92690855,-0.0081563005
0.92898935,5.246799e-05
0.9041838,0.1543801
0.90376335,0.15161593
0.88312,0.19416736
-0.6721974,-0.58676255
-0.5863559,-0.6764003
0.87912065,0.1983968
-0.5329819,-0.71229976
0.9281248,-0.0025789114
-0.67790926,-0.57400477
0.927819,-0.0106307315
0.918233,0.116470434
-0.5349088,-0.7064726
0.8519803,0.23868641
0.9274489,-0.012519071
-0.66918486,-0.5887526
0.8288649,0.25289354
-0.16641973,-0.7383337
0.45946464,-0.10044017
0.91956425,0.08362124
0.9026467,0.1384457
0.14799263,-0.5675479
0.86554503,0.22054644
0.44502032,-0.12456943
-0.5483306,-0.70334744
0.87223923,0.20795326
0.45595866,-0.11499813
-0.6589688,-0.5754865
0.9241994,0.0779766
0.4533905,-0.13999441
-0.19150618,-0.7575476
-0.67675364,-0.5764792
-0.24094036,-0.7551265
0.7069537,0.23280083
0.87179476,0.21086144
0.69968396,0.21112129
-0.67770374,-0.57323253
0.9253609,0.06884536
-0.5443245,-0.705142
0.92229444,0.079948284
0.13628358,-0.5970596
-0.5024074,-0.7219061
-0.49820766,-0.72120327
-0.4778635,-0.737268
0.8921523,0.1739109
0.9247265,0.055761464
-0.54274374,-0.7052992
0.2158244,-0.51984626
0.84593916,0.23250073
0.33148295,-0.33976862
0.72959435,0.2449984
0.9228362,0.09190031
0.12700081,-0.597823
0.9138966,0.12181954
0.9270114,-0.003066342
0.9277495,0.006332616
-0.5765248,-0.68123657
0.92502517,-0.010717487
0.18529458,-0.55958176
0.53196204,0.0026675297
0.9161905,0.09913878
0.13446918,-0.5904189
-0.44002426,-0.7493286
-0.52158463,-0.71607065
0.8262019,0.252892
0.92118055,0.092023425
-0.6183708,-0.64731973
0.72115046,0.23623362
0.4770453,-0.05589425
0.92572325,-0.010722767
-0.41260338,-0.751423
-0.4320703,-0.7477286
-0.6222848,-0.6438306
0.9171764,0.1099648
0.29311675,-0.45607316
0.14705645,-0.57244706
0.9256995,0.05394202
-0.27409232,-0.7628081
-0.13135782,-0.7434678
0.916308,0.11974419
-0.6766139,-0.57761097
0.86068064,0.21666639
-0.55662966,-0.6988145
0.7589603,0.2659436
0.1395843,-0.60257995
0.7612428,0.27445215
-0.5242288,-0.7163801
0.47765836,-0.1227776
0.92594415,0.030103799
-0.67652464,-0.5766992
0.9214872,0.095522076
0.79228616,0.27027977
-0.5506324,-0.70366526
-0.56002396,-0.69496834
0.9186896,0.083053865
0.92733294,0.0067426576
0.9048213,0.13071676
-0.6753137,-0.5779661
-0.65698177,-0.6030257
-0.3297798,-0.7628114
0.06669551,-0.6671011
-0.6338707,-0.6317514
0.1532581,-0.5705176
-0.662206,-0.59946996
0.91921467,0.1041423
0.92268413,0.084062226
0.045671925,-0.65998566
0.85933495,0.22585902
0.9251471,0.063186854
0.9195436,0.08757648
0.92250365,0.08914105
0.9048902,0.14263217
0.16160567,-0.5575684
-0.64497644,-0.6202608
-0.66785383,-0.5912798
0.8101994,0.26461217
0.11377567,-0.62635624
-0.559025,-0.69793826
0.863961,0.22016059
0.91320187,0.1279975
0.2151944,-0.507103
0.09923653,-0.6360476
0.9215088,0.07636616
0.88158065,0.18943018
0.01665798,-0.6928607
0.8744928,0.20082073
-0.5423613,-0.7045274
0.92892057,-0.0072208224
-0.01006633,-0.7208362
0.9052627,0.14040889
-0.6328202,-0.63195467
-0.55593306,-0.69944054
0.14545517,-0.57235175
0.21805541,-0.5133697
0.1493755,-0.58042926
0.7789035,0.27741918
-0.5698558,-0.6904928
0.612959,0.1505327
-0.5730621,-0.68673944
0.020422222,-0.6885144
0.9233429,0.0755782
0.9202727,0.099038295
0.8887434,0.18789457
0.9049378,0.14758062
0.8390078,0.24411121
-0.57360345,-0.6868069
0.16553041,-0.5617875
0.8821772,0.19004154
0.8968452,0.15581654
0.88745844,0.18611078
-0.54911166,-0.705272
-0.65124583,-0.61255294
0.886001,0.19316414
0.72722894,0.24839199
-0.59334284,-0.6689368
-0.55661285,-0.7000544
0.92665905,-0.0064640855
0.5134606,-0.013770826
0.8051873,0.2740171
-0.62101895,-0.64673376
0.7586037,0.27942818
0.874495,0.20152596
-0.59705544,-0.6675753
-0.5679911,-0.68903804
0.8567045,0.21409379
0.1774523,-0.553546
0.9022053,0.14722785
-0.6723066,-0.5864447
0.8912084,0.17972793
0.12497825,-0.60464245
0.80100477,0.2726705
0.92324406,0.079760596
-0.5627741,-0.69448054
-0.6540068,-0.6074133
0.85097414,0.23608254
-0.48207694,-0.73124576
0.26454318,-0.4615067
0.63410497,0.17985088
-0.5713759,-0.69046354
0.25521472,-0.48905012
-0.16671354,-0.751643
-0.5438215,-0.7042222
-0.67497796,-0.5789499
-0.567083,-0.68869984
0.8270182,0.24425589
0.9290963,-0.013949613
-0.21575242,-0.74497217
0.9238014,0.08441579
-0.5668593,-0.6892229
-0.55262136,-0.7032988
-0.6753534,-0.5792424
0.9243426,0.02764996
-0.55134743,-0.69998765
-0.6758191,-0.5806859
0.9284168,-0.0067833383
0.9190587,0.106702
0.9288029,-0.012150647
-0.5944169,-0.6687505
0.9255358,0.04781532
0.7588017,0.25686118
-0.4824236,-0.73394424
-0.6277264,-0.6337772
-0.56535846,-0.6940493
0.91454023,0.12704496
-0.67590916,-0.5765545
-0.063142166,-0.73154473
0.92374206,0.07251837
0.906225,0.15354255
0.9188715,0.11566852
-0.6764406,-0.57552505
0.9268467,-0.011947122
-0.5556929,-0.7004424
0.12938826,-0.59677196
-0.40908322,-0.748621
0.92533094,0.049450886
0.885103,0.16792181
0.7313462,0.23392104
0.11477858,-0.62672853
-0.56000704,-0.6961792
0.91996366,0.102634355
0.8830851,0.18896322
