0.6828368,0.71904004
0.19256228,-0.09522642
0.6870598,0.7178594
-0.13667306,0.46450952
0.69154483,0.6137711
0.16541651,-0.09555884
0.69347996,0.71372247
-0.11487362,0.14478225
-0.122338735,0.5053127
0.056391932,-0.044173323
0.6974986,0.7098157
-0.13162008,0.48350215
0.69584775,0.7110981
-0.1317502,0.48049906
0.109474406,-0.06145747
0.26388547,-0.111110225
0.6987502,0.70842767
0.6938676,0.71342695
0.69573694,0.60151744
0.7190549,0.5262696
0.26976034,-0.12332908
0.6846787,0.7189491
0.6984988,0.7087384
0.6823493,0.7191678
0.6916071,0.71501696
0.690164,0.716359
0.6987217,0.70821714
0.6985535,0.7087532
0.2580692,-0.107791424
0.6988283,0.70826715
-0.12753992,0.4977803
0.24003053,-0.10327804
0.69314295,0.71401936
0.6820707,0.71916705
0.67681277,0.7148551
0.031531487,-0.017705893
-0.13138103,0.49079847
0.6884875,0.71683306
0.6881776,0.71694136
0.68961966,0.7165
0.6990698,0.70791584
-0.13050057,0.48170608
0.6944493,0.71284264
0.69872713,0.70845306
0.69869125,0.70840424
0.6934884,0.71360385
0.72938967,0.48477829
0.7017505,0.56552553
0.68577904,0.62212193
0.6948536,0.7124378
0.6844527,0.7190223
0.69548714,0.7119168
0.69469595,0.71251434
-0.13064095,0.4847058
0.70242155,0.56668603
0.67834866,0.7192792
0.69335407,0.7138346
0.72550803,0.4931268
0.6963238,0.573319
0.68698615,0.62041116
-0.13273261,0.4823964
0.6770249,0.64532423
0.72965443,0.49248135
0.6920954,0.7148497
0.72483844,0.5041488
0.698984,0.70840967
0.68226343,0.7197246
0.699206,0.57309604
0.6802273,0.71857154
0.70224804,0.57289904
0.7222014,0.52165985
0.69758344,0.7098095
0.7186615,0.5243204
0.698706,0.7084801
0.6918971,0.71465987
0.69276077,0.71444
0.69186205,0.7150367
-0.16187625,0.31179917
0.6874565,0.7177623
0.69418025,0.71313953
-0.12200042,0.49634945
0.6933868,0.7139321
0.28251418,-0.11200155
0.6831937,0.71971774
0.6922334,0.71453553
0.5030687,-0.022137295
0.69514424,0.71213865
0.6989675,0.70832336
0.73134434,0.42634106
0.26982763,-0.089746796
0.6984682,0.70874804
0.72782785,0.48675817
-0.1266437,0.49307394
-0.122143425,0.5018968
0.6752856,0.63602424
0.69399035,0.71325415
0.5288558,-0.022517068
0.70078516,0.5729557
-0.13613552,0.46926492
0.7106026,0.55075
0.6855893,0.7187047
0.69921035,0.70796996
0.6871017,0.7177279
0.30747268,-0.104421206
0.25774387,-0.11137123
0.06648427,-0.047937337
0.694474,0.71259034
0.66865945,0.68889576
0.30392095,-0.10287339
0.6935942,0.7135978
0.6832664,0.7192806
0.69339836,0.71336216
0.54108816,-0.012065809
-0.1463481,0.4226049
0.69425774,0.7129625
0.6827995,0.71874344
-0.114651315,0.5077622
0.19227692,-0.09192513
0.6853561,0.6249742
-0.1485848,0.2781243
0.69268847,0.7143868
0.06424192,-0.028365793
0.23242678,-0.10303347
0.6702831,0.6942265
0.6904335,0.71598744
0.7262182,0.4550369
0.33180985,-0.105094194
0.33769667,-0.108307585
-0.14804423,0.43856308
0.68916744,0.7170901
0.69315034,0.7131756
0.69340205,0.71388084
0.7030272,0.5563441
0.69055915,0.71596736
0.6958053,0.58863354
0.6950775,0.71211237
0.69296503,0.71391606
-0.12832938,0.48778814
0.697763,0.7095953
0.68343836,0.7192038
0.6862659,0.71761787
0.06404767,-0.037031997
-0.04606492,0.0372138
0.69848937,0.70850986
-0.123637244,0.4868872
0.6952951,0.58278024
0.18820238,-0.08356326
0.67551506,0.71571666
0.3801811,-0.09541062
0.6948199,0.712621
0.690594,0.7160261
0.6897856,0.7162809
0.6985577,0.7087302
-0.12490333,0.4886165
0.7169674,0.536464
0.74000144,0.33285594
-0.12093174,0.18081427
0.70120215,0.5679429
0.69344556,0.71386755
-0.0870382,0.10482762
0.28127295,-0.090799265
0.68235725,0.71946734
0.67546374,0.71507275
0.68858814,0.7170863
0.6771523,0.7175294
0.6944024,0.71297055
0.69761205,0.7096223
0.73981136,0.35544646
0.6794973,0.7191447
0.6979858,0.5781557
0.69899243,0.70803285
-0.13171208,0.4821027
0.73214775,0.47685868
0.46925414,-0.062302552
0.67691565,0.7148806
0.67216563,0.7052177
0.23597601,-0.09819764
0.68538535,0.6184
0.6952866,0.7118155
0.6899284,0.7161402
0.7298367,0.42438132
0.7003816,0.5678751
0.11783453,-0.06806758
0.6814596,0.7194436
0.697017,0.5864299
0.70156014,0.5729944
0.70586246,0.55597687
0.6891961,0.7166646
0.6987691,0.70837486
0.6986922,0.70845515
0.6933787,0.71388096
0.696418,0.7107608
0.15202662,-0.07049568
0.6987234,0.7085941
-0.1311597,0.48208568
0.69540167,0.586588
0.69175696,0.7145316
0.6987284,0.7085431
0.69237405,0.7143372
0.7120735,0.53983516
0.6982261,0.5762041
0.6904225,0.71528774
-0.15546918,0.2988897
0.6801784,0.6318195
0.68059134,0.7185691
0.68937457,0.7163169
0.68992114,0.71584386
0.69785786,0.7094718
0.47723538,-0.050214324
0.31679896,-0.1020525
0.691249,0.71496385
0.68775773,0.7175652
0.15368603,-0.07885079
0.6980721,0.5755059
0.67412513,0.644311
0.70906186,0.5539139
0.6823809,0.7190187
0.6938191,0.7133694
0.6948609,0.71243846
-0.13553299,0.46179646
0.69372886,0.71350163
0.70095503,0.57159126
-0.1251979,0.48839578
0.6939805,0.7132359
0.2887587,-0.10588729
0.69216853,0.71459305
0.13472499,-0.07800653
0.69303215,0.7140597
-0.1464836,0.4140755
0.18186559,-0.099728726
0.6764072,0.71611094
-0.1533508,0.3488271
0.69635713,0.710915
0.69139314,0.71518683
0.5526625,-0.020653311
0.69008917,0.60753274
0.6987314,0.7084552
0.55021995,0.0058012772
0.27869424,-0.092226505
0.6735198,0.68675005
0.676652,0.715326
0.6686378,0.68422145
0.6966771,0.7104948
0.68238,0.7190509
0.6890789,0.6037596
0.18670745,-0.08754486
0.68823636,0.71736395
0.7279177,0.4710978
-0.097131535,0.12928501
0.68258667,0.72000855
0.183725,-0.0970434
0.30562073,-0.10380034
0.6958508,0.7114191
0.3521811,-0.10337431
-0.11888892,0.4895054
0.69340837,0.7138535
0.29800627,-0.09858205
0.69162107,0.7148401
0.6936045,0.71367204
0.70258284,0.5619004
0.44886026,-0.078873016
0.68886626,0.7164639
0.6809898,0.72007775
0.73192304,0.30929098
0.68405944,0.7188265
0.123753384,-0.07599816
-0.120290965,0.49055213
0.68175864,0.7192234
-0.13224225,0.49337497
0.6987508,0.708437
0.7100346,0.5489171
-0.12450753,0.49514812
-0.14089502,0.46495607
0.33817473,-0.09600988
0.032280378,-0.029243087
0.6913928,0.7149475
0.67034626,0.6812413
0.69024473,0.7158003
0.69286346,0.71422356
0.680579,0.7197775
0.7077408,0.5548174
0.29358265,-0.10492702
0.6932477,0.7140068
0.69893146,0.7081001
0.7245863,0.508922
0.6700858,0.67984533
0.3505316,-0.10251223
0.21159406,-0.1040968
-0.15629508,0.3460513
0.69471633,0.7127768
0.69690514,0.71032864
0.69854164,0.708558
0.68031573,0.7198385
0.6933448,0.7138631
0.70917183,0.5477931
0.6793971,0.7191869
0.6989663,0.7082166
0.68926716,0.5950602
0.6900365,0.716189
0.6921612,0.7149316
0.6970667,0.17495365
-0.15135324,0.37116107
-0.04908682,0.056749254
0.7182757,0.30217773
0.6967906,0.71053386
0.68617696,0.7180147
0.72669524,0.5070156
0.7293248,0.46920726
0.69167435,0.71515214
-0.08137672,0.11021738
0.6842085,0.71905607
0.6999798,0.5738771
0.6691693,0.6822987
0.69017047,0.71587974
0.68882567,0.71629864
0.69340724,0.6127058
0.6776088,0.71806526
0.4411877,-0.05624718
0.6931109,0.7141036
-0.15501113,0.34618706
0.7174706,0.5289879
0.7305583,0.44728315
0.48037347,-0.045916934
0.68833417,0.7173816
0.68672705,0.71774167
0.6967216,0.710494
-0.13438895,0.47924072
0.6809833,0.71932274
0.054204445,-0.042247012
0.29786077,-0.11159883
0.3517686,-0.10692667
0.6977014,0.580155
0.6984955,0.7088374
0.6911788,0.588729
0.7258391,0.4860324
-0.119159095,0.5174678
0.26074913,-0.090513185
-0.12559918,0.1807542
0.68005544,0.7194607
-0.08678166,0.117182046
0.68847644,0.7163059
0.67457813,0.10744169
0.19019815,-0.08979129
0.69866616,0.70842385
0.72176504,0.5194858
0.67056346,0.6785111
0.1800595,-0.0663455
-0.053236466,0.07590603
-0.15514246,0.36518037
0.6916647,0.71490186
0.68601346,0.7179581
0.67213845,0.7057905
0.2508706,-0.09687006
0.19589932,-0.10014508
0.69843334,0.708822
0.68291354,0.6367624
0.6877258,0.7171213
0.6988763,0.70836055
0.6986734,0.7083054
0.6810479,0.71882445
0.30067816,-0.10031569
0.693515,0.7137357
0.081300974,-0.036621347
0.68833387,0.71661544
0.69436246,0.7127957
0.69105,0.7155031
-0.15036537,0.30949447
0.69456446,0.7124799
0.08877137,-0.056862023
0.3256384,-0.1046935
0.21581607,-0.096303575
0.69884914,0.70823044
-0.12960596,0.43272987
0.020637622,-0.011409122
0.6781521,0.7185654
-0.13272528,0.48210058
0.69018036,0.7159252
0.67672646,0.71700126
0.69149446,0.71512634
0.32277888,0.1221639
-0.062027477,0.08872118
0.7062558,0.557552
0.6985373,0.7086692
0.68734103,0.7175084
0.6987959,0.7084486
0.70170295,0.5627345
0.69362116,0.7137131
0.6732399,0.705029
0.697677,0.7094702
0.7041333,0.56890255
-0.15319213,0.39261004
0.69096416,0.71561706
0.109507486,-0.056123253
0.69655144,0.59791344
0.71025777,0.54679096
-0.13798687,0.46102995
0.6831465,0.71902317
0.7292655,0.44324282
0.26991817,-0.10852304
0.69321084,0.71419615
0.6990498,0.5734461
0.09950997,-0.06778749
0.6933834,0.5943548
0.6718177,0.6798379
0.6939406,0.71337646
0.7059794,0.5565451
-0.14617191,0.4388564
0.6804646,0.719392
0.6805702,0.71980906
0.6727124,0.65825087
0.68016195,0.7185329
0.16923597,-0.091198675
0.71198,0.54449445
0.0694849,-0.03826463
0.7293334,0.4199049
0.33596376,-0.10297847
0.15158562,-0.08442057
0.72913516,0.45842114
0.7329877,0.4034767
0.69893676,0.70823234
0.6984896,0.7089003
-0.04028056,0.05348561
0.70909387,0.5527413
0.48150095,-0.054140534
-0.1596048,0.32921237
-0.15004085,0.31571257
0.6962007,0.7109235
0.6939582,0.7127165
0.6929819,0.7142413
0.69905186,0.70823246
0.6942962,0.71273637
0.71897924,0.5352212
0.67010677,0.68929213
0.6892213,0.7164208
0.69386,0.71358985
0.035749417,-0.025527783
0.6869199,0.7180595
0.6193497,0.05596618
0.68555576,0.71844584
0.701954,0.56500584
0.6911415,0.7152587
0.4294342,-0.08877979
-0.08583963,0.10591561
0.6918507,0.715185
0.40162364,-0.08063812
-0.13963807,0.43695158
0.6950397,0.71226054
0.6838676,0.7189017
0.6944975,0.7123878
0.033811733,-0.020591771
-0.11913415,0.18868393
0.6918852,0.7149153
0.6941818,0.7131208
0.6933746,0.7138659
0.6987195,0.7083945
0.28492564,-0.08212323
0.73019767,0.47905433
-0.010801836,0.011798523
0.6857414,0.7184987
0.69874656,0.70837706
0.18185809,-0.06460819
0.70149094,0.58172053
-0.14514028,0.40683812
0.69191724,0.7151006
-0.11482138,0.5108562
-0.13322061,0.20459948
-0.1304859,0.19048023
0.14663927,-0.08514956
0.72816694,0.48762658
0.6854545,0.7186017
0.27262634,-0.10792963
-0.15855193,0.3319311
0.6989291,0.708173
0.70798934,0.5564625
0.69528633,0.71185756
0.671099,0.70385265
0.11829748,-0.068755224
0.3151137,-0.10494407
0.68897206,0.71708626
0.69357896,0.71368617
0.71039516,0.5500254
0.6954095,0.59057385
0.17314564,-0.08793985
0.6856417,0.7181683
0.6861777,0.7183928
0.67749125,0.7187077
0.6946791,0.7124999
0.69363654,0.7129553
0.28565758,-0.1027763
-0.121417366,0.5112708
0.71771413,0.5248865
0.6773981,0.71532667
0.19537257,-0.09747924
0.69851875,0.70874447
-0.14001447,0.47198585
0.7025636,0.5650223
0.6840999,0.7188558
-0.13466047,0.4873102
0.16039307,-0.08738119
0.7114765,0.54104793
-0.13221963,0.49502927
0.70300853,0.5610659
0.71628714,0.53587204
0.69589823,0.6050747
0.6949438,0.5904622
0.16211163,-0.09588904
0.698727,0.70852214
0.04342669,-0.017777635
0.27770963,-0.10480487
0.7179294,0.52626634
0.6818077,0.7196813
0.4449264,-0.053628396
0.69896394,0.70821893
0.6896091,0.7155101
0.6847458,0.71858406
0.7104464,0.55394495
-0.11632186,0.5022765
0.691296,0.7153512
-0.13400643,0.48455277
0.45508474,0.044490013
0.6775407,0.7179356
0.7029981,0.5451677
0.7061455,0.55306786
-0.046457693,0.05570665
0.6053304,0.07061358
0.72693175,0.49470106
0.01116899,0.002681084
0.6948048,0.71248966
0.12632911,-0.04330584
0.7009751,0.56418186
0.69461584,0.71259034
0.6938263,0.7134654
-0.13010952,0.4985238
0.7249219,0.38291663
0.66681916,0.6701149
0.69142914,0.7150294
0.68403125,0.71883065
-0.1507724,0.30384845
0.7158303,0.5305806
0.6987293,0.70838237
-0.14664231,0.30355328
-0.14454246,0.46050963
-0.1473195,0.4048434
0.69527936,0.7118739
0.6928899,0.71399784
0.6710606,0.6674429
0.4253017,-0.08338991
0.1299841,-0.07530384
0.69350535,0.5911322
0.6944174,0.71287924
-0.1183006,0.507394
0.682525,0.62573856
0.687135,0.7167656
0.68003464,0.7189826
0.6934363,0.7138291
0.6973822,0.7099364
0.2339736,-0.104337454
0.70559675,0.5539416
-0.14931794,0.41713467
0.69348526,0.5967542
0.6986564,0.70849055
-0.13172056,0.47356945
0.31275475,-0.10159566
-0.15174489,0.26646903
0.69515985,0.71207285
0.69277775,0.59003747
0.6988094,0.70836276
0.69882923,0.564398
-0.1426743,0.43310153
-0.12217046,0.49440387
0.69884855,0.7084621
-0.123671874,0.44727373
0.09753354,-0.07877321
0.6905925,0.71575516
0.6934705,0.713863
0.11958677,-0.07322443
0.6886634,0.7170325
0.68948925,0.71652895
0.7012618,0.5708487
0.6964918,0.71069676
0.6950682,0.71204215
-0.034299877,0.024119686
0.72014105,0.50410503
0.69870466,0.70868677
-0.14040886,0.42443386
0.682657,0.6267729
-0.1262809,0.4829469
0.45525578,-0.07676445
0.67996454,0.71955985
0.7021139,0.57493764
0.6933758,0.7138661
-0.090870395,0.12154256
0.034251016,-0.020778658
0.25922897,-0.10578304
0.63527995,0.10651544
0.6932153,0.7139392
0.67623585,0.7153435
0.6971538,0.58370984
-0.1508457,0.38548216
0.6973592,0.7099265
0.6986231,0.7085953
0.69294417,0.7143696
0.22913064,-0.10413695
0.6784955,0.72033656
0.6869145,0.71802884
0.69832224,0.7089174
-0.12982915,0.4799454
0.7145842,0.53822994
0.6990537,0.6998676
0.6908851,0.609623
0.692763,0.7140394
0.67741597,0.71617174
-0.13071701,0.21633618
0.6779653,0.7186902
0.68034786,0.7181687
0.71904266,0.5376283
0.69226635,0.7145127
0.69307303,0.71398807
0.69852924,0.7087389
0.6964824,0.5829711
0.69491553,0.7123396
0.6725661,0.7102313
0.67166007,0.7010165
0.7005515,0.56807107
0.6929557,0.71422696
0.6990201,0.70808756
0.45461434,-0.06147721
0.72279984,0.52351516
0.68571204,0.71851295
-0.022368668,0.026413908
0.69673383,0.71029747
-0.13445243,0.46856454
0.73881906,0.28979373
0.28408852,-0.10222297
0.6988772,0.7084477
-0.13348836,0.4781952
0.6799491,0.7185146
-0.15040235,0.3537308
0.68049484,0.71945894
0.6938762,0.7133175
0.6944291,0.71258134
0.24435115,-0.09840346
0.69814545,0.7090878
0.68174905,0.7192602
0.68738574,0.71777546
-0.12861115,0.4934866
0.6909858,0.7154776
0.6691308,0.67271775
0.694084,0.7130938
0.6966158,0.7105605
0.72986406,0.47862047
0.69551384,0.5813689
0.7312394,0.357981
-0.0024190228,0.37696576
0.054639403,-0.03517418
-0.14234875,0.44741234
0.702435,0.5669318
-0.13735877,0.47852233
0.72793937,0.4787016
-0.116780944,0.500195
0.6904156,0.71613765
-0.018689083,0.02481744
0.6977825,0.7094515
0.68509823,0.7183836
0.68486875,0.7186867
0.69196504,0.71499425
0.07237216,-0.049107637
0.69829524,0.70881516
0.6805009,0.71921676
0.68385553,0.7191482
0.42710623,-0.08765527
0.69699603,0.580181
0.09599354,-0.06347898
0.68167204,0.71923304
0.67215514,0.66668445
0.6948622,0.7123056
0.20570932,-0.10319185
0.68589777,0.71822786
0.67595494,0.63716406
0.69501925,0.712244
0.6806875,0.71955276
0.6918119,0.5851748
0.6941948,0.71316296
0.15976597,-0.08632207
0.68595374,0.62016594
0.6947116,0.5931288
0.68845046,0.6118837
0.70413274,0.5721095
0.68542576,0.6300356
0.6934624,0.7136622
0.694017,0.71307194
0.69131005,0.61120325
0.42925543,-0.07971097
-0.14380547,0.43674868
0.6701494,0.66217566
0.68659586,0.71784365
0.09973907,-0.048602328
0.3306554,-0.10243894
0.6862972,0.7174787
-0.14771937,0.38607866
0.66919667,0.69683725
-0.15373856,0.3210516
-0.11829349,0.50334305
0.6883431,0.7172691
0.6942295,0.7131255
0.24062645,-0.10429915
0.7072611,0.5520919
0.70130336,0.5728263
0.08356101,-0.031981423
0.6809304,0.7190124
0.43847093,-0.06879496
0.6933126,0.7139013
0.035069317,-0.028426299
0.7027415,0.5664547
0.67941576,0.61690354
-0.14171155,0.43697765
0.6900378,0.71562773
0.696065,0.7111327
0.698234,0.70909274
0.68501246,0.7186233
0.68300664,0.7184125
0.69410425,0.7131971
0.69171,0.61163163
0.0,0.0
0.6928979,0.71375954
0.6930609,0.7141321
0.6990555,0.70815885
0.68965,0.7161127
0.69517213,0.7120647
0.022530572,0.001593431
0.67531663,0.71643585
-0.1294169,0.47535762
-0.11877037,0.5043283
0.68249494,0.71947104
0.6921043,0.7149107
0.6989278,0.7081399
0.67737603,0.716048
0.41108882,-0.09732306
0.69539815,0.71177465
0.69639605,0.7108727
0.7018412,0.56554997
0.70700085,0.5515129
0.6942459,0.7132047
0.12578747,-0.078585036
0.69847465,0.7086699
0.695279,0.711745
0.73313516,0.4865895
-0.14528258,0.30857903
-0.12364186,0.4987239
0.69537365,0.7119311
0.6920983,0.7141783
0.6860252,0.7180443
0.042693786,-0.026457207
0.6728346,0.7057423
0.30236658,-0.099290885
-0.15900901,0.3733571
0.15484975,-0.092660934
0.6941125,0.71322644
0.66952616,0.6947493
0.69208974,0.7145607
0.71599245,0.53354555
0.6987749,0.7084055
0.7117939,0.54471254
0.71487767,0.5369828
0.694799,0.7119835
0.689682,0.7160202
0.5750243,0.016642064
0.6876138,0.7173653
0.18477242,-0.09389538
0.69458514,0.7128453
0.68472195,0.7183261
0.67583793,0.7160098
0.69310755,0.7142954
0.6935283,0.7136454
0.6987258,0.70852643
0.698216,0.7090306
-0.057138857,0.06646107
0.6988797,0.7084141
0.68579596,0.71788806
0.70933694,0.5489617
0.7199899,0.51798755
0.6804475,0.71922773
0.6737418,0.643001
0.6859994,0.7180133
0.09461543,0.00014122497
0.6923469,0.7145335
0.69583666,0.71137536
0.69930184,0.5804151
0.68899614,0.7161172
0.6770979,0.7162286
0.6994939,0.578347
-0.1146494,0.16721402
-0.11218175,0.16702919
0.69335324,0.7138778
0.6810733,0.71824
0.6936582,0.71358216
0.6811627,0.71913594
0.72157604,0.5214428
0.69626045,0.59362084
0.6985234,0.7086855
0.69151616,0.7153433
0.7222941,0.5175675
0.6986267,0.708709
-0.010818609,0.0060938867
0.6943373,0.5855198
-0.11748493,0.50718665
-0.06088337,0.07702706
-0.11952074,0.50326025
0.69315,0.7140901
0.7031073,0.21310264
0.63271934,0.06057289
0.676818,0.7159965
0.69263566,0.7136709
-0.13004391,0.48427662
0.68410456,0.61659116
-0.15737534,0.39444348
0.080517136,-0.054013412
0.6852527,0.7187891
0.7285042,0.46892616
0.6836555,0.16838229
-0.13118082,0.46898028
0.6987553,0.708568
-0.13329145,0.4862694
0.6984587,0.7085764
0.7181406,0.53397447
0.34144312,-0.098645285
0.094113454,-0.060923718
0.27242872,-0.10003585
0.21772754,-0.09630296
0.6794158,0.7189327
0.6900876,0.5975689
0.6939353,0.71327496
-0.106286995,0.44761702
0.67503536,0.71331203
0.248984,-0.08740952
0.6828058,0.7194414
0.1724816,-0.087998606
0.6797661,0.71878225
-0.15810734,0.35185865
0.6818721,0.7198244
0.69555175,0.7116372
-0.13740174,0.2907907
0.6851188,0.7188603
0.7154469,0.5363111
0.69115686,0.6112387
0.67763096,0.716617
0.69824076,0.7089411
-0.041827194,0.044796865
0.70788133,0.55680805
0.68932194,0.7164928
-0.14792205,0.2691185
0.70161605,0.566934
0.69872504,0.70857555
0.6810956,0.7194876
-0.15128165,0.31382865
-0.14593397,0.41184735
0.21359073,-0.109227315
0.6901908,0.7160896
0.69873077,0.7085331
-0.15216556,0.2945568
0.684744,0.71854943
0.7273041,0.4904332
0.40387562,-0.08373338
0.69427705,0.7126919
0.6933859,0.7137507
0.6774805,0.6404923
0.6913069,0.6025899
0.15557867,-0.0892112
0.12170268,-0.070676416
0.6940246,0.71326256
0.6982271,0.7090269
0.6854227,0.7181775
0.6857839,0.7186979
0.31697413,-0.107146405
0.26593643,-0.1132725
-0.12542596,0.4965965
0.2866743,-0.10302502
0.6991689,0.708099
0.69730806,0.5773407
0.69419825,0.7131144
0.25298634,-0.10181139
-0.13090742,0.45803434
0.6715673,0.6946826
0.69841087,0.708673
-0.1530914,0.38120943
0.68250906,0.71968144
0.69959253,0.573061
0.6940993,0.7131569
0.54067665,0.0044823275
0.6871766,0.71750945
0.69326574,0.7139022
0.6987552,0.56161153
0.6815284,0.6215344
0.6689016,0.6885913
-0.12850887,0.483862
0.6938349,0.71355516
0.7037792,0.56875753
0.69619715,0.71093875
0.02297704,-0.011284905
-0.12166913,0.48481208
0.3914914,-0.099643804
-0.13600397,0.48859513
-0.13876553,0.46163735
-0.0010445687,0.026319955
0.69611984,0.5816721
-0.1347714,0.4771847
0.6837939,0.71915317
0.6942751,0.71310526
0.68122256,0.62848085
0.69016033,0.71564955
0.6940601,0.71252453
0.6925997,0.1695365
0.67862296,0.71656376
0.69862515,0.7085164
-0.114512585,0.49371207
0.69459206,0.71264595
0.71509105,0.53828466
-0.11781404,0.50503063
0.28877112,-0.11187926
0.6863906,0.71822256
0.718959,0.48059484
-0.038552422,0.043707833
-0.12598142,0.4923816
-0.134027,0.46485984
-0.15246803,0.3183641
0.6758324,0.6431479
0.69683295,0.7103652
0.69163966,0.715152
-0.12695238,0.48889875
0.6909422,0.71533537
0.69801706,0.55311847
0.7335437,0.449354
0.6928807,0.71424407
0.19402754,-0.09090281
-0.11813236,0.5134247
0.2318628,-0.110529676
-0.1341121,0.48688594
0.10939589,-0.065582916
-0.14785509,0.25713426
0.6845403,0.7186695
0.23998654,-0.11414281
-0.11362865,0.1569111
0.39892524,-0.06602857
0.69871753,0.7085549
0.6893091,0.7169569
0.7240675,0.4901661
0.68641406,0.7177142
-0.12840037,0.49303225
0.6797793,0.7189725
0.6953889,0.5864562
0.17836685,-0.08374437
0.69859946,0.70857
0.3965525,-0.098666824
0.69329065,0.7137875
0.6921593,0.71491045
0.6805942,0.7194348
0.6924767,0.7146628
0.68960863,0.7161551
-0.118691586,0.5131158
0.6710067,0.6830033
0.6530475,0.1287928
0.698351,0.7089111
0.7278193,0.5025997
0.040680915,-0.033243295
0.67025197,0.6980295
0.13987908,-0.08627815
0.6967229,0.71070135
0.15814227,-0.09359569
0.69687366,0.71019626
0.33194932,-0.099675104
0.6917675,0.7149437
0.71806747,0.53164583
0.16831025,-0.08823644
-0.12975138,0.4885674
0.3073228,-0.10925823
0.69363105,0.71364045
0.6988882,0.7083638
0.67320293,0.6808174
0.69583637,0.6082646
0.69845396,0.7087462
0.6987894,0.7084341
0.6772211,0.71692127
-0.1241867,0.4921343
0.6836668,0.71895665
0.6934503,0.713849
0.73579955,0.38551477
0.7085736,0.5412656
0.11505736,-0.07026342
0.6837915,0.71923643
0.67312133,0.70971674
0.69207233,0.71495485
0.079856195,-0.049880397
0.69517237,0.71211755
0.69339913,0.71390116
0.6984742,0.7088977
0.7156534,0.53944546
-0.14104882,0.20881961
-0.13088062,0.49031803
-0.12231981,0.4992687
0.40104583,-0.08320715
-0.117208995,0.5094024
0.7077601,0.55965513
0.67460895,0.7154393
-0.12870623,0.49089885
0.6909528,0.7158294
0.06644462,-0.05182282
0.67313683,0.71141225
0.6929258,0.7144569
0.6984607,0.7087761
0.68802077,0.61664385
0.6707795,0.67462105
0.69847715,0.70886606
0.6839485,0.71890336
0.68009025,0.71940345
0.69370663,0.7136175
0.6984749,0.56981885
-0.12343419,0.49586353
-0.1175465,0.5071838
0.17411955,-0.09311191
0.32377666,-0.10987854
0.7155828,0.5402457
0.31622413,-0.09018868
0.69294685,0.595631
0.69371057,0.5882723
0.6970524,0.71017283
0.688657,0.71707016
-0.12593499,0.49539474
0.7145735,0.5466285
-0.11164612,0.51064533
-0.120139115,0.48672977
0.7160096,0.5334997
0.3516832,-0.11581249
-0.118667044,0.50590533
0.18382257,-0.09162999
0.039047,-0.013039773
0.67295897,0.7080107
0.72840226,0.48812288
-0.14635515,0.24300975
0.7162284,0.54421085
0.13688369,-0.09423114
0.68185586,0.7186994
0.6720883,0.70169526
0.7011683,0.56893593
0.69378453,0.7134643
0.3138126,-0.10530234
0.69883984,0.70849055
0.6809717,0.71913147
0.67743915,0.71748805
-0.14376661,0.45889083
0.6990007,0.7081798
0.68736446,0.7172435
0.09766093,-0.06662802
0.6874169,0.71734023
0.69701296,0.71024394
0.18881238,-0.090327844
0.6846532,0.61813545
0.69365674,0.71303296
0.6819749,0.71935946
0.6989414,0.7083245
0.40255073,-0.09416419
0.73191625,0.4675315
-0.10553656,0.15976605
0.41501766,-0.08741502
0.6988416,0.7081663
-0.1464153,0.4392691
0.69008005,0.71592057
0.67050606,0.67983073
0.67738545,0.71759087
0.693948,0.71333456
0.69365543,0.71360743
0.69052666,0.71592146
0.69312125,0.71410245
0.67000115,0.6870579
0.682651,0.7192761
-0.14261422,0.45733464
0.7062174,0.56147194
0.6947317,0.7125108
-0.12521872,0.46596232
0.6699879,0.6968194
0.08515397,-0.052197076
0.36438414,-0.09895352
0.7219572,0.5077648
0.69058037,0.71565217
0.687168,0.71791804
-0.1411425,0.4479585
0.7077341,0.56375957
0.67298466,0.7094237
0.6792401,0.71784985
0.6984689,0.7085603
0.6928566,0.713909
-0.120556265,0.50888604
0.6942663,0.5994922
0.73377156,0.2902094
0.6823199,0.7193505
0.6858882,0.7179144
0.26531047,-0.09730887
0.6955327,0.7114252
-0.15392977,0.30093205
0.19567622,-0.09535297
0.6868534,0.7179151
0.69372916,0.713537
0.31683072,-0.10401487
0.6834346,0.7191087
-0.1174605,0.51593584
0.6986149,0.7085064
-0.1280878,0.45410562
0.69466496,0.712639
0.69859415,0.7087239
0.70090127,0.58142036
0.68916065,0.7167692
0.6986214,0.7085071
0.7254366,0.48021752
-0.13691139,0.4675213
0.6920306,0.71469104
-0.13252348,0.4869054
0.27976176,-0.11358623
-0.1289045,0.49654868
0.14494683,-0.07037455
-0.15592311,0.4246089
0.69876677,0.7084036
0.69872415,0.7084829
0.69500726,0.71218985
0.69290674,0.7140821
-0.1214816,0.1904358
0.6789961,0.62876844
-0.12652653,0.5043758
0.6775823,0.7176879
0.69342995,0.7138327
0.6803345,0.71738094
0.34302905,-0.10766485
0.6940883,0.71327966
0.7130066,0.54871964
0.0884744,-0.059415005
0.69097483,0.7153563
0.49646863,-0.038770694
0.6937679,0.71332824
0.6879499,0.7167519
0.68361473,0.7190225
0.40629947,-0.09542636
0.72930235,0.41721338
0.22879893,-0.11127916
0.6799228,0.7186749
0.7009481,0.5736516
0.6836095,0.7193421
0.69537777,0.7119058
0.09431587,-0.05450414
-0.1280001,0.48326087
0.7211484,0.5198686
0.68328875,0.719166
0.50148976,-0.05181698
0.71532327,0.531632
0.69867414,0.7084682
0.72559774,0.4984316
0.71838546,0.5358672
0.094168544,-0.065390065
0.55641174,0.031729694
0.71086276,0.5506484
0.69657713,0.710656
0.68843776,0.7173189
0.68267167,0.7195237
0.69159216,0.60331994
0.6746513,0.6616635
0.69290304,0.714151
0.7017381,0.5672973
0.67652786,0.7178089
0.7036923,0.5597149
0.6776274,0.71743166
-0.122104816,0.50540626
0.6946234,0.58447886
0.730836,0.40490305
0.689765,0.7155078
0.6988145,0.7081279
0.687477,0.717872
0.6944962,0.7128437
0.6938496,0.7133456
0.67729336,0.6423757
0.4770976,-0.05630278
0.68284845,0.7193781
-0.11981144,0.50572866
0.004649609,0.003500125
-0.13396221,0.48501405
0.69377226,0.71348417
0.4241073,-0.08793295
0.67699486,0.64639896
0.69397646,0.7133058
0.69528043,0.71205705
0.6989878,0.708152
0.69540274,0.71090376
0.35206363,-0.09708868
0.69378495,0.71357244
0.6946946,0.7126134
0.6884216,0.71687746
0.69556415,0.7113981
0.6930746,0.71374285
0.6806857,0.7187751
0.19058853,-0.10188942
0.030500742,-0.04288703
-0.12277658,0.48899502
-0.14540562,0.2472147
-0.13056888,0.47190088
0.720365,0.52875966
0.6988483,0.7083808
-0.14328611,0.24027611
-0.120887294,0.4975122
0.72611505,0.4544371
-0.13133876,0.48263776
0.71631324,0.5355196
0.3144176,-0.11807917
0.68048805,0.7194533
0.35729113,-0.10178012
0.69840634,0.7087849
0.6740193,0.71247286
0.6866592,0.71814173
0.69659686,0.5901961
0.7056424,0.5551798
0.6854179,0.7186588
0.73126364,0.4373211
0.68907017,0.716912
0.70061404,0.5768793
0.69498503,0.5896754
-0.1585218,0.33384225
0.6893459,0.71624744
0.6932782,0.71397305
0.6800087,0.7193529
0.6866296,0.7181382
0.69598836,0.7109177
0.69603944,0.71122795
-0.13464248,0.47567442
0.6905619,0.71581435
0.7049301,0.5625054
0.7063522,0.5507863
0.7003397,0.5727324
0.6757602,0.7145652
0.69348496,0.7138338
0.6984882,0.70884883
0.705943,0.559298
0.68494093,0.7188257
0.43175855,-0.08414283
-0.12290149,0.50049484
-0.12428602,0.49643555
0.32349,-0.100842796
0.6936801,0.7136508
0.69332623,0.7139042
0.6982203,0.7091424
0.6907391,0.71576566
0.6924839,0.714143
0.6842679,0.71885043
0.7162778,0.5271775
0.69001037,0.7165296
0.6988701,0.70823973
0.6972238,0.70997506
0.69091016,0.7154464
0.27781942,-0.10644536
0.6917799,0.7148684
0.6878858,0.71764725
0.6987078,0.7084463
0.6915129,0.714568
-0.1276614,0.47900313
0.6983407,0.7088747
-0.16076636,0.36857978
0.687304,0.71724105
0.69041145,0.7156553
0.30507377,-0.102552034
-0.14816782,0.25792438
0.6711092,0.675843
0.7070268,0.2476048
0.133929,-0.08148921
0.66999,0.6684839
0.6855573,0.7181742
0.6958316,0.5865325
0.67575604,0.7106531
-0.13520025,0.47000873
0.70415384,0.5725422
-0.13254744,0.46762943
0.6859852,0.7180147
0.6939051,0.7132977
0.67361957,0.7136349
0.69545025,0.7118847
0.07121077,-0.03482941
0.07770218,-0.061008085
0.22562692,-0.10488603
0.6938806,0.7128446
0.6829663,0.7195139
0.7334559,0.3582833
0.6983555,0.7088974
0.68457055,0.7187247
0.7192713,0.52793086
0.71458966,0.543108
0.14279951,-0.08459192
0.69211364,0.71464825
0.67781615,0.7172705
0.6737837,0.71002257
0.6691232,0.67331785
-0.12495834,0.5002317
-0.12578012,0.48348835
-0.12012684,0.456444
0.70721114,0.55362195
0.6945048,0.7123721
0.7032179,0.56472445
-0.1296399,0.49159807
0.6978816,0.57351774
0.43398604,-0.05511623
0.6988025,0.7084268
0.7001691,0.6813046
-0.14297079,0.4251237
-0.14619504,0.45187536
0.6961931,0.7110083
0.69186944,0.6123649
0.6907063,0.7160638
0.69566983,0.5802652
-0.12236811,0.49369016
0.39353022,-0.09114852
0.6936238,0.71340394
0.68111515,0.7195578
0.69820577,0.70899373
0.71177953,0.544631
-0.12143618,0.49752855
0.08448543,-0.055039722
0.69674397,0.71049803
0.39120936,-0.07858861
0.687759,0.71773064
0.26272434,-0.10301144
0.68975294,0.7160169
0.23250824,-0.098042615
-0.13655525,0.4657288
0.69889665,0.5774922
-0.08494156,0.102349274
0.68583566,0.7178239
-0.1442465,0.23647149
0.6940229,0.7133623
0.12993951,-0.07234976
0.52286136,-0.044008404
0.69207907,0.714819
0.70184755,0.5656103
0.7025982,0.56640875
0.69743234,0.70949745
0.6797615,0.7201017
0.6938873,0.7133325
-0.058674317,0.058233604
0.6698888,0.6916593
-0.14600211,0.4042943
0.6919952,0.71508574
0.6989098,0.70837635
-0.14606497,0.4411831
0.672214,0.69937223
0.1319518,-0.071787685
-0.14215736,0.25805387
0.69762826,0.7095528
0.69057393,0.71531224
0.6992432,0.57826376
0.6805375,0.71898514
0.68034464,0.71958387
0.6887765,0.7169119
0.6938595,0.7134768
0.6581151,0.17253424
0.6850505,0.7186447
0.698921,0.70813614
0.70804524,0.552661
0.3458196,-0.11192873
0.7123593,0.547968
0.011914572,-0.010681396
-0.026602924,0.057654265
0.6934317,0.71375513
0.1695818,-0.09635046
0.70608854,0.5565439
0.34676817,-0.09732805
0.7098339,0.53830177
0.67925674,0.7190228
0.67330354,0.66979444
-0.16225174,0.36885384
0.0643707,-0.044758935
-0.018752404,0.022118356
0.6922444,0.7147256
0.031816293,-0.022257905
0.6763234,0.7166546
0.68895936,0.7167941
0.688076,0.71744204
0.690111,0.7162153
0.6817759,0.7193331
0.2188225,-0.043178685
-0.13131396,0.48279467
0.69107026,0.7154169
-0.12987417,0.5003659
0.5250433,-0.036941584
-0.13910095,0.38238937
0.69413257,0.713066
0.03247218,-0.026502613
0.6860754,0.71754044
-0.109496,0.5164636
0.0045471797,0.007609758
0.7194495,0.53222126
0.67619413,0.7171161
0.6933319,0.71387607
-0.11803102,0.5025736
0.4752901,-0.03672856
0.26107362,-0.106757924
0.6960793,0.7112704
0.37201545,-0.09845565
0.68080586,0.71930546
0.6884851,0.71703845
-0.1189846,0.5008391
-0.14835465,0.43654832
0.14258325,-0.08420884
0.6833682,0.7193919
-0.14083399,0.45367533
0.20681325,-0.09139934
0.67689955,0.717007
0.24053365,-0.10081081
0.08304443,-0.055094782
0.6839095,0.7186931
0.6792728,0.7188002
0.68906945,0.7168853
0.15513025,-0.0900833
0.69343877,0.7127931
0.24685319,-0.111082986
0.6793812,0.6376277
-0.1557049,0.32570797
0.71395844,0.5439524
0.6988627,0.7084289
0.6933107,0.71356064
0.6876533,0.71749
0.6873514,0.7172855
0.6946281,0.58381623
0.68544716,0.7175738
0.70381945,0.5514764
0.69869995,0.70850617
0.15962306,-0.09628672
0.67821705,0.7174466
0.69383067,0.7133834
0.68991727,0.71638244
0.70017856,0.5662555
0.69406635,0.71315384
0.69767785,0.7096647
0.7202682,0.5162568
0.6965474,0.710703
0.693235,0.71386003
0.6865121,0.71852857
0.67858475,0.7187095
0.68831164,0.7166257
-0.13784786,0.20061979
0.6765031,0.7171771
0.6888602,0.71667045
-0.15406427,0.38756117
0.6974418,0.18154092
0.6812253,0.71944225
0.68705195,0.7178404
0.077410445,-0.04700719
0.44280985,-0.056773372
0.682075,0.7191569
0.6791119,0.71814305
0.676673,0.6514265
0.6898092,0.71606493
0.5214249,-0.029587472
-0.14312808,0.44022715
0.68191034,0.71931374
0.69453704,0.71279275
0.69026893,0.71605694
0.411006,-0.09249478
0.6990155,0.7080674
0.69473976,0.71259165
-0.048097312,0.061367687
0.69474655,0.71247816
0.6933418,0.7138805
-0.14680038,0.4236491
0.45603302,-0.062764525
0.68834966,0.7174041
0.6931074,0.714008
0.6999125,0.57689214
0.22756557,-0.10071856
0.69293886,0.7136352
0.027045218,-0.023745257
0.6752559,0.6562422
0.36519966,-0.10900947
0.6779834,0.71693015
0.69667417,0.71059513
0.6992123,0.5698257
0.6970179,0.58996826
-0.14637384,0.43531108
0.24020144,-0.097611606
0.6840102,0.7191314
0.6927138,0.71380925
0.6936382,0.71359617
-0.14654765,0.4382549
0.69342124,0.71372503
0.6771005,0.7150496
0.07698308,-0.05825377
0.69363344,0.7136846
0.6984734,0.7086831
0.6755221,0.7114965
0.6972745,0.7098197
0.6987076,0.7085041
0.0028987543,0.00028802766
0.6574468,0.63581806
0.6790202,0.7186938
-0.1495161,0.41154924
0.33271772,-0.10262405
0.6947347,0.7125638
0.20656128,-0.101645805
0.31497687,-0.09965611
0.12534477,-0.07749368
0.7009205,0.5624845
0.6924179,0.6064395
0.66894466,0.6595833
0.6959211,0.7113232
0.70442593,0.56637293
0.6870048,0.717482
0.67952204,0.63139343
0.72741234,0.50644284
-0.1300508,0.48474544
0.6906909,0.71583086
0.7141261,0.35279858
0.6989186,0.70817703
0.2250454,-0.106598675
0.6958557,0.7113459
0.68537223,0.7185147
0.6863351,0.7157247
0.69608796,0.71133244
0.6766072,0.7148974
0.69278234,0.71439433
0.68807185,0.61154795
0.04893818,-0.03287556
0.46819207,-0.06707292
0.67443895,0.7143574
0.6991511,0.7079128
0.69601744,0.71116906
0.7263052,0.48272502
0.7251907,0.48998716
0.68100727,0.71994543
0.67912155,0.7189299
0.70497936,0.682565
0.6957861,0.7112205
0.29205748,-0.11456171
-0.13872837,0.41794133
0.7138719,0.5435553
-0.13272457,0.48992014
0.69188136,0.71511126
0.03810974,-0.010280708
0.10351457,-0.065929905
0.4200692,-0.07917723
0.6937034,0.713622
0.6922069,0.71471417
0.68675894,0.6077697
0.69824696,0.70875365
0.69403535,0.7133149
0.67849714,0.7189689
0.6988806,0.7082
0.6977479,0.709634
0.6940862,0.71321374
0.697603,0.7096001
0.6980026,0.7091688
0.70484173,0.56171244
0.68386036,0.62224615
0.692821,0.71428365
0.6985073,0.7086977
0.68709964,0.71804863
0.25571862,-0.10831685
-0.1221446,0.50075513
0.7080743,0.55938655
0.69288546,0.71378297
0.69426364,0.7130253
0.72622347,0.50689816
0.70296156,0.56928873
0.69124717,0.71542126
-0.13146938,0.49217278
0.69352835,0.7134269
-0.1401075,0.45751223
0.71653247,0.52422947
0.6776767,0.7181237
0.6917171,0.71481496
0.16218697,-0.09118561
0.13488181,-0.06255836
0.68067336,0.71910346
0.69636565,0.5830997
0.68818396,0.71738094
0.69314474,0.71403545
0.704806,0.56963676
0.18739817,-0.0793787
0.68043196,0.71969676
0.23638706,-0.10936273
0.69209146,0.7149096
0.6889886,0.71619827
0.36199546,-0.11283599
0.6941583,0.5855204
-0.0076584956,0.014732957
0.26714712,-0.10306483
0.6911748,0.7150809
-0.1325056,0.19747865
0.4038734,-0.07552461
0.670539,0.6687588
0.3296665,-0.10786259
0.7139498,0.54683167
0.21305719,-0.10356925
0.6732454,0.7108746
0.68363184,0.7189059
0.15366004,-0.08829282
0.5728704,0.0056049433
0.69031817,0.71595573
0.6982281,0.57529837
0.69274235,0.71424234
0.35519785,-0.10093937
0.6984949,0.5677939
0.6988228,0.7083442
0.69581777,0.71138096
0.40990487,-0.096409656
0.6924733,0.7146758
0.6909299,0.7153088
-0.13674185,0.46624538
-0.14010254,0.44791016
0.69285077,0.7143326
-0.13108434,0.47408786
0.6977632,0.7095322
0.70444566,0.5694651
0.69834876,0.7086432
-0.153319,0.2429804
0.6945302,0.7126911
0.69884294,0.7080955
0.68856186,0.7173187
0.6959416,0.594352
0.6827442,0.7187926
0.6965498,0.7104637
0.68400896,0.7188084
0.6935318,0.7133563
0.697122,0.71014416
0.7179217,0.5334993
0.69388014,0.7133683
-0.117345944,0.51484096
0.70472026,0.564964
-0.1456901,0.42345256
0.432632,-0.08561741
0.69288445,0.61104494
0.7066771,0.5556362
0.694313,0.71308714
0.69403857,0.713249
0.695217,0.7119209
0.70545244,0.55825335
0.725838,0.4844472
0.6968085,0.7105311
0.54734534,-0.0066952235
0.6938083,0.7135016
0.72331756,0.5057229
-0.13831837,0.4697811
0.692465,0.71456003
-0.12079679,0.49278137
0.69402605,0.71289414
0.68540317,0.71855193
0.69141567,0.714573
0.69049406,0.71588546
0.31412658,-0.09821776
0.6820275,0.7197748
0.7038036,0.55832165
-0.14132722,0.4460934
0.21431358,-0.10210105
0.2516337,-0.116127715
-0.11987245,0.16145024
0.69332314,0.71350306
0.6764272,0.7160826
0.7086584,0.5417886
0.23008522,-0.10541639
0.5545975,0.068023406
0.6948752,0.57144815
0.69885993,0.70820904
0.6866815,0.71817476
0.70773697,0.5477835
0.22182146,-0.09763602
0.6937343,0.71352094
-0.12992363,0.47484183
0.6948747,0.5849264
0.15671161,-0.08810955
0.6986025,0.7086358
0.6778092,0.71796167
0.6800338,0.71949065
0.20859331,-0.10234031
0.6807406,0.71950686
0.34693673,-0.0889134
0.45471576,-0.083158806
0.6824185,0.7192493
0.6956128,0.7116178
0.6805709,0.7192419
0.69380605,0.71351165
0.6986474,0.708477
0.6845163,0.7181833
-0.12867856,0.49471357
0.69349325,0.7138379
-0.031561762,0.026641486
0.69420195,0.7131652
0.72101974,0.5115233
0.73045766,0.4351178
0.70520955,0.5596905
0.33524975,-0.10188148
0.6881619,0.7175496
0.6999194,0.55991477
0.6989242,0.70818114
0.6946555,0.71263987
0.71094054,0.5464112
0.6863389,0.71794283
0.5582015,0.0041578994
0.67843825,0.7185126
0.34611222,-0.098558724
0.72382224,0.43982345
0.6988785,0.7081723
-0.12979531,0.49451566
-0.15302685,0.35373178
-0.11876898,0.49400616
0.15950945,-0.089866005
0.7203392,0.5333018
0.67505866,0.7074492
0.6843389,0.7191174
0.7092058,0.55494636
-0.10062139,0.11848954
0.6769277,0.7149002
0.23845318,-0.10547037
0.07278545,-0.0456194
-0.11705044,0.17091386
-0.15682857,0.33501807
0.68328285,0.71864176
0.69543123,0.5871257
0.68629265,0.71828544
0.6980914,0.70913005
0.6924729,0.7145731
0.72718334,0.41310176
0.2328558,-0.087471515
0.68711174,0.7173458
0.6928378,0.59918064
-0.12472369,0.48711833
-0.12878129,0.16076568
0.6985042,0.7086486
0.6790645,0.71909636
0.7132007,0.2781564
0.571909,0.056487933
0.6886136,0.71697253
-0.13025302,0.47579923
0.6969376,0.7099853
-0.1258361,0.5027876
-0.14011182,0.4427294
0.26731738,-0.10089077
-0.120323926,0.5050724
0.14416178,-0.081221335
0.16164605,-0.090245254
0.6977212,0.70936126
0.067656256,-0.048525777
0.28303817,-0.10487359
0.71127325,0.5510832
0.6983647,0.70838165
0.6743326,0.6442812
0.69818175,0.7090887
0.69822115,0.70899403
0.69344586,0.7134849
0.6877563,0.7171802
0.70281124,0.5666534
0.68448657,0.7183373
0.25751203,-0.10395422
0.71158165,0.27902108
0.69463366,0.71252304
0.7220959,0.24923082
0.16184692,-0.08389006
0.25505874,-0.100014895
-0.11731542,0.50584376
0.387373,-0.09431094
0.09442672,-0.054152254
0.6987808,0.7084514
0.68394214,0.71926004
-0.11635271,0.5070688
0.69570756,0.7116052
0.69888705,0.7082531
0.6823879,0.7192431
0.68702835,0.7176326
0.3619047,-0.10484454
0.6852064,0.71862715
0.69056034,0.7156855
0.68292075,0.7190079
0.69756407,0.7096632
0.6945191,0.7125913
0.6817138,0.7193404
0.70865375,0.5528015
0.7209907,0.4259725
0.68678683,0.7182105
0.3188776,-0.10269413
0.6957471,0.7111196
0.6875005,0.7175579
0.7290838,0.4324667
0.69450164,0.71287
0.11852638,-0.056746997
0.68380475,0.7189419
-0.12663186,0.49194756
0.6806468,0.7188992
0.6412331,0.121410735
0.7132148,0.54567486
0.6921596,0.7149009
0.6709646,0.68709356
0.6774453,0.71675605
0.70125574,0.5674976
0.69367045,0.7129106
0.04993802,-0.03789241
0.6965336,0.71070737
0.6980475,0.70921034
0.72200185,0.5099806
0.69065326,0.7159887
0.6875176,0.71769243
-0.13247485,0.4679379
0.30861434,-0.09525932
0.68955547,0.7163352
0.038642503,-0.01885903
0.68564504,0.71839094
0.6937393,0.7134315
0.6853689,0.7180828
0.6932201,0.714034
0.6844882,0.7189573
0.13049442,-0.071242906
0.6939132,0.7133115
0.6832388,0.7190823
0.69861597,0.7085715
0.68951464,0.6109853
0.22657955,-0.10740027
-0.11414402,0.5003675
0.14314325,-0.08015773
0.6844903,0.26758507
0.7133544,0.5423022
0.6912751,0.7152602
0.67381084,0.70970815
0.6774067,0.71726596
0.7299549,0.46955824
0.6819203,0.7193012
0.7090367,0.54514074
-0.13688508,0.4578741
0.09956876,-0.053185254
0.6988229,0.70832366
0.6820699,0.7192536
0.6938487,0.71348226
0.38326758,-0.09089151
-0.11921438,0.17403722
0.6854924,0.7184188
0.70977783,0.5460781
0.70281273,0.55803126
0.047804266,-0.035719443
0.69311947,0.7140918
0.68463665,0.718876
0.43381384,-0.09085255
0.6969692,0.7104319
0.69712913,0.7102367
0.6810594,0.71817034
0.6761575,0.71550864
0.70572525,0.55707824
0.7164298,0.5348872
-0.14813337,0.34529507
-0.12599313,0.48886877
0.036915533,-0.03577584
0.7181607,0.5401923
-0.1292176,0.4938429
0.6735307,0.7021392
0.66998744,0.68620235
0.6941303,0.7133918
-0.13203076,0.4851892
0.6979969,0.7089352
0.69521636,0.58407944
0.6971497,0.70993227
0.68516505,0.71889013
0.6827552,0.7194531
0.6987803,0.7084846
0.009529681,2.1553093e-05
-0.10296712,0.48482382
-0.11508778,0.5121471
0.6691699,0.6866499
0.1124038,-0.06594997
-0.12414811,0.49816072
0.27248573,-0.09655085
0.016842274,-0.011791572
0.69406646,0.7132602
0.6729443,0.70496696
0.6937384,0.71344984
0.6888269,0.7168988
0.13660076,-0.081441596
0.23641653,-0.107599854
-0.13846637,0.45638773
0.69086653,0.715881
0.6922605,0.71451426
0.28383508,-0.10532053
0.69188637,0.7149122
0.70050186,0.5665333
0.6722505,0.6795372
-0.14524639,0.45232156
0.2064641,-0.10621462
0.15898015,-0.079223886
0.67656964,0.7175696
0.67912394,0.7186085
0.69037277,0.7160223
0.69350225,0.71368235
0.695567,0.71191144
-0.13678859,0.47477883
0.04266192,-0.033991743
0.72437614,0.48585767
0.70233536,0.5732996
0.6984122,0.7086807
0.69278824,0.71428823
0.6800161,0.71911764
0.69117665,0.7154656
-0.14762308,0.42023104
0.15870038,-0.085562564
0.14960861,-0.0818416
-0.1363387,0.21122499
-0.13449787,0.4735975
0.69896835,0.7083556
0.7044462,0.5724512
0.6776011,0.7172671
0.6934641,0.71383506
0.6941136,0.5915713
0.6936866,0.71349245
0.6895791,0.7163013
0.7281578,0.36622897
0.26062804,-0.105482936
0.68400997,0.71791506
0.6807416,0.7193622
0.71618855,0.5344126
0.69739884,0.70972013
0.32789153,-0.093890965
0.6962838,0.7109382
0.40423906,-0.08870753
0.5032438,-0.046896894
0.08893407,-0.056013484
0.6868387,0.71791387
0.58637476,0.042500988
-0.14669521,0.3852957
0.67702776,0.7175176
-0.02985167,0.045597464
0.7305634,0.34839875
0.6903477,0.71566635
-0.121298306,0.51154065
0.6871297,0.71790147
0.14702237,-0.07305185
0.37472728,-0.0932536
0.73176694,0.424378
0.20153229,-0.0962613
0.69467413,0.7125737
0.6999708,0.56614345
0.6932583,0.7140458
0.19351149,-0.099750385
-0.1375535,0.45152584
0.68395424,0.71875614
0.68757594,0.7178086
0.69532114,0.7117916
0.6924977,0.71425533
0.69317585,0.71405655
0.69055736,0.71574706
-0.12450989,0.49228543
0.23217212,-0.08600952
0.67959845,0.719238
0.31345543,-0.11493113
0.33394006,-0.10351885
0.7053216,0.5539851
0.69878036,0.7082927
0.69826746,0.7089489
-0.14047362,0.42367548
0.6862129,0.7181158
0.6995722,0.57670975
0.19741036,-0.08209541
-0.16565514,0.30658478
0.16758487,-0.09503738
0.69195485,0.7146266
0.69891703,0.7077498
0.36810648,-0.100886725
0.6984792,0.7088745
0.17005683,-0.094994344
0.6937634,0.71351045
0.6973746,0.70982385
0.7075808,0.5520118
-0.13690646,0.2705936
0.28930306,-0.1151948
0.6942901,0.7130933
0.6967753,0.33683816
0.13043009,-0.069301285
-0.14348035,0.28863546
0.6905859,0.71543354
0.6957351,0.71144944
0.689003,0.71663326
0.6904832,0.6086877
0.68201554,0.7182203
-0.05807791,0.05944671
0.6994681,0.5690914
0.49587098,-0.04990159
0.19689381,-0.106518246
0.68066627,0.7193642
0.73445606,0.43818405
0.6833069,0.7193192
0.69370323,0.713528
0.6880282,0.7169944
0.6926877,0.7135648
0.25058687,-0.10586529
0.07061077,0.2560545
0.6726811,0.7096
0.6933884,0.7137591
0.6837793,0.71892
0.6930986,0.71397597
0.6906035,0.7156247
0.3971131,-0.102150686
0.675358,0.7145962
0.17683373,-0.09389292
0.69890887,0.7083069
0.6986582,0.7084648
0.6838112,0.7187544
0.70857966,0.54769415
-0.15206422,0.3335101
-0.1512085,0.30605465
0.1763553,-0.0984061
0.6794089,0.71919346
0.680592,0.7193111
0.16906096,-0.09545965
0.6953789,0.58471864
0.6990614,0.708244
0.69139236,0.7147925
0.23631032,-0.06570226
0.6930089,0.7141051
0.6846083,0.7190162
-0.11964429,0.15855706
0.69273216,0.6026817
-0.15942854,0.3534995
0.6942994,0.71280295
0.14337373,-0.08816413
-0.12503514,0.48207915
0.6929734,0.7141707
0.6987453,0.708477
-0.12032402,0.5009525
0.71001583,0.547855
0.6986296,0.70865
0.2954345,-0.11083517
0.68859273,0.71662253
0.69922924,0.58470297
0.69558144,0.7114538
0.28234792,-0.10080102
0.6971979,0.7101037
0.6769943,0.7169519
-0.14653072,0.2516629
0.6941232,0.71317124
0.69137794,0.71496916
0.70100844,0.57547474
0.69813997,0.7089445
0.6954249,0.712009
0.67698854,0.71621907
0.69875896,0.70833653
0.024945352,-0.0024481756
-0.14300399,0.44430262
0.6885683,0.71743226
0.6983301,0.7088268
0.6941501,0.71314114
-0.13063979,0.4861913
0.69377977,0.7134649
0.6939768,0.7133346
0.6973096,0.7099186
0.71529377,0.5428838
0.7241654,0.50457644
0.69327796,0.7138363
-0.13148707,0.46438015
0.69272995,0.71430063
0.6919889,0.71499306
0.69240683,0.71467406
0.24396679,-0.10519487
0.18248199,-0.08941071
0.08881844,-0.05882693
0.6942648,0.7128281
0.18378136,-0.09840783
0.24853928,-0.10898603
-0.14212193,0.45154154
-0.15586366,0.28151453
0.6815691,0.71933854
0.70601344,0.569441
0.6803058,0.7192341
0.685791,0.71851426
0.68402994,0.719078
0.6855337,0.71840763
0.6952831,0.71205735
0.091613464,-0.069207795
0.6772613,0.71572816
0.19404808,-0.099691585
0.7106308,0.5451282
0.71837986,0.53039354
0.6987933,0.708454
0.67767173,0.7097709
-0.12344845,0.49516296
0.6698608,0.68783504
0.72343725,0.52141285
-0.12416063,0.4996973
0.68163115,0.7195145
0.6958649,0.7113278
0.6913127,0.596909
0.6854857,0.7184366
0.6893169,0.7163782
-0.15119371,0.2944956
0.6843057,0.7189185
0.67012286,0.69088143
0.68813705,0.7176195
0.6913018,0.60673946
-0.12104611,0.505854
0.6799596,0.7190488
0.26903337,-0.09456973
0.6894391,0.71633345
0.69876134,0.7082081
0.69293517,0.6024381
-0.14736141,0.38799715
0.6956137,0.71129096
-0.12597331,0.5006032
0.6849364,0.7186711
-0.14395511,0.43479955
0.6776563,0.7188698
0.6987319,0.70850426
0.22062182,-0.0983022
0.69366527,0.71360505
0.6941959,0.7130917
-0.14699146,0.4507528
0.696054,0.71116436
0.681987,0.71941584
0.67398226,0.14693134
0.25512975,-0.103188805
-0.14639282,0.280518
0.71629524,0.53474903
0.69585556,0.7114406
0.06988371,-0.04378753
0.68572515,0.71844614
-0.15706521,0.3420875
0.19440718,-0.09542489
0.6741355,0.64440835
0.69042504,0.71566373
0.69104373,0.71495414
-0.14102519,0.36297908
0.71447873,0.53630406
0.6995289,0.5759682
0.10856046,-0.05350676
-0.051071636,0.08157607
0.6786821,0.64685947
0.69826084,0.7090272
0.68602926,0.71780336
0.6879795,0.7168892
0.7032757,0.5628077
0.69144547,0.7150063
0.71367735,0.5455694
0.6786684,0.7186815
0.69336176,0.57738507
0.22192071,-0.09442578
0.6940196,0.58620256
0.32615805,-0.105370395
0.29019403,-0.11684034
0.70922786,0.5535685
0.45309252,-0.07319851
0.68182874,0.6349428
0.6934098,0.7140215
0.69270587,0.71442246
0.6984343,0.70874393
0.693712,0.7134325
0.6940246,0.5916166
0.69795865,0.7093394
0.68797827,0.7168169
0.6917667,0.71472144
0.33211374,-0.105476774
0.6969007,0.59097254
0.6967361,0.71035504
-0.12746708,0.49591058
0.67586136,0.71745384
0.19212069,-0.10120335
-0.13550735,0.19783567
0.68604165,0.7187151
0.6736083,0.6717938
0.6930773,0.71382
0.68210024,0.7191417
-0.13203204,0.48607308
0.67784154,0.71711224
0.69811803,0.70906013
0.6881441,0.71736926
0.6911308,0.7146539
-0.11829225,0.4975168
0.70777017,0.55065
0.67301464,0.7085772
-0.1341049,0.48468703
0.12912117,-0.06872567
0.70259285,0.56343275
0.6794384,0.71915406
0.69360214,0.7135915
0.69186866,0.71463335
0.059973173,-0.03250623
0.6901886,0.71591526
-0.13005213,0.48352748
0.686993,0.71807075
0.28153196,-0.1079998
0.23117393,-0.100718796
0.69795376,0.70906985
0.729247,0.4766111
0.6893744,0.7160172
-0.13286063,0.47798106
0.6946399,0.7122432
0.3506305,-0.09592334
0.22567415,-0.09263528
0.7041707,0.55865186
0.7157638,0.52883476
0.6990804,0.70822865
-0.12731843,0.49432328
0.6837437,0.7184864
0.6780225,0.7181498
0.6732473,0.65645707
0.6881398,0.7174327
0.6937303,0.7135217
0.7075169,0.55634713
0.7244947,0.50479347
0.68047744,0.71898985
0.68697804,0.71768814
0.69259906,0.7144307
-0.007083056,0.014922783
0.69382006,0.713325
0.6929342,0.713789
-0.12300543,0.50435936
0.6912817,0.71476126
0.6939808,0.71331066
0.6963073,0.71111727
-0.1216396,0.5030554
0.69079876,0.6113116
0.6733675,0.71361345
0.6836167,0.7189495
0.68039703,0.71907616
0.69310015,0.71383315
0.23268203,-0.100220256
0.2775583,-0.09847487
0.27519956,-0.098382
0.73862875,0.39345062
0.6931162,0.7139589
0.6967577,0.710175
0.34458455,-0.101701304
0.6603669,0.6577711
0.69036037,0.7160292
0.6964613,0.71042544
0.47346115,-0.06794446
0.6838904,0.71931154
-0.026277736,0.02913613
0.5717749,0.030814964
0.6896574,0.716155
0.46074212,-0.068024546
-0.14253756,0.23871037
0.14019349,-0.07155633
0.29533046,-0.10382551
0.09789578,-0.05858655
0.6924246,0.7144226
0.6750206,0.7128547
0.6994797,0.60203594
0.7325293,0.45009804
0.6897088,0.71648294
0.6834209,0.7188604
0.28121367,-0.09912898
0.69342554,0.71336085
0.6987809,0.70839304
0.6704472,0.6720493
0.6897665,0.7157502
0.5870885,0.02814085
0.7046083,0.5567341
0.69841266,0.7087838
0.69869393,0.7085326
-0.111832835,0.51415724
0.6862926,0.7178554
0.6938143,0.71326184
0.14508672,-0.0709651
0.69496536,0.71232563
0.6988492,0.7082976
0.6684409,0.6933047
0.7009334,0.5748461
-0.15646039,0.31010264
0.69291484,0.7143607
-0.11641273,0.50838286
0.69367987,0.7135202
0.7213591,0.4887582
0.62911314,0.084005386
0.6970437,0.7101991
0.69872844,0.70850766
0.6987036,0.7086105
0.6908998,0.71501726
0.5825001,0.046368852
0.693164,0.7139752
0.6823865,0.719238
0.69261605,0.7139491
0.69205475,0.7150035
0.6714459,0.7009174
0.67544997,0.7079749
0.69168556,0.71510077
0.6771166,0.71552527
0.6775533,0.7173615
0.68841416,0.71712154
0.69832253,0.7086276
0.6988709,0.7084242
0.6922233,0.7145476
0.68163323,0.7198529
0.71022314,0.20156261
0.30148432,-0.10279974
0.6757056,0.71323484
0.4451945,-0.07846389
-0.0077720676,0.03520889
0.19403394,-0.10246926
0.6967765,0.71047264
0.6922773,0.7147072
-0.08168799,0.1460076
0.04098485,-0.02926622
0.6928176,0.7143849
-0.12595761,0.48785084
-0.12660694,0.49680805
0.69443923,0.71292657
0.7234972,0.28120464
0.69398224,0.71330094
0.72455835,0.5095063
0.6770002,0.71732926
0.6985616,0.70862836
0.7055533,0.5578742
0.6786824,0.7185104
0.39136097,-0.090456314
0.6957245,0.71143234
0.00035900317,-0.0020566492
0.32877406,-0.11033366
0.09483703,-0.04969831
0.67467564,0.70992434
0.62329656,0.075327925
0.08727642,-0.057418495
0.6980887,0.7091652
0.6914932,0.6145912
-0.120678715,0.48721465
0.6895957,0.71531516
0.68297577,0.71936405
0.6931742,0.71413237
0.70025986,0.5699902
-0.14833668,0.2680972
0.6950144,0.7124397
0.69800407,0.7091095
0.6986363,0.7084266
0.6930106,0.60220397
0.6906525,0.7156742
0.68400913,0.7188463
-0.14289428,0.4471076
0.670786,0.708038
0.72495395,0.49571493
0.6970609,0.71023893
0.69880486,0.7084122
0.7132133,0.53834856
0.6707401,0.6768595
0.21937422,-0.10009887
0.7047459,0.29446584
0.69365543,0.71365905
0.6771373,0.7179775
0.23557602,-0.10739204
-0.14702074,0.40973404
0.6986995,0.7086957
0.6939328,0.7134387
0.69875646,0.70833766
0.1724648,-0.089794844
0.35852188,-0.08589294
0.24378908,-0.11497672
0.7074418,0.520073
0.6806732,0.7196322
0.6940773,0.58872366
0.64026463,0.07532496
0.71452636,0.5451102
0.6814113,0.7191595
-0.13328657,0.19818477
0.7007856,0.57160616
0.07154496,-0.053115103
0.70605975,0.55994374
-0.13845731,0.46122247
0.69828075,0.7088833
0.25864246,-0.10459795
0.67155296,0.69436556
0.69059914,0.61788386
0.69106627,0.71582067
0.67001504,0.10162566
0.7012994,0.5714926
0.6736192,0.18172213
0.69882816,0.708485
0.70199543,0.5674808
0.67169183,0.7054428
0.6988571,0.708308
0.6908423,0.71585256
0.69795537,0.709415
0.6731674,0.6953108
0.69329786,0.71389234
0.6817129,0.7190032
-0.159092,0.36639988
0.33068505,-0.08198437
0.19830522,-0.092758454
0.008734676,-0.011765316
0.69470084,0.7125043
0.7189081,0.5074518
0.7277234,0.47992864
0.69877785,0.70824015
0.69361997,0.7137978
0.2628432,-0.10700609
0.688623,0.71709776
0.68198067,0.71959096
0.24536367,-0.10296594
0.6835899,0.71915287
0.69889474,0.70811987
-0.11991835,0.18413603
0.69331634,0.7139651
0.6963772,0.710864
0.68550456,0.71883833
0.693331,0.71386796
0.68484396,0.62323743
0.6990421,0.57516104
0.6968139,0.7104209
0.6878042,0.7170915
-0.10336622,0.14044793
0.6914378,0.71521175
-0.14803042,0.34130448
0.18402636,-0.08737933
0.24362648,-0.10472182
0.48442945,-0.05138444
0.6935769,0.71369547
-0.1366209,0.46963856
-0.15220992,0.26672894
0.6818647,0.7195559
0.68951476,0.7166526
-0.13721088,0.23270454
-0.12406986,0.4978285
0.67159426,0.66618186
0.69484264,0.7122456
0.1912756,-0.089229584
0.7242223,0.49560368
-0.135006,0.4565087
0.6936641,0.71363086
0.7002363,0.5711802
0.698487,0.58155954
0.52204037,-0.0381006
0.121564284,-0.085701965
0.6989566,0.7082367
0.69685835,0.7102174
0.6967572,0.5843384
0.68566424,0.71792966
0.67128795,0.70785046
0.69808745,0.70914954
0.25006,-0.061412558
0.68655735,0.71742123
0.69734526,0.7097978
0.6950586,0.71224296
0.7059184,0.556316
0.69864726,0.70834696
-0.1363407,0.4668606
0.7025577,0.5671971
0.1066973,-0.04886748
0.26701698,-0.1115383
-0.13320085,0.47627977
0.67795694,0.71870136
0.23992871,-0.09536538
0.6861729,0.7180563
0.6908687,0.71587193
0.051110435,-0.04181317
-0.12983386,0.48114285
0.20498207,-0.104084074
-0.06241885,0.0661905
0.7017762,0.5678251
0.6718185,0.6909929
0.68994683,0.716389
0.6986237,0.70853084
0.6912251,0.6014118
-0.11761401,0.5003619
0.57996,0.0079677
-0.15028778,0.26930982
0.6974987,0.7097042
0.6963174,0.71077967
0.15845746,-0.092404045
0.6771538,0.7175398
0.6808706,0.719634
0.6987882,0.7083947
0.6988029,0.7083321
0.67307365,0.68495077
0.6942668,0.71286523
0.6939917,0.71346897
-0.11584525,0.5102414
0.1354209,-0.077579506
0.6927116,0.7139025
0.6981578,0.7090198
0.6919357,0.71505135
0.6909597,0.7157188
0.70353705,0.56635445
0.05988665,-0.035040163
0.7301311,0.3846244
0.70164233,0.55847263
0.28347576,-0.10918981
0.6937571,0.7134034
0.690931,0.7157075
0.67307645,0.70839185
-0.12646738,0.47722188
0.68122315,0.7194406
0.69643015,0.5671718
0.6942322,0.7129794
0.69099474,0.7158786
0.69791883,0.57582504
0.69888455,0.70828336
0.69391316,0.7134995
0.68843806,0.71702135
0.69869566,0.7083043
0.7255645,0.25428712
0.050769348,-0.029840924
-0.11859828,0.5010488
0.69934237,0.574683
0.08034636,-0.06648548
0.7137405,0.53994155
0.73007536,0.47349548
-0.1528324,0.30555245
0.6990681,0.7082189
0.29427972,-0.10837427
0.6964024,0.71085787
0.6824781,0.7190167
0.6931249,0.71399105
0.36354566,-0.10755579
0.69217813,0.60054064
0.66974646,0.6890682
0.6709669,0.67023385
0.3174177,-0.0999234
0.69345516,0.7138749
0.6850905,0.7179481
0.6734998,0.68023294
0.6983817,0.70871097
0.67781484,0.6311943
0.69554067,0.7115846
0.022474634,-0.015199419
0.6975476,0.7098218
0.69857615,0.70869327
0.7102958,0.5514408
0.66983485,0.6550516
0.6780132,0.71798825
0.6971821,0.5712475
0.6939479,0.7132331
0.68833363,0.7168012
0.19534075,-0.08218654
0.6797177,0.7195028
0.696506,0.5848533
0.68451214,0.7187329
0.67470664,0.7136258
0.150808,-0.08075361
0.6951531,0.7120158
0.69171137,0.71500605
-0.12713894,0.4936189
0.4032978,-0.1010367
-0.12588468,0.4971959
0.4091846,-0.060824487
-0.12833706,0.48125046
0.7009074,0.5750266
0.7389701,0.37037772
0.7069298,0.55116403
0.71870035,0.5405116
0.68935484,0.716559
0.68293244,0.71913785
0.72711027,0.48139802
0.68605644,0.71834946
0.69165516,0.6013199
0.694009,0.71320367
0.6832381,0.7195889
0.2791314,-0.1084433
0.2233631,-0.09526391
0.694797,0.7122339
0.696442,0.71082103
0.68986505,0.7162472
0.69579613,0.7112769
0.70780593,0.19379905
0.6858112,0.7184159
0.6950193,0.712038
0.68446255,0.7188516
0.34822032,-0.10355317
0.69865143,0.70860803
0.6927357,0.7144672
0.5082527,-0.046298094
0.69887584,0.70831364
0.6910347,0.71527076
0.72417957,0.50342923
0.6925195,0.71433467
0.6958036,0.5815851
0.7367947,0.41806906
0.40139875,-0.07638002
0.6708755,0.6986409
0.12310311,-0.07215566
0.51833594,-0.046464052
0.6813411,0.6434532
-0.04610299,0.042875804
0.6842018,0.71863633
0.701871,0.5575458
-0.12971815,0.49380788
0.6934661,0.71387786
0.7226418,0.39489663
0.7007115,0.5703902
0.68145925,0.7189325
0.7314382,0.31786805
0.69273835,0.71431905
0.5521959,0.015569965
-0.14450616,0.43143257
0.6802962,0.64503556
0.6919665,0.7148316
0.6936922,0.713148
0.7278881,0.48749107
-0.12049954,0.18594506
0.6941113,0.7131885
0.6865008,0.71793336
0.07009554,-0.041344475
0.29061076,-0.10690593
0.28786278,-0.10894137
-0.12708616,0.49291235
0.7271202,0.4040692
0.30632648,-0.10411069
0.05530777,-0.024349945
0.6843311,0.7182241
0.6864329,0.71802115
0.6787211,0.7182895
0.70374507,0.5630276
0.67304236,0.70602727
0.6937272,0.7135134
-0.14052628,0.46619874
0.69414186,0.7131885
0.67826754,0.71682864
0.69879866,0.70836216
0.72043324,0.5325151
0.674893,0.7135969
0.21619587,-0.10408654
0.68044376,0.72016376
-0.12979612,0.19790018
0.6918354,0.7148403
0.35817778,-0.103970945
0.69762623,0.70963717
0.69776165,0.5794691
0.694858,0.7124261
0.2701526,-0.0980754
0.6807006,0.13839974
0.68029493,0.71890473
0.67141014,0.70079666
0.6991132,0.6861222
0.6985095,0.7087103
0.69174314,0.71401376
0.69366854,0.7136143
0.66925055,0.68476534
0.68251,0.63120806
-0.117680036,0.50131124
-0.15821002,0.32750633
0.682035,0.7196831
0.26658776,-0.105358586
0.72040564,0.5132135
0.6896397,0.6114543
0.69443357,0.7127584
-0.14362483,0.3965998
0.67757726,0.717142
0.6985546,0.7087155
0.14998245,-0.08063786
0.6784734,0.6400804
0.26579982,-0.10998613
0.6937901,0.713534
0.6888615,0.71596915
0.6744529,0.64105064
0.72059816,0.49824
0.49388808,-0.03725416
0.6933371,0.7139759
0.68535995,0.71849376
-0.11526605,0.18198368
0.7036009,0.5597428
0.6926958,0.71443766
0.68047094,0.71970266
0.7179751,0.532122
0.69541675,0.7118173
0.69337356,0.7137906
0.69374764,0.7134292
0.727812,0.47370434
0.6093632,0.024084417
-0.1285675,0.48630694
0.68712324,0.71762776
0.68461376,0.7188409
0.69912803,0.7078924
0.18886372,-0.099755
0.6876097,0.71704304
0.7034108,0.5624557
0.6992399,0.7080099
-0.16015145,0.3669365
0.5727409,0.010739209
0.34777454,-0.09836835
0.7008058,0.5798644
0.6797226,0.71876943
0.7002249,0.58091366
0.7278701,0.4488671
0.72278494,0.49573728
0.6796686,0.7199074
0.7055924,0.5548626
0.37852964,-0.10155277
0.0047217,-0.0013159118
-0.15557952,0.37797153
0.3432898,-0.099243134
0.734836,0.37156117
0.69431037,0.71289325
0.7201789,0.5250838
0.70973426,0.5391355
0.29465958,-0.103020735
0.6775402,0.71603155
0.6923548,0.71448386
-0.12799604,0.4797841
0.6906301,0.6203904
0.10091633,-0.06286859
-0.12926705,0.49149632
0.6878436,0.71715647
-0.034550205,0.3384161
0.67863786,0.7191765
-0.13537799,0.48869556
0.6944433,0.71288097
0.69285625,0.714315
-0.02295705,0.028624924
0.70169306,0.5645344
-0.117667444,0.5048543
0.675909,0.7136803
-0.12819186,0.496782
0.67229414,0.66919243
0.703567,0.5608284
0.46973234,-0.0573162
-0.14915057,0.31007856
0.6877061,0.21668774
0.68422675,0.71946657
0.6823673,0.71941155
0.6777832,0.7165693
0.6914681,0.71493864
0.6811323,0.7197718
0.6959868,0.57581913
0.6809936,0.7194354
0.17213583,-0.089627214
0.6956466,0.71176124
0.30671436,-0.103604645
0.6927828,0.5940685
0.6962521,0.6044809
-0.15162598,0.3973867
-0.14499937,0.40975416
0.6778845,0.71796376
-0.11835698,0.5029296
0.6933971,0.71377957
0.4724312,-0.06694127
0.69304127,0.7128655
0.6828548,0.71888894
-0.10649822,0.14675805
0.62263477,0.051343977
0.22460403,-0.09250246
0.72640574,0.47110355
0.2141158,-0.094185166
0.6929521,0.7142718
0.69867736,0.70854396
0.6899958,0.71638566
0.6865858,0.71869373
0.69379205,0.597143
0.68037224,0.7196979
0.69201124,0.7146397
0.36934847,-0.099782825
0.68262655,0.63284403
0.69305634,0.59649277
0.6904513,0.7153747
0.69919765,0.5771717
0.69872373,0.7085094
-0.15730767,0.35436174
0.6278483,0.062108785
0.078065395,-0.058178443
0.72669446,0.494773
0.42880163,-0.07002342
0.69533956,0.5894084
0.71235865,0.53725666
0.6973855,0.70983315
0.6984782,0.70862013
0.69883853,0.7083274
0.6702366,0.6952134
0.69653106,0.71068406
0.6898325,0.7161087
0.6705782,0.6763305
0.6894947,0.71658254
-0.043363582,0.05638143
0.69394964,0.71349967
0.7038653,0.56471515
-0.12318194,0.50592875
0.69370264,0.7136018
0.22560513,-0.09399349
0.6722599,0.7016973
0.16545095,-0.084023856
0.68518585,0.7187471
0.67135733,0.70412284
0.69676,0.710469
0.69212383,0.7149038
0.694918,0.71237314
0.7039564,0.5634209
0.19653043,-0.09382137
0.69577044,0.5825308
0.2536388,-0.09469438
0.6990248,0.70822877
0.6754532,0.715681
0.67386734,0.65801966
0.6832758,0.7187128
-0.1480752,0.41727257
-0.14478904,0.4202505
-0.14187185,0.44085
-0.10223763,0.14547409
0.7041888,0.56542057
0.6905612,0.7160705
0.6772819,0.7176194
0.6969058,0.7101898
0.17965458,-0.097804226
0.6988554,0.7084718
0.26964566,-0.10751023
0.6926108,0.71401626
0.678341,0.7184173
0.6930115,0.714159
0.7303005,0.47185105
0.6782107,0.7169695
0.6821182,0.7192225
0.41097623,-0.080720246
0.6984483,0.7088756
0.6924014,0.7144125
0.6783978,0.7184451
0.69324785,0.7141407
0.6986982,0.7085111
0.7086226,0.5500678
-0.15415649,0.2786835
0.14164905,-0.08117304
0.6839124,0.71855885
0.7013118,0.5670619
0.6854146,0.7181854
0.6988573,0.70807034
0.6802969,0.7195568
0.6988099,0.70818037
0.6857801,0.7187679
0.6897189,0.7163072
0.68806,0.716993
0.6959437,0.71123147
0.6986394,0.7086715
0.6986924,0.70835185
0.6941195,0.713153
0.69410485,0.7132231
0.6937366,0.71355456
-0.15791245,0.32905012
0.7028314,0.5660738
0.7140958,0.5318035
0.67970777,0.7176227
-0.14271812,0.42767054
0.6929102,0.7143105
0.67713594,0.71770024
0.68052906,0.7195549
0.5238218,-0.028236635
-0.03298349,0.028714303
0.6965901,0.710518
0.69702065,0.57823724
-0.12644424,0.23354423
0.2786483,-0.103929654
0.7227421,0.481472
0.4254233,-0.052768927
0.70229095,0.56919676
0.69826686,0.7089364
0.19688872,-0.08983121
-0.04456226,0.054943655
0.6857124,0.61100113
0.6944333,0.7123016
0.69688064,0.7104339
0.34294,-0.104603246
0.69363284,0.71358955
-0.13435647,0.30546218
0.6940246,0.7132603
0.67116016,0.6416889
0.37405676,-0.09566821
0.44913006,-0.044396326
0.6933769,0.71384287
0.6874952,0.7167412
0.69650674,0.7107733
0.69333535,0.7139831
0.55511487,0.28459793
0.2568376,-0.10258051
0.6929998,0.71413517
-0.13710293,0.47259986
0.6944035,0.7129329
0.6924428,0.7146652
0.31795198,-0.10282344
0.25456187,-0.111298606
0.70572513,0.5565599
0.69311655,0.7139401
0.67668074,0.7172201
0.7098047,0.5443362
0.69073105,0.71568024
0.6741125,0.70524853
0.29466644,-0.0990097
0.6933613,0.7138361
0.69117486,0.71552026
0.69729245,0.70995206
0.7281139,0.47194856
0.68987924,0.71616024
0.694169,0.7130781
0.69365704,0.71334064
0.6986007,0.70846
0.6985127,0.7088263
0.6934297,0.7139135
0.72461855,0.51183915
0.6987314,0.70851845
0.6886108,0.60127085
0.69412655,0.58904535
-0.15900081,0.34622943
0.7005285,0.5681473
-0.01490859,0.016018134
0.3340771,-0.100288704
0.6848811,0.7183869
0.6819149,0.71975845
0.69830227,0.70896864
0.6990687,0.7082382
-0.1577814,0.34125525
0.6920871,0.7146802
0.68017447,0.7197753
0.24739714,-0.102190785
0.69290155,0.6144334
0.10708468,-0.06869442
0.69253916,0.7145092
0.6929774,0.71408135
0.6834464,0.71916837
0.09790985,-0.0601477
0.698702,0.70858604
0.69293517,0.7135979
0.68123466,0.7195304
0.69167084,0.71476144
0.6919891,0.71468294
-0.13635121,0.48190472
0.69441146,0.71294147
0.25002232,-0.107426964
0.67819655,0.7189706
0.6932452,0.7141112
0.6895376,0.6074934
-0.14152288,0.41435283
-0.1609366,0.31972438
0.6915636,0.7150382
0.715946,0.5373218
0.2717738,-0.10277801
0.694023,0.71314335
0.1707569,-0.103288576
0.54016584,-0.03843044
0.6948371,0.7125369
0.6721443,0.6598595
0.6818437,0.7196208
0.6749177,0.6590488
0.6165385,0.057468053
0.6985222,0.7085599
-0.13571961,0.25150836
0.6854913,0.7183599
0.28626266,-0.10534842
0.6965368,0.7108512
0.67284846,0.69802237
0.6911777,0.6092405
0.6950891,0.71169996
0.69007546,0.5956813
-0.13364425,0.206749
0.20787446,-0.0674367
0.7097885,0.54321516
-0.122094326,0.4986771
0.6947653,0.7123613
0.68411,0.6149736
0.7077419,0.5560774
-0.15142915,0.34016123
0.6987678,0.7085087
0.6932241,0.7141162
0.21126837,-0.08819847
0.2787252,-0.102835685
-0.12331067,0.502374
0.36869875,-0.09592253
0.67051244,0.67614675
0.708694,0.54608613
0.6909391,0.7147673
-3.608704e-05,0.005121701
0.72074425,0.5186231
0.69378626,0.7129702
0.2113758,-0.101321034
0.06306508,-0.052164957
0.7041071,0.5566228
0.69288063,0.71375203
0.69828945,0.7088005
0.690552,0.71580344
0.19558276,-0.09446583
0.7033025,0.56587285
0.31449044,-0.11310574
0.69861597,0.7087138
0.69859326,0.70835817
0.6927386,0.7141027
-0.12867533,0.49367324
0.69797516,0.70936763
0.6804835,0.71915734
0.68345326,0.6149655
0.6935324,0.71372706
0.47342697,-0.056783997
0.67809635,0.71755654
0.69888794,0.70842916
0.3351684,-0.09768331
0.6941669,0.71304744
0.67266554,0.649196
0.6984072,0.7088082
0.6975791,0.70974547
0.05576984,-0.024431862
0.68919426,0.7169209
0.20323153,-0.09656308
0.7051589,0.5619051
0.6837876,0.6262899
0.6824242,0.7188367
0.69887215,0.708316
0.7333641,0.45684925
0.69407934,0.71330035
0.6880983,0.71712655
0.6947857,0.5939241
0.35161123,-0.111859344
0.6877662,0.7176331
0.4801021,-0.061066918
0.69185096,0.71502256
0.6885187,0.7170837
-0.12428195,0.48774102
-0.12862514,0.4842001
0.69681174,0.7104642
0.692391,0.71456605
0.18455425,-0.096230425
0.31049287,-0.118550815
0.0028325263,0.003733466
0.6985726,0.7085741
0.69375384,0.7136433
0.30949676,-0.09822792
0.6846309,0.71892035
0.45592362,-0.06286173
-0.121904396,0.50006527
0.6798194,0.71938497
-0.1352177,0.4882975
0.69897836,0.70827734
0.6949323,0.5876492
-0.12105934,0.49450618
0.68105155,0.71919495
0.68356943,0.7189933
0.6932748,0.71395284
0.6933759,0.7137955
0.6816588,0.7190944
0.6726615,0.7140563
0.71064115,0.5448492
0.72104275,0.50509274
0.69856346,0.5704601
0.69454324,0.594471
0.67820174,0.7184083
0.12414499,-0.070163876
0.6789333,0.64373636
0.69864166,0.70850044
0.069677375,-0.044544175
0.715736,0.533311
-0.089865156,0.09611451
0.6769965,0.7167699
0.69723713,0.7098836
0.6847925,0.71808267
0.50110257,-0.051573418
0.2378899,-0.10585131
0.6899779,0.71630126
0.6990362,0.7079664
-0.1134958,0.50954396
0.6839288,0.7191174
0.6944282,0.712782
0.6987679,0.708155
0.73057914,0.43961668
-0.12845583,0.49917993
0.16453564,-0.086973056
0.33450904,-0.07432701
0.6913771,0.71523917
0.6959639,0.71110225
-0.11571533,0.5026127
0.6870795,0.7174063
0.6984514,0.7085572
0.70343846,0.5703375
0.7028091,0.57437754
0.6987033,0.70825386
0.6818177,0.7193893
0.69486696,0.7124912
0.70838106,0.55379194
-0.1315045,0.49073935
0.68189234,0.7194762
0.7334138,0.42822334
0.67830056,0.6438907
-0.0519906,0.07370819
0.68588066,0.6214526
0.68170244,0.63760704
0.4163537,-0.0790408
-0.124426834,0.47717112
0.32037354,-0.1066243
0.67856824,0.7185955
0.6872993,0.7175099
0.6916959,0.7151912
0.30213746,-0.094650686
0.69841135,0.7088041
0.6907449,0.71590817
0.72556186,0.4665297
0.6985221,0.70867306
0.25480732,-0.09759712
-0.15578358,0.43050686
0.72749674,0.39879858
0.6958643,0.7114202
0.68908,0.71657366
0.69242316,0.7145415
0.6989404,0.5751006
0.46410146,-0.07177447
0.697153,0.7101694
0.70315695,0.55675006
0.6954932,0.7117841
0.6703332,0.6904729
0.67852896,0.7177513
0.6983172,0.7088019
0.6991074,0.70812637
-0.12754005,0.4842248
0.18840884,-0.07385051
0.6845218,0.7191128
0.69661033,0.7107445
0.69132245,0.18570799
0.30269077,-0.11432076
0.68183243,0.7195704
0.67905486,0.7189525
0.6988222,0.70826966
0.6770732,0.7177851
0.20145334,-0.06808928
0.6908855,0.7156842
0.6943909,0.7128727
0.6927692,0.7143971
0.6833386,0.7189483
0.70054835,0.5750526
0.68779314,0.7176443
0.34893778,-0.11329219
0.68203527,0.7197128
0.69597214,0.5775367
0.294087,-0.11352042
0.69885606,0.70825285
0.6865257,0.7175946
0.6888136,0.62015367
-0.13186222,0.47692785
0.693032,0.7142044
0.6920971,0.7149249
0.6981974,0.70898396
0.3607893,-0.11047117
0.72186196,0.51491714
0.19278757,-0.083098285
0.67372364,0.7121497
0.6879905,0.6177449
0.6897614,0.7162829
-0.100826636,0.111637786
0.6937894,0.71351254
0.7102931,0.55253774
0.7254019,0.49143386
0.6962845,0.711062
0.6819665,0.7196317
0.68432546,0.71922827
0.6752457,0.7154439
-0.023648934,0.029267514
0.67728955,0.7169229
0.6987274,0.5758673
0.68812066,0.61439526
-0.124770686,0.49964517
0.69384193,0.713489
0.694153,0.7131014
0.17483027,-0.089269586
0.69191086,0.71503145
0.6900873,0.715998
-0.1304651,0.4588754
0.68359506,0.7192388
0.69891,0.7084355
0.6936414,0.71335804
0.6923343,0.7146669
0.67498875,0.71251035
0.6925318,0.71452576
-0.15005913,0.39553583
0.6860657,0.6206462
0.69839126,0.70876324
-0.11830579,0.51539534
0.6921924,0.71470994
0.6894434,0.7167425
0.17391334,-0.077310346
0.6845227,0.7183336
0.27167642,-0.108023435
0.6961665,0.71094567
-0.13074979,0.49122345
0.6834075,0.7184919
-0.12176732,0.49832624
0.29197598,-0.1027924
0.51498055,-0.020166215
0.6986826,0.19471094
-0.14869781,0.37715238
-0.13418546,0.45601463
0.7292141,0.39310002
0.67362607,0.67376035
0.6858611,0.71821964
0.4895419,-0.05850266
0.69902,0.20691289
0.71009046,0.5507217
0.39157623,-0.102940395
0.6820248,0.71888244
0.6920546,0.7143949
0.2009138,-0.09982817
0.70606506,0.56461
0.68458825,0.71834725
0.2865439,-0.09222952
0.32500824,-0.09442514
0.70600927,0.5584941
0.17853037,-0.08870679
0.69687104,0.7102284
0.691753,0.71491873
-0.011626375,0.01604908
0.683877,0.7191346
0.72741944,0.48717552
0.6926195,0.7139111
-0.13153243,0.48176038
0.69134486,0.71546996
0.14851575,-0.08462346
0.6889843,0.71689755
0.5089837,-0.026442166
0.7220895,0.5232424
0.67673075,0.7170875
0.6804905,0.6301488
0.6794846,0.71879
0.6833887,0.71909964
0.68522453,0.71861106
-0.14293167,0.4690543
0.68683827,0.71752936
0.16268855,-0.08815469
0.6946899,0.71248543
0.69112086,0.71531224
-0.097584896,0.09626393
0.6916002,0.71481705
0.40497816,-0.09769275
0.6715723,0.64923024
0.6832923,0.6232354
0.6761711,0.7163103
0.6737439,0.6602728
0.69818413,0.57452697
0.6973197,0.70989966
0.67851615,0.71861875
-0.024178142,0.10567083
0.70849705,0.5521421
0.6284266,0.11510168
0.6945621,0.7125547
0.69573987,0.711431
0.6889986,0.71689814
0.536828,-0.0185788
-0.13394849,0.38431904
0.6981883,0.7089853
0.67693603,0.71824294
0.69381684,0.71349174
0.6925952,0.71377474
0.24280462,-0.10171506
0.70447254,0.5571262
0.047301754,-0.03611394
0.7025537,0.56317186
0.69889104,0.70839566
0.671128,0.6510681
0.6928719,0.71425897
0.6924797,0.71456105
0.69202656,0.6121451
0.6875071,0.6178976
0.28668958,-0.10375672
-0.15190531,0.4096536
0.30907145,-0.1029075
0.39728382,-0.09678465
0.5172146,-0.037294358
0.34636673,-0.09439576
0.6991293,0.7080908
0.68862116,0.71652526
0.6723965,0.7086569
0.5190036,-0.039652776
0.6814503,0.7197755
0.6921123,0.71478605
0.69820386,0.7089971
0.68953115,0.71663225
0.6984773,0.7087242
0.27561885,-0.10993383
0.69257325,0.7145617
0.6946733,0.71264863
0.6910301,0.7157916
0.73016036,0.4308727
0.69145805,0.7147689
0.6977763,0.7094691
0.15183719,-0.081933685
0.704263,0.56688005
0.42277774,-0.08945048
0.68575275,0.7183536
0.6924968,0.71429074
-0.13565502,0.46785825
0.2261774,-0.089580536
0.6940251,0.71325254
0.28092277,-0.08659197
0.7147921,0.5384464
-0.1460917,0.38783085
0.69378704,0.7135006
0.68761694,0.7172384
0.6949296,0.7122736
0.68063647,0.71902084
0.0964361,-0.06660684
0.6926958,0.7144974
-0.123988576,0.50776684
0.6908801,0.7155264
0.67498624,0.71617305
0.20731643,-0.101186976
0.322285,-0.099851474
0.72243375,0.5146979
-0.13773659,0.4769367
-0.14372878,0.44289654
0.7319971,0.4652055
0.69899356,0.70824987
-0.12313344,0.5045698
0.013928301,-0.0050700703
0.51372397,-0.025900116
-0.14517337,0.40455133
0.69859767,0.5828123
0.6978004,0.5806649
0.6930043,0.71431893
0.69865614,0.7085273
0.6927248,0.71410084
0.7055004,0.5558955
0.69128513,0.71476394
0.6908769,0.715664
-0.13263614,0.46617028
0.6927117,0.7143317
-0.13111535,0.47740507
-0.1549674,0.41744912
0.69125617,0.71542996
0.110642724,-0.07683099
0.6912326,0.71559435
-0.116133004,0.5143567
0.69552433,0.7117831
0.68970776,0.71665937
0.7312292,0.48012954
0.13188632,-0.06959837
-0.12123282,0.50028425
0.69866943,0.58523136
0.6708638,0.7044464
-0.13308035,0.47046623
0.27726835,-0.095584184
0.085036226,-0.048372842
0.6993347,0.57905924
0.6881701,0.71782094
0.69779795,0.70949674
0.40598848,-0.08983414
0.6779844,0.7172824
0.7047226,0.55652434
0.6943229,0.7129107
0.6987328,0.7084978
0.015839886,-0.007988806
0.69051677,0.7159498
0.68450224,0.7185067
0.2882319,-0.10891595
0.55685574,-0.0043442794
0.21596137,-0.10208269
0.69314015,0.7136173
0.7193034,0.5174216
0.70537966,0.55739063
0.69639575,0.71070457
0.6102127,0.039995804
0.68483037,0.7188237
0.28212297,-0.10576523
0.2987671,-0.111925334
0.6985997,0.7086036
0.35122433,-0.1072465
0.6921874,0.71434444
0.6896195,0.71672666
0.6734499,0.70990914
0.68624526,0.7183996
0.31271613,-0.109987594
0.72229505,0.5014833
0.6821078,0.71878684
0.69598454,0.7112334
-0.12569688,0.48845342
0.7266333,0.5033525
0.26150241,-0.093465924
0.682913,0.62227356
0.69346225,0.7137615
0.6987997,0.70834696
0.232253,-0.09758654
0.6720052,0.6714232
0.2601716,-0.10153799
0.72456384,0.494655
0.6854996,0.7182847
0.6936207,0.7136106
0.69646114,0.71073544
0.6862798,0.71782136
0.7024123,0.5582768
0.6988727,0.7084257
0.2516147,-0.10511676
-0.13094664,0.4984801
0.6984448,0.57702494
0.6869608,0.7176114
0.7299213,0.50163436
-0.13205956,0.49242535
0.6855064,0.62494475
0.6932258,0.71416354
0.69818795,0.5834356
0.69238687,0.71452415
0.6987503,0.56481224
0.08764642,-0.059974514
0.2042323,-0.1010047
0.68502235,0.7188112
0.6907008,0.7158327
0.6935446,0.7137465
0.6905397,0.6044348
0.6827752,0.7189572
0.684925,0.7191947
0.69842017,0.7087676
0.7049989,0.55643725
0.078803204,-0.053911585
0.67851824,0.71793073
0.2150774,-0.09298257
0.2527347,-0.099632874
0.3203676,-0.10509984
0.69329005,0.58802336
0.687285,0.7180714
0.6786773,0.71784014
0.039443657,-0.015433355
0.73623055,0.44181678
0.6859254,0.7181478
0.7125968,0.5413112
-0.13725995,0.18953551
0.67913043,0.71923995
0.69299257,0.71365917
0.6928214,0.7142826
-0.02293409,0.027246006
0.6887429,0.71570027
0.25297004,-0.10662281
0.7450845,0.31678516
0.72135216,0.48604023
-0.133192,0.4917878
-0.11864629,0.5085493
0.22744542,-0.09509153
0.67362946,0.6580283
-0.114865884,0.5152954
0.6988054,0.7082481
0.67848986,0.718139
0.15161216,-0.07682911
0.68738836,0.7172525
0.70145005,0.5748071
0.6887091,0.71667904
0.010936121,-0.013069783
0.72048944,0.5221759
0.18219066,-0.10074241
-0.12556553,0.49002963
-0.010729633,0.35028085
0.6914277,0.71494335
-0.15176138,0.23241729
0.26601878,-0.11797227
0.26904097,-0.10071569
-0.12571429,0.4933045
0.6951017,0.7116674
0.3807777,-0.09068974
0.6952135,0.7119458
0.67816633,0.716569
0.6839012,0.6303794
-0.1344541,0.4780248
0.697999,0.7093153
0.698406,0.7087079
-0.14426272,0.43544883
0.67794317,0.71738476
-0.12720303,0.4950976
-0.07851705,0.12519963
0.6907649,0.71545726
0.69316304,0.7140426
0.3072271,-0.110483676
-0.13140342,0.48351452
0.68490934,0.71879435
0.6735099,0.7072256
0.6928398,0.7143724
0.69731903,0.7100047
-0.13674337,0.48139983
0.6950421,0.71205455
0.69389,0.7133716
0.6989495,0.7082517
0.05090103,-0.035048023
0.6846152,0.6196995
0.69815594,0.5841747
0.6929304,0.7142675
0.6808683,0.71910745
0.67657727,0.7165476
0.6928853,0.7137928
0.6924973,0.714091
0.70108175,0.5682081
0.25586295,-0.097801894
0.6932255,0.7140154
-0.1500315,0.39793143
0.001140075,0.012528994
0.22920877,-0.09587723
-0.118506745,0.51059765
0.6938813,0.71346086
0.6918223,0.7150659
0.69141763,0.715135
-0.13292022,0.47413442
0.69603395,0.7112409
0.3109109,-0.10036689
0.67043185,0.68187
0.69659936,0.7107897
0.3740094,-0.095001645
0.64527994,0.10509596
0.68010646,0.7176966
0.69872475,0.70838267
0.6984299,0.70890343
0.69044125,0.7160417
0.69052327,0.7158741
0.6878154,0.71748596
-0.14337322,0.46281132
0.05440265,-0.037841357
0.6874412,0.7175851
0.34249467,-0.09931498
0.69851375,0.70872694
-0.11894269,0.5068317
0.698893,0.7083013
0.6926881,0.71453494
0.32186416,-0.08424319
0.68453133,0.71899605
0.6989675,0.7081869
-0.14192154,0.44928
0.6827177,0.7191102
0.72286755,0.4124766
0.67003864,0.6741388
0.6941249,0.71283567
0.6909695,0.7151082
0.69713724,0.5722515
0.6859104,0.71838725
0.6702528,0.6705951
0.26557216,-0.10326801
0.6867194,0.7178911
0.6707004,0.67238873
-0.08237657,0.45344105
0.69461256,0.71273535
0.6722827,0.6696102
0.73366445,0.3911961
-0.123653986,0.49856693
0.7241149,0.3492904
0.67547107,0.7140521
0.6865948,0.7180421
0.67564726,0.71230644
-0.1163568,0.50777334
0.6950698,0.7123046
0.28496963,-0.10116247
0.694427,0.7127575
0.7034582,0.5655405
0.45394367,-0.04826831
0.46195403,-0.03599097
0.5433455,-0.015697828
0.68904865,0.71667403
0.6956142,0.71158963
0.29123005,-0.09814039
0.69449776,0.59382486
0.68437624,0.7184389
0.67863363,0.6349891
0.67664856,0.7155757
0.69394755,0.71341413
0.70255417,0.5629011
0.69223946,0.71464825
0.6984806,0.7086477
0.69806296,0.70916504
0.10608659,-0.0534139
0.69875467,0.70815885
0.6997302,0.58234346
0.67084044,0.6885549
0.69329,0.71352184
0.7014402,0.5658477
0.62288326,0.060312394
0.38795778,-0.08213597
0.682558,0.7190281
0.69385445,0.71335095
-0.093184695,0.11821032
0.67634267,0.7147244
0.6689216,0.679811
0.69879067,0.7081931
0.651559,0.116524294
0.6272193,0.07947904
-0.10660995,0.14014491
0.692896,0.7141431
0.691423,0.61575794
0.69826984,0.5713921
0.6957465,0.7115378
0.72550565,0.31462786
0.73087966,0.43520397
0.6924528,0.7146332
-0.1266044,0.49583608
0.6857593,0.71800053
0.22233796,-0.10228248
0.6779695,0.7178284
0.70534426,0.56579757
0.67787266,0.718444
0.38084438,-0.089900486
0.67346513,0.6731653
0.69684595,0.7103064
-0.12381082,0.49746296
0.6937239,0.7135499
0.67996067,0.7190742
0.25716892,-0.10960844
0.2005665,-0.09231861
0.6941025,0.71276796
0.6980218,0.709166
0.69139224,0.7147704
-0.12490541,0.4913786
-0.1489019,0.37576076
0.71172243,0.24722084
0.71715033,0.5363465
-0.13611639,0.21472555
0.6985525,0.5732134
-0.15427262,0.4008532
0.69324434,0.71391517
0.6942716,0.71299213
0.71233433,0.529744
0.6853757,0.71848845
0.69530696,0.71199787
0.6939554,0.71304524
0.6940463,0.71325374
0.69092983,0.7154249
0.696378,0.5769087
-0.15385196,0.2859376
-0.14590083,0.43913645
0.681233,0.71925306
0.70918846,0.5557831
0.21042079,-0.10325047
0.685832,0.71831226
0.6919556,0.71495426
0.6917731,0.5952435
0.7105038,0.55030614
0.6945398,0.7125342
0.68789583,0.71716416
0.7215619,0.51514155
0.6870938,0.7175618
0.29088914,-0.094416596
0.6987813,0.7085292
0.7307709,0.50133485
0.69103646,0.71531767
-0.13210574,0.21170574
0.22651704,-0.10351981
0.69804347,0.57099265
0.69341564,0.5950679
0.70061326,0.571005
0.6789153,0.719136
0.14906035,-0.08854333
0.6712351,0.70478463
0.12880197,-0.07543683
0.72022915,0.5170817
0.6946708,0.7125717
0.6935124,0.71368647
0.6883535,0.7173325
0.69074184,0.7156977
0.68359584,0.7189032
0.12632942,-0.07645576
0.6978972,0.5773419
0.6879079,0.7172199
0.6899825,0.71584314
0.6883451,0.7171866
0.26681945,-0.112577975
-0.15630028,0.32962322
0.688013,0.717531
0.67638713,0.71573365
0.016860522,-0.0031615833
0.22490247,-0.10748005
0.69862884,0.7084568
0.6700089,0.68602675
0.6806492,0.71968114
-0.104952626,0.12463157
0.6775619,0.7186907
0.68706954,0.7176021
-0.0018435065,0.003489004
0.15548377,-0.07907979
0.68561506,0.7177175
0.69737494,0.5812124
0.6906054,0.7155735
-0.14269866,0.46387705
0.6887844,0.71696424
0.70421344,0.56151634
0.68043125,0.7194766
0.6944854,0.7127885
0.18768847,-0.095087044
-0.1516118,0.3539952
0.6845561,0.7188117
0.52049416,-0.015899949
0.68907005,0.6101966
0.67185795,0.7078257
0.14190093,-0.090662874
0.6930009,0.6052674
0.73227054,0.41046774
0.28477472,-0.09657259
-0.12700102,0.48834023
0.1591031,-0.07621208
0.6828757,0.71853447
0.699122,0.70819575
0.7197499,0.3734575
0.6943157,0.7130585
0.16088802,-0.07824133
0.24832846,-0.112504564
-0.12863913,0.4887926
0.69687694,0.7101044
0.24644019,-0.096398555
-0.13380249,0.48704845
0.6987342,0.7085267
0.6931306,0.7140455
0.6990181,0.7082726
0.011472205,-0.002349129
0.69601333,0.71121
0.67822593,0.7172346
0.52677566,-0.021707747
-0.11399429,0.19412354
0.17539205,-0.097637944
0.6920658,0.714956
-0.12213253,0.4960101
0.73112065,0.4752377
0.6948245,0.71242756
0.6905849,0.71607316
0.6927548,0.71451783
-0.120304905,0.49962357
0.6989085,0.7081862
0.22956502,-0.10722552
0.70255387,0.56368816
0.6487874,0.12552951
0.6959288,0.7112862
0.68887424,0.71607935
0.6771057,0.71488255
0.7094099,0.5560386
0.20285352,-0.09752134
0.6933467,0.71386546
0.68799746,0.71719134
