0.10015029,-0.7395436
-0.038604274,-0.81720823
-0.18607411,0.58724153
-0.039263293,-0.8158731
-0.18755504,0.58891386
-0.039429463,-0.83649755
-0.16840734,0.5733271
-0.074736476,0.23422034
-0.14440764,0.49892393
-0.1888924,0.5880978
-0.22002886,0.5960959
-0.024661602,-0.90160644
-0.039139997,-0.81783444
-0.0012398924,-0.86860543
-0.19036913,0.59142256
-0.14288591,-0.53744113
-0.19297054,0.58757997
-0.1889153,0.5840163
-0.18111058,0.5800507
-0.013959918,-0.70981497
-0.15210885,0.58628
-0.016535623,-0.84657776
0.0051144715,-0.5859399
-0.06981098,-0.7829702
-0.03971821,-0.83405983
-0.03787437,-0.81557906
-0.18818915,0.5844339
-0.10572213,-0.8205977
-0.16546278,-0.8898472
-0.18890877,0.5852699
-0.1884969,0.5890197
-0.18825306,0.5845154
-0.22091107,0.59163857
-0.16847008,0.61105084
-0.045867518,-0.82698494
-0.21786284,0.6002993
-0.19510919,0.58765864
-0.20020945,0.606649
-0.038273603,-0.8156165
-0.18852206,0.5851448
-0.18883033,0.5849791
-0.032450408,-0.81180596
-0.36725134,-0.5652383
0.016073948,-0.8886735
-0.18674272,0.58306205
-0.03968298,-0.82602906
-0.18840335,0.58336985
-0.18897228,0.5799989
-0.24370302,-0.8230156
-0.20649403,0.55863154
-0.12041187,-0.7802242
-0.039185733,-0.8154784
-0.21565898,0.570521
0.21515118,-0.69555986
-0.17495693,0.6049816
-0.18891755,0.58439857
-0.18832362,0.5836361
-0.03876333,-0.81768036
-0.19047315,0.59092045
-0.03874496,-0.81756824
-0.17794323,0.5892091
-0.03961984,-0.81836694
-0.02520948,-0.8056225
-0.039365534,-0.8177914
0.104815096,-0.83681595
-0.21858525,0.6234644
0.06263058,-0.69157654
-0.047554106,-0.85941696
0.0034088946,-0.8417791
-0.12473581,0.10883319
-0.1887539,0.5829617
-0.17635278,0.57370263
-0.03828501,-0.81598395
-0.20618692,0.5760305
-0.03922503,-0.8154156
-0.03895479,-0.8150884
-0.19986518,0.5933939
-0.18915518,0.5816377
-0.18715163,0.5809522
-0.033155803,-0.79094464
-0.027388781,-0.8508103
-0.076619215,-0.85784
-0.03814465,-0.81623083
-0.18873537,0.5850396
0.14971408,-0.64981496
-0.18012173,-0.3932004
-0.18875405,0.5844626
-0.13427052,0.55945975
-0.18866748,0.5836289
-0.07881586,-0.3069916
0.021278145,-0.8022831
-0.20086333,0.5860903
0.15467824,-0.7677819
-0.12962264,0.4879905
0.06424213,-0.38056153
-0.03861553,-0.81641674
-0.038064774,-0.8172047
-0.11594674,-0.8697094
-0.19234368,0.5904775
-0.1895613,0.5858013
-0.042118967,-0.8335657
-0.19550227,0.6033093
-0.040437333,-0.81681454
-0.03945591,-0.8171325
-0.18752341,0.5841889
-0.15857618,0.5511649
-0.19748501,0.5831896
-0.18848749,0.5828625
-0.18952614,0.5851641
-0.039042234,-0.8183441
-0.022887567,-0.8468801
-0.188738,0.5858478
-0.12937753,-0.8333899
-0.18879409,0.58469325
0.06754673,-0.80700845
0.011106571,-0.5135766
-0.19000037,0.5783819
-0.038165193,-0.81537616
-0.18372765,-0.8842242
0.006226338,-0.8779427
-0.20182498,0.56151575
-0.19522996,0.55570954
-0.18899116,0.58576715
-0.18837272,0.58385926
-0.16895342,0.6037194
-0.18808192,0.5840052
-0.18906485,0.5837121
-0.038279846,-0.81769264
-0.20110294,0.58639705
-0.039404992,-0.81773114
-0.17041512,0.6050632
-0.18955621,0.5840235
-0.03520101,-0.80410343
-0.20549186,0.5953376
-0.0975466,-0.77283907
-0.03771706,-0.81569713
-0.19563182,0.5954584
-0.18425596,0.5825618
-0.1889011,0.5845361
-0.03875434,-0.816875
-0.17900243,0.5884866
-0.038849894,-0.8148155
-0.019394599,-0.82957083
-0.055210225,-0.8502693
-0.03950946,-0.81811017
-0.18911232,0.5861235
-0.039418228,-0.81677854
-0.17360343,-0.39744514
-0.06359458,-0.84520316
-0.038304932,-0.8168047
-0.18783921,0.5805832
-0.014145715,-0.86522627
-0.038128674,-0.81502956
-0.04695272,-0.8232159
-0.03822131,-0.81502336
-0.031816687,-0.8954409
-0.12732671,-0.78702223
-0.18337384,0.5372321
-0.038379878,-0.8161465
-0.18836865,0.58442765
-0.035558514,-0.82253927
-0.036625445,-0.8102245
-0.00018785255,-0.8296509
-0.038238615,-0.8152931
0.08299636,-0.7285304
0.0022165088,-0.685005
-0.038262744,-0.8176271
0.057540372,-0.7608174
-0.16939357,0.6041036
-0.038966823,-0.81865966
-0.03707255,-0.81933296
-0.18206298,0.58475673
-0.18455039,0.5651708
-0.039332185,-0.81546986
-0.03872283,-0.81535757
-0.09666083,-0.90604496
-0.16790284,-0.10949739
-0.18774512,0.584614
-0.038610823,-0.8171831
-0.1929047,0.58781075
-0.188373,0.5834079
-0.038225662,-0.8165304
-0.18903793,0.5898956
-0.039941795,-0.8255464
-0.03918327,-0.81561774
-0.045529064,-0.82205606
-0.18638566,0.5960427
-0.038005874,-0.8164363
-0.32424483,-0.28446582
-0.03941818,-0.81673265
-0.19131345,0.59021485
-0.11474485,0.22808953
-0.039827436,-0.81499755
-0.03709915,-0.8142227
-0.038635157,-0.8181697
-0.18873084,0.57574815
-0.19455759,0.584977
-0.0037953355,-0.8295886
0.013450955,-0.7487338
-0.027929028,-0.6266204
0.15880759,-0.7282878
-0.18846418,0.58427835
-0.1965399,0.5795541
-0.18450889,0.5850872
-0.19455533,0.5882368
-0.031556234,-0.8190558
-0.16279179,0.33537555
-0.18886048,0.58485985
-0.18828565,0.58370054
-0.16055162,-0.15982598
-0.18954745,0.58422416
-0.18902779,0.5847889
-0.037407283,-0.81861824
-0.19863093,0.6053392
-0.039554093,-0.8155347
-0.040089864,-0.8175034
-0.11256661,0.10262504
-0.054432902,-0.8299407
-0.18756145,0.58049464
-0.19198932,0.58676034
-0.070366174,-0.7842286
-0.035083015,-0.81734824
-0.18557265,0.5915281
-0.0378111,-0.81733304
-0.038725752,-0.82254946
-0.16976318,0.5679278
-0.038181823,-0.8160278
-0.038501076,-0.81595814
-0.03975562,-0.81795603
-0.14745846,-0.8929124
-0.18880981,0.5853486
-0.18845673,0.5845326
-0.03847466,-0.8177838
-0.18905653,0.5845912
-0.12994938,0.3352814
-0.037787806,-0.81581455
-0.019979695,-0.820932
-0.18176933,0.5887978
0.030141577,-0.8847504
-0.0381247,-0.8166185
-0.18872997,0.58447045
-0.18865618,0.58475643
-0.12764756,0.38822964
-0.03948746,-0.81763506
-0.18912356,0.5880764
-0.037650257,-0.8150737
-0.013510659,-0.81050676
-0.03855172,-0.8160567
-0.16131471,-0.21324672
-0.039622556,-0.8175272
-0.037749596,-0.83478934
-0.0393327,-0.81891376
-0.18483098,0.59976935
-0.19852474,0.58447
-0.18850622,0.58513725
-0.037171714,-0.81655455
-0.18237463,0.60379374
-0.037466433,-0.81809723
-0.19083375,0.58641374
-0.18358621,0.58161104
-0.056893867,-0.81178635
0.09060099,-0.8414021
-0.17352799,0.59322447
-0.087413296,-0.891994
-0.19196017,0.5824834
-0.039776817,-0.8184716
-0.18609728,0.5900277
-0.02714102,-0.9017004
-0.03812299,-0.81514055
-0.1883865,0.58938676
0.009019303,-0.81648004
-0.15796807,0.5885378
-0.18802273,0.58247244
-0.18738651,0.5928908
-0.013271477,-0.8678479
-0.03880893,-0.81875515
-0.20555174,0.5691796
-0.038720928,-0.8175628
-0.038975928,-0.8152456
-0.1310334,-0.8144922
-0.038668234,-0.81732434
-0.03256798,-0.8464182
-0.18593223,0.58620584
-0.04015506,-0.82044363
-0.044851046,-0.827517
0.013319923,-0.831109
-0.19698504,0.5885199
-0.11116745,-0.8610498
-0.056168545,-0.83494866
-0.18759646,0.5843854
-0.042726286,-0.82439274
-0.17722827,-0.8736909
-0.18944322,0.5849829
-0.1772933,0.6065677
-0.1885132,0.5852461
-0.20179898,0.582546
-0.20136367,0.5963838
-0.2134982,0.5985011
-0.18947308,0.5854711
-0.038802512,-0.8155966
-0.038526937,-0.81754863
-0.18430719,0.5894896
-0.18952946,0.5833777
-0.039759573,-0.8267036
-0.18560404,0.5799853
-0.17287,0.6040504
-0.18874492,0.58405775
-0.20823169,0.61359376
0.12953089,-0.7559736
-0.1903678,0.5636901
-0.03820059,-0.8161145
0.014327105,-0.82014155
-0.19069053,0.57819223
-0.03895743,-0.81922233
-0.071281336,-0.65273786
-0.15077503,-0.72511476
-0.19073018,0.58556646
-0.18912813,0.5831386
-0.18489277,0.590857
0.07662866,-0.7939099
-0.1940055,0.5806089
0.08109584,-0.88740474
-0.18887916,0.5845469
-0.1890266,0.58439726
-0.03731677,-0.8162205
-0.08413427,-0.8637201
-0.19199374,0.58780825
-0.057369865,0.42737046
-0.06260872,-0.8634226
-0.19829725,0.60510993
-0.17772155,0.5809773
-0.123913,-0.8231151
-0.16175413,-0.7085036
0.0782293,-0.8731028
-0.038107235,-0.81848484
-0.20319532,0.5755365
-0.18877912,0.5800431
-0.18543205,0.5918101
-0.038989194,-0.8296395
-0.013417428,-0.83456814
-0.039797246,-0.81694776
-0.18421777,0.5903343
-0.03838726,-0.85568035
-0.038584977,-0.8157707
-0.18803105,0.5819185
-0.038738944,-0.8186502
-0.039068677,-0.81489456
-0.03956107,-0.81609404
-0.03853935,-0.81511605
-0.039971597,-0.82013744
-0.060855858,-0.48030132
-0.14978096,-0.8023563
-0.040139604,-0.8204679
-0.18159391,0.5846345
-0.04597825,0.37373355
-0.18931454,0.58550817
0.011608133,-0.8785546
-0.03890963,-0.8184929
-0.18371262,0.5907007
-0.17654715,0.5793685
-0.039722487,-0.8196188
-0.03787271,-0.81856865
-0.06873021,-0.84478706
-0.18877764,0.5847005
0.016747298,-0.83026755
-0.037656363,-0.81707036
-0.082526885,-0.88532114
-0.038623683,-0.74240875
-0.06512372,-0.85961413
-0.18833192,0.58488256
-0.1888047,0.5854238
-0.039354086,-0.8166831
0.05931019,-0.84614134
-0.08748009,-0.79217213
-0.038241357,-0.8165372
-0.16835028,-0.66439825
0.0787774,0.06360987
0.040917255,0.06832066
-0.18142557,0.5899377
-0.03889488,-0.8172026
-0.05038597,-0.8215593
0.04012956,-0.8659417
-0.023644118,-0.11215729
-0.18883269,0.5850329
-0.29124615,-0.71363056
-0.0396562,-0.8178328
-0.17388982,0.59114575
-0.006013349,-0.8413803
-0.03854837,-0.8191521
-0.12663457,-0.83410054
-0.030291056,-0.87929446
-0.1888549,0.583747
-0.03913497,-0.8179108
-0.18829168,0.5858906
-0.037612658,-0.8306685
-0.18950997,0.58487463
-0.10829986,-0.6560925
-0.14197344,0.161589
-0.035060417,-0.8443137
-0.187086,0.5737566
-0.037620686,-0.8176224
-0.17672504,-0.88157153
-0.03787872,-0.8146561
-0.16320659,-0.7157529
-0.16191508,-0.8152682
0.04337638,-0.8432982
-0.1880428,0.58438337
-0.03815136,-0.8161453
-0.039910078,-0.8175383
-0.0027009905,-0.80428326
-0.038410224,-0.8334235
-0.18832466,0.5844694
-0.03931948,-0.81796646
-0.18723087,0.59200245
-0.03923789,-0.8180949
0.029942835,-0.83409065
0.009782778,-0.8186883
-0.21198656,-0.86451375
-0.035150487,-0.8159235
-0.038900193,-0.8184259
-0.19898987,0.5945054
-0.18858203,0.58336526
-0.038183313,-0.8169879
-0.049529586,-0.5593707
-0.19384074,0.58979017
-0.19052722,0.5833357
-0.041880753,-0.79661924
-0.0047667483,-0.84202945
-0.03776974,-0.8178907
-0.0024801227,-0.5923759
-0.07527302,-0.77070343
-0.18772097,0.583329
-0.03876838,-0.8161665
-0.19441895,0.5937561
-0.081704654,-0.8139475
-0.03923585,-0.81755465
-0.06209786,-0.825943
-0.011924851,-0.23288123
-0.14048696,-0.88713586
-0.01262451,-0.83062094
-0.18842323,0.58394724
-0.18441887,0.57905614
-0.112407126,-0.22739843
-0.18860568,0.5841998
-0.04130601,-0.8148642
-0.19781002,0.5804298
-0.03777021,-0.8178206
-0.040773302,-0.8168029
-0.04750484,-0.650132
-0.19366752,0.577392
0.1282987,-0.745111
-0.05635197,-0.8268734
-0.32055384,-0.6237119
-0.038043868,-0.8178185
-0.056861833,-0.8131454
-0.18922444,0.5853214
-0.1890971,0.5840131
-0.038884148,-0.81432086
-0.024482999,-0.8000638
-0.038576998,-0.8183225
-0.18924573,0.58563685
-0.057650637,-0.81132674
-0.18409504,-0.7854213
-0.039207783,-0.8142312
-0.039511025,-0.8174325
-0.03875072,-0.81370527
-0.23429485,0.114427865
-0.17958772,0.592522
-0.038430713,-0.81606174
0.0119157275,-0.768464
-0.04426631,-0.8297483
-0.038982805,-0.8155062
-0.037392955,-0.8228791
-0.039900694,-0.74392587
-0.20277995,-0.5659094
-0.06603447,-0.88458806
-0.03913164,-0.8157126
-0.18939553,0.5877395
-0.060783133,-0.7953213
-0.15742989,-0.640743
-0.038021524,-0.8158288
-0.019023864,-0.8445353
-0.040563308,-0.8129726
-0.039119545,-0.8156926
-0.21171607,0.5881111
-0.03757139,-0.815428
-0.17456876,0.57287335
-0.038218647,-0.8146808
-0.03929833,-0.8067637
-0.038842093,-0.814961
-0.18880092,0.58473855
-0.19227308,0.5901376
-0.18884552,0.5849797
0.053010006,-0.81535715
-0.038905,-0.81798196
-0.17990531,0.5813954
-0.15849409,0.46994472
-0.075752534,-0.8848944
-0.038297266,-0.81806964
-0.14553785,-0.7353773
-0.038846787,-0.8267805
-0.15379986,-0.8661565
-0.03856249,-0.8149253
-0.18924442,0.586067
-0.1882802,0.5833292
0.08046285,-0.82618433
-0.028438568,-0.36739978
-0.18887988,0.58505476
-0.17307137,0.5881318
-0.038138766,-0.81898296
-0.049038295,-0.83673006
-0.034159034,-0.8288382
-0.13418408,-0.5291361
-0.052999247,-0.68929166
-0.038743306,-0.81941706
-0.12913609,-0.457303
-0.18819076,0.583614
-0.03839868,-0.81523854
-0.039399635,-0.81732106
-0.039287735,-0.8181402
-0.18735541,0.58701354
-0.03889923,-0.8157921
-0.18647914,0.5822959
0.07950935,-0.8994511
-0.08080188,-0.8761381
-0.26752025,-0.81996894
-0.016706074,-0.84667706
-0.19029169,0.586669
-0.038762826,-0.81660706
0.06723129,-0.86290675
-0.02152752,-0.7565424
-0.039444815,-0.8157805
0.009781934,-0.9208093
-0.21854082,-0.61228055
-0.039589804,-0.8156025
-0.039426766,-0.8184183
-0.18902709,0.5846423
-0.04111155,-0.82355934
-0.18506941,0.58617795
0.050858956,-0.50327134
0.17209421,-0.6329128
-0.3261551,-0.7851787
-0.21299975,0.61670464
-0.030312158,-0.8629187
-0.011377479,-0.8861224
-0.18877798,0.58388203
-0.19661692,0.59009504
-0.19580838,0.5929274
-0.03918625,-0.8152555
-0.039188635,-0.8181136
-0.03820314,-0.8144567
0.0586213,-0.591155
-0.046354495,-0.8429183
-0.15834217,0.53639245
-0.039380763,-0.81791687
-0.037250903,-0.8169261
-0.41882217,-0.6216332
-0.040729176,-0.8237739
0.03553332,-0.8495189
-0.03928284,-0.81477505
-0.038197372,-0.79319644
0.025623357,-0.898944
-0.012322529,-0.8119968
-0.17856129,0.59797496
-0.18895042,0.5846787
-0.18755561,0.5798816
-0.15171714,-0.6237221
-0.038631346,-0.8168511
-0.05177039,-0.81997854
-0.15901959,-0.13174096
0.01737507,-0.8825366
-0.07391796,-0.7813608
-0.05744207,-0.8440334
-0.038993977,-0.818924
-0.18870525,0.58463085
-0.039335262,-0.8172771
-0.039147966,-0.81677103
-0.08397764,-0.7103825
-0.0011371458,-0.88659114
-0.038425706,-0.81852794
-0.046935517,-0.8645667
-0.19015057,0.5928068
-0.2043079,0.54878926
-0.03422172,-0.8165075
0.07455101,-0.8577301
-0.0379071,-0.81582695
-0.03752762,-0.8146975
-0.007221671,-0.884422
-0.18955785,0.61204976
-0.0392421,-0.8177181
-0.07529947,-0.851151
-0.062376507,-0.87786186
-0.022419438,-0.81852573
-0.037864033,-0.8151904
0.033864345,-0.7951473
-0.039121885,-0.8187976
-0.037909962,-0.81606317
0.019050824,-0.06041029
-0.090259016,0.49423003
-0.030899426,-0.84307534
-0.010516238,-0.8064467
-0.3480682,-0.78398687
-0.019938359,-0.8009885
-0.18771864,0.58417815
-0.04006206,-0.82927763
-0.07807473,-0.7957145
-0.03984075,-0.8201468
-0.31548434,-0.70826435
-0.039813057,-0.81663376
-0.18888167,0.5849427
-0.11931566,-0.8538574
-0.10235005,-0.8078604
-0.17788161,-0.8265297
-0.19022754,0.59052664
-0.42382804,-0.68538034
-0.18849601,0.58697957
-0.096645035,-0.53367496
-0.061796263,0.09080559
-0.18830019,0.5845442
-0.19683167,0.59614414
-0.07455551,-0.8389726
-0.22081229,0.5710646
-0.038636614,-0.81466645
-0.19131005,0.58727187
-0.017279092,-0.8562509
-0.20138028,0.53955466
-0.013950426,-0.85526866
0.037443813,-0.74758404
0.0092304135,-0.81405836
0.003267959,-0.789535
-0.026985858,-0.90058655
-0.017954042,-0.24044278
-0.13837287,-0.6072495
-0.16955373,0.5644891
-0.037366107,-0.8095914
-0.090576455,-0.8411493
-0.29377842,-0.6157993
-0.06474305,-0.8210874
-0.037338343,-0.8297301
-0.18898138,0.5845986
-0.008322285,-0.8211673
-0.14312267,-0.80320764
-0.2034926,0.5970864
-0.0033297604,-0.85471106
-0.03778841,-0.81593955
-0.0017969686,-0.8404688
-0.17959997,-0.87865096
0.043771405,-0.90376276
-0.03105256,-0.8195939
-0.0397963,-0.82093513
-0.19184904,0.5988358
-0.17931464,-0.8696458
-0.036034334,-0.86424166
-0.03577481,-0.8578222
-0.18859355,0.58438677
-0.19270495,0.5923617
-0.03854389,-0.814681
-0.06868303,-0.79590833
0.03292067,-0.90281993
-0.03844629,-0.81483907
-0.050279316,-0.84151465
-0.05072506,-0.84096485
-0.03785493,-0.81552565
-0.19101422,0.5837316
-0.03813786,-0.81953603
-0.05966134,-0.90481514
-0.17067736,-0.8407107
-0.18908411,0.58529264
-0.1889001,0.5859943
-0.18422441,0.5860726
-0.19678366,0.5591791
-0.03864526,-0.8182592
-0.037345722,-0.8144447
-0.18868107,0.58358383
-0.18826832,0.58440125
-0.038601737,-0.8155761
-0.12014405,0.3405753
-0.040542763,-0.81592584
-0.04625034,-0.8245059
-0.18812844,0.58389205
-0.18859409,0.5840185
-0.18860993,0.5838219
-0.18816437,0.5827101
-0.18345197,0.57834816
-0.0073625236,-0.85365736
-0.18546487,0.594459
-0.07745812,-0.8029914
-0.03938583,-0.8175732
-0.19048797,0.5842814
0.041310553,-0.86719126
-0.037160534,-0.8169211
-0.04703533,-0.82909906
-0.04673357,-0.8196163
-0.039867427,-0.8174117
-0.084045604,-0.83800703
-0.04279476,-0.8204017
-0.030688629,-0.8199448
-0.06557049,-0.7915201
-0.039071627,-0.8176475
-0.13619955,-0.6117663
-0.042598534,-0.8138867
-0.2685121,-0.7203101
-0.03929418,-0.81773853
-0.20314899,0.5952249
-0.2062212,0.5810451
-0.045884106,-0.8201508
-0.038761187,-0.8188057
-0.042033743,-0.817412
-0.18947488,0.5814725
-0.03822312,-0.81678563
-0.18885998,0.5846469
-0.043944586,-0.8288468
-0.19095406,0.5839468
-0.17703053,0.45916423
-0.18888609,0.58459705
-0.40933678,-0.6746791
-0.03792538,-0.8158999
0.06773635,-0.7867462
-0.25410444,-0.7686256
-0.19430639,0.5917245
0.19401105,-0.5485088
-0.039906844,-0.81846476
-0.039213445,-0.8183311
0.07043612,-0.73771113
-0.1881527,0.5836465
-0.038858924,-0.8151572
-0.17945468,0.5800544
-0.18870868,0.5836692
0.01259746,-0.81417936
-0.18848002,0.58388805
-0.19431284,0.59146774
-0.18859518,0.58418787
-0.038609736,-0.817537
-0.18926859,0.5851182
-0.18878257,0.5849333
-0.05433257,-0.82173735
-0.038123917,-0.8158111
-0.06632973,-0.8583881
-0.03840132,-0.815388
-0.039398063,-0.8154217
-0.018107481,-0.82877004
-0.18937582,0.5849814
-0.039365284,-0.81763524
-0.06899938,-0.55997413
-0.042765345,-0.8582066
-0.053360187,-0.8320351
-0.038416702,-0.8148532
-0.18851979,0.57940996
-0.03942883,-0.81747335
-0.03784935,-0.81553835
-0.19577391,0.59545034
-0.19038111,0.5786708
-0.03917051,-0.8200472
-0.041222148,-0.8241898
-0.04049135,-0.81767374
-0.17038961,0.58235013
-0.038304444,-0.81741077
0.023149837,-0.903272
-0.038973704,-0.8150097
-0.1786673,0.4936143
-0.038536225,-0.8158791
-0.03843277,-0.8157093
-0.05679832,-0.87137485
-0.017810075,-0.15387233
-0.066095725,-0.84643203
-0.037993096,-0.81333643
-0.037840374,-0.8148255
-0.035000723,-0.8142671
-0.038129345,-0.8181501
-0.19646184,0.5829733
-0.15960549,0.51384944
-0.17779389,-0.7128902
-0.039222535,-0.8177237
-0.039744534,-0.8179242
-0.03981521,-0.8156061
-0.18804243,0.58614075
-0.19464684,0.5946762
-0.18850762,0.58476573
-0.18104021,0.59233993
-0.18746157,0.57631826
-0.19106057,0.5998472
-0.039886698,-0.82071495
-0.038694665,-0.81754506
-0.03289255,-0.8102255
-0.03871584,-0.8152358
-0.1925947,0.5935493
-0.1884924,0.5836813
-0.038619027,-0.81675136
-0.038489405,-0.8172361
-0.03877088,-0.81554335
-0.03751366,-0.84011215
-0.03928301,-0.81460404
-0.19374399,0.5986147
-0.050491657,-0.36499745
-0.03939424,-0.8147942
-0.04004609,-0.8228107
-0.0033356962,-0.860594
-0.0013682473,-0.87964964
-0.18863975,0.583919
-0.03839217,-0.8160331
-0.13791877,-0.7736779
-0.21913348,-0.82339466
-0.19691192,0.578583
-0.03786194,-0.82070607
-0.03652592,-0.8411579
-0.21481447,-0.69467986
-0.03701599,-0.81655383
-0.18623774,0.5783872
-0.022240188,-0.82076925
-0.18875583,0.5845555
-0.013702542,-0.8679025
-0.051135547,-0.8485833
-0.032073736,-0.8108612
-0.18893069,0.58471984
-0.19870746,0.5965578
-0.038982693,-0.8151875
-0.17124002,0.5658576
-0.18847254,0.5836616
-0.18966365,0.5854311
-0.21860114,0.56441915
-0.058015626,-0.88129467
-0.032955628,-0.81979376
-0.03977101,-0.8196533
-0.17400132,-0.793917
-0.038659837,-0.8155733
-0.038833577,-0.8188973
-0.07285941,-0.79067796
-0.17740951,0.5812496
-0.038346436,-0.81748253
0.063973606,-0.64543104
-0.18885894,0.5911861
-0.028033005,-0.81510204
-0.03851499,-0.8154338
-0.18867843,0.5852792
-0.038031567,-0.8173788
-0.037411544,-0.8152236
-0.18883672,0.5823343
-0.19248344,0.58930457
-0.1888126,0.58399844
-0.19302386,0.58374983
0.046998173,-0.8133943
-0.18817525,0.5888055
-0.1897111,0.58541
-0.046991087,-0.8032861
-0.041605595,-0.8866242
-0.18370824,0.56824267
-0.03936614,-0.81673914
-0.2437972,-0.735043
-0.18828543,0.5833578
-0.18905532,0.5843173
-0.047575243,-0.82040423
0.060538515,-0.8929802
0.061687414,-0.4942248
-0.19871657,0.58487386
-0.18633674,0.5815703
-0.044081967,-0.88264096
-0.19286485,0.60090137
-0.04345266,-0.78478223
-0.1816043,0.61070687
-0.18867464,0.5887032
-0.038921583,-0.8155312
-0.03924926,-0.81599957
-0.03858576,-0.81731606
-0.03994963,-0.8177246
-0.03956461,-0.8176039
-0.040407237,-0.81794107
-0.18712454,0.5824034
-0.028845942,-0.6753805
-0.18376595,0.5632604
-0.18953232,0.58437145
-0.10145594,-0.8736832
-0.19822331,0.60857034
-0.038735025,-0.81700194
-0.18914443,0.5852163
-0.030117832,-0.8090296
-0.03867976,-0.81580216
-0.20491718,0.5680391
-0.03859549,-0.81721115
-0.110068955,0.1320501
-0.0395587,-0.8902596
-0.19902022,0.57392454
-0.18707933,0.58276814
-0.2014234,0.5968687
-0.18981324,0.5841505
-0.039524052,-0.8184817
-0.08777332,-0.8246494
0.04143355,-0.6717081
-0.041219752,-0.8237313
-0.038406044,-0.8156508
-0.039771225,-0.8182509
0.22912484,-0.79164815
-0.030729493,-0.8250035
0.089953914,-0.8350989
-0.21185681,0.5829249
-0.03684172,-0.8149141
-0.06276087,-0.8366374
-0.03881082,-0.81487006
-0.20636736,0.572675
-0.18563879,0.5876601
-0.03725073,-0.81624705
-0.16560169,0.57268006
-0.18591836,0.5837744
-0.18939738,0.57655233
-0.03812678,-0.81539994
-0.011105012,-0.86228025
0.1299671,-0.8198
0.029277166,-0.88560694
-0.22591193,-0.78240883
-0.041174397,-0.8211651
-0.18553439,0.014883001
-0.06020629,-0.81806284
0.039899327,-0.8232373
-0.040393356,-0.8188255
-0.18906903,0.58515996
-0.036282133,-0.8160275
-0.036855046,-0.8171782
-0.03874508,-0.8179432
-0.18782936,0.58917475
-0.039583676,-0.81696033
-0.084393755,-0.815061
-0.19037315,0.5911104
0.07226606,-0.8739357
-0.08601088,-0.57146543
0.107492626,-0.2131609
-0.19112928,0.58932173
-0.038562715,-0.81665635
-0.18857326,0.585426
-0.18880177,0.58382565
-0.03935148,-0.82008845
-0.17582217,0.3831897
-0.038253564,-0.81709003
-0.0039131143,-0.8390782
-0.020408789,-0.8365197
-0.18829729,0.5848721
-0.1887773,0.584626
-0.18881397,0.5851462
-0.039178573,-0.8181559
-0.039073106,-0.81555855
-0.0016894325,-0.80579746
-0.1898367,0.5844804
-0.1517491,-0.8990895
-0.18977927,0.5860081
-0.045592103,-0.8294842
-0.21341006,0.5907117
-0.19042161,0.586565
-0.03731829,-0.8160915
-0.038585316,-0.815567
-0.15122971,0.56649804
-0.18889959,0.598188
-0.06657604,-0.82902795
-0.038100664,-0.8166036
-0.18887866,0.5850656
-0.09152179,-0.8910618
-0.17992657,0.56791675
-0.0399239,-0.8187874
-0.18861836,0.5850386
-0.15635641,0.57159716
-0.1893955,0.58415496
-0.18828662,0.59891933
0.028159445,-0.5577156
-0.038999967,-0.81522787
-0.29305437,-0.75951415
-0.10101842,-0.88322437
-0.1891018,0.5857233
-0.18845665,0.5840769
-0.1576053,-0.70544475
-0.18412493,0.56939393
-0.17686798,-0.87836826
-0.19016036,0.59346324
-0.03831161,-0.817439
-0.19699238,0.58328366
-0.19167155,0.5955612
-0.15185747,-0.46411157
-0.18395314,0.59117717
-0.09724644,-0.27626678
-0.17383182,0.5971243
-0.18866967,0.58481485
-0.17162535,0.5710543
-0.03888993,-0.8170978
-0.19023454,0.58786154
-0.037059557,-0.8154731
-0.028845334,-0.8255412
-0.18847694,0.5840653
-0.03933422,-0.8111375
-0.1948552,0.6102154
-0.18840908,0.58645386
-0.034031592,-0.81214434
-0.039334644,-0.81776047
-0.038428612,-0.81849843
-0.1873392,0.57985693
-0.03957412,-0.81568795
-0.05563762,-0.809209
-0.055053957,-0.81771195
-0.09657061,-0.655339
-0.11981402,0.025311694
-0.051650744,-0.9082349
-0.03853731,-0.818452
-0.056611404,-0.8658306
-0.19592462,0.58043
-0.01616252,-0.6739855
-0.18408477,0.5963087
-0.038777296,-0.8177161
-0.054680794,-0.83772135
-0.18907164,0.58480155
-0.18825786,0.5845696
-0.19003499,0.58618855
-0.034019772,-0.8163277
-0.1895113,0.58470684
-0.17431189,0.10901427
-0.18244553,0.58832836
-0.03848993,-0.8163401
-0.04962908,-0.8221822
-0.19346811,0.55182505
0.036671806,-0.90913355
-0.038306866,-0.8153445
-0.03838201,-0.8178197
-0.037967935,-0.81613016
-0.037543394,-0.8188489
-0.18832871,0.5854485
-0.035313185,-0.82865953
-0.04048206,-0.81712866
-0.006946262,-0.87480474
-0.09710315,-0.8060454
0.030695235,-0.5282636
-0.18973507,0.5873451
-0.1885362,0.58427584
-0.18849185,0.5849892
-0.037755482,-0.8149358
-0.19500339,0.5297716
-0.193791,0.58630997
-0.18865685,0.58409876
-0.18809837,0.5867809
-0.050800517,-0.8088844
-0.039036043,-0.817936
0.12041297,-0.85421544
-0.18938659,0.5840584
-0.09328674,-0.29706052
0.012517215,-0.89957553
-0.038915753,-0.81437695
-0.18889964,0.58492565
-0.03940656,-0.8185896
-0.1889522,0.5842674
-0.21258216,0.59991145
-0.037805222,-0.816139
-0.13567556,0.4023899
-0.038836062,-0.81777406
0.010286235,-0.83600694
-0.19123523,0.5953832
-0.063680395,-0.84755254
-0.19357198,0.59034926
-0.037424866,-0.81817573
-0.18526083,0.5933738
-0.03961938,-0.8160083
-0.18810697,0.5835609
-0.18792948,0.5828782
-0.19787101,-0.6484412
-0.23116772,0.5257818
-0.035737712,-0.82195497
-0.19446275,0.5924716
-0.18967761,0.5836118
0.11444222,-0.87984854
-0.16604373,0.5735091
-0.03876758,-0.8189212
-0.18805161,0.58468056
-0.17657778,0.5699483
0.04684127,0.14922062
-0.18216787,0.5497503
-0.19356765,0.5701489
-0.18768965,0.58448964
-0.18932474,0.5852738
-0.038743872,-0.81545293
-0.11882192,-0.3536505
-0.18976031,0.5862686
-0.040803507,-0.8154562
0.039977822,-0.87216485
0.0077336514,-0.8530363
-0.19017428,0.58374655
-0.18945512,0.5850688
-0.039056778,-0.81772196
-0.018324167,-0.8611732
0.0030077922,-0.8539472
-0.038014326,-0.81580377
-0.04543663,-0.8169187
-0.19489673,0.5927169
-0.039599933,-0.8216773
-0.18876205,0.5844784
-0.18956721,0.585915
-0.040703267,-0.81808764
-0.03894281,-0.8184225
-0.0575213,-0.5103363
-0.03840786,-0.81478864
0.079942115,-0.76677287
-0.18905434,0.5884765
-0.19018273,0.58639604
-0.19409569,0.5850933
-0.07731011,-0.5458777
-0.038833577,-0.81587684
-0.039708175,-0.8186721
-0.18754251,0.58335334
-0.031914458,-0.8312395
-0.18925774,0.58574206
-0.048897088,-0.86880547
-0.039593723,-0.81887287
-0.03756617,-0.8180519
-0.039813153,-0.8163147
-0.1877908,0.58026737
-0.18769705,0.59886545
-0.039753705,-0.8298458
-0.24757682,0.06778763
0.06833517,-0.8134132
0.03988407,-0.8125481
-0.041021682,-0.83275414
-0.1935691,0.58930725
-0.1690292,0.6069152
-0.039704643,-0.8174382
-0.07788596,0.476288
-0.18891488,0.5852071
-0.03600479,-0.62751204
-0.07142425,-0.49730456
-0.03838628,-0.8152
-0.18791275,0.5830926
-0.039057672,-0.81745625
-0.18884246,0.58358943
-0.039230574,-0.8168375
-0.14646147,-0.5804007
-0.0031654476,-0.884866
-0.3019003,-0.80734736
-0.037111133,-0.8172713
0.094050415,-0.85598224
-0.039420225,-0.8225883
-0.0038035163,-0.7769251
-0.038911834,-0.82469857
-0.18895309,0.58494556
-0.039680604,-0.81666964
-0.1895814,0.58601063
-0.21265085,0.5626397
-0.14354895,-0.8619301
-0.0387613,-0.8147561
-0.18871279,0.5851184
-0.17937642,-0.8809107
-0.18905091,0.58512604
-0.18311642,0.5998736
-0.18968125,0.5901388
-0.21657391,0.50168884
-0.037434783,-0.816411
0.006417159,-0.9120334
-0.038670413,-0.81811744
-0.18887004,0.5852738
-0.039707083,-0.8404554
-0.11034561,-0.6000657
-0.045794103,-0.7724463
-0.038372215,-0.8166441
-0.039347067,-0.8182251
-0.19143835,0.57737833
-0.0077686002,-0.89337206
-0.05228664,-0.8468518
-0.18911058,0.5849004
-0.18861972,0.5855046
-0.19486558,0.5875634
-0.023682367,-0.8063243
-0.19314907,0.57693624
-0.18894169,0.5848899
-0.041936267,-0.83258474
-0.042465452,-0.82507646
-0.18818852,0.5846691
0.07999737,-0.6975706
-0.03933185,-0.8177126
-0.16902079,0.613659
-0.18736489,0.5721607
-0.037523292,-0.8173157
-0.19182442,0.59539455
-0.1887147,0.5846958
-0.15281226,-0.737862
-0.038852938,-0.8195664
-0.038935773,-0.81862015
-0.18932313,0.5847897
-0.18860413,0.5829182
0.028030045,-0.86623305
-0.16852008,0.582962
-0.03835124,-0.8159562
-0.18891135,0.58475506
-0.034397863,-0.8257449
-0.18672283,0.580211
0.022714242,-0.8313512
-0.1379578,0.549221
-0.18910898,0.58514374
-0.01333864,-0.7828821
-0.16817765,0.5132883
-0.03861536,-0.8157642
-0.039199915,-0.81567025
-0.0006657065,-0.8685219
-0.18875691,0.58345556
-0.038039934,-0.81576496
-0.19087888,0.5920117
-0.18839714,0.58583
-0.18717726,0.583453
-0.18891497,0.5844917
-0.20140858,0.5797435
-0.040318422,-0.8180399
-0.18476003,0.5827261
-0.18486284,0.5723998
-0.1877132,0.58199835
-0.038803913,-0.8154308
-0.035545573,-0.8450103
-0.039751045,-0.8167681
-0.2036822,0.5780305
-0.17581625,0.590847
-0.18413219,0.59518737
-0.039134804,-0.81502956
0.096924186,-0.88386667
-0.18401812,0.5881682
-0.21059228,-0.80455965
-0.18824469,0.5832902
-0.18945752,0.58490646
-0.028664576,-0.81074286
-0.03888031,-0.81706065
-0.038013592,-0.8178369
-0.18866621,0.5857698
-0.03944517,-0.81538385
-0.18758897,0.5823043
0.014564279,-0.82539904
-0.18962656,0.5856504
-0.24764581,-0.83914864
-0.15349208,0.5691114
-0.038374297,-0.8174297
-0.19167052,0.38980523
-0.08850796,-0.9048853
-0.17670687,0.57408154
-0.14584997,-0.63500774
-0.021433119,-0.8515943
-0.17887035,0.58857125
-0.038473666,-0.8182327
-0.17835589,0.59534067
-0.030329814,-0.8052535
-0.027265616,-0.82332325
-0.02083578,-0.81661034
-0.18904133,0.584894
-0.039289143,-0.81492233
-0.032963052,-0.6876786
-0.18926838,0.58558947
-0.03735055,-0.81794345
-0.19151813,0.586143
-0.039368607,-0.8171015
-0.039733488,-0.81864953
-0.08534533,-0.6989826
-0.038068697,-0.81550413
-0.039471447,-0.81526434
0.06125338,-0.8832162
-0.19691427,0.5971207
-0.17707591,0.5625992
-0.009670476,-0.88597906
-0.038161814,-0.8159446
-0.18844596,0.58485574
-0.040223423,-0.81499267
-0.21545804,0.5299994
-0.03926292,-0.8185807
-0.03883593,-0.8189263
-0.18859023,0.5835984
0.04007657,-0.87691694
-0.2291203,-0.048773743
-0.18772878,0.5823086
-0.18865906,0.5838445
-0.17165634,0.60468096
-0.03942486,-0.8169835
-0.064226255,0.30995622
-0.12861133,-0.883102
-0.03886061,-0.8176998
-0.17903394,0.601621
-0.18898185,0.5844443
-0.038431663,-0.8163022
-0.038906094,-0.8180901
-0.23302521,0.28329498
-0.18908091,0.58523214
-0.038104158,-0.8183409
-0.0482659,-0.837396
-0.18872365,0.58350295
-0.19058418,0.6010264
0.09522861,-0.8715056
-0.038585357,-0.8151973
-0.18992342,0.5861108
0.075855106,-0.39719927
-0.18977013,0.5878929
-0.04279377,-0.8235447
-0.041302815,-0.8206428
-0.08108759,0.4637404
-0.18261671,0.5656933
-0.18831071,0.5843468
-0.039604068,-0.81976837
-0.051499005,-0.08983848
-0.20727554,0.47902375
-0.18849753,0.58508927
-0.20141093,-0.49248055
-0.03891413,-0.8150914
-0.18836449,0.5851304
-0.038414028,-0.8165156
-0.19048685,0.5833281
-0.18913193,0.58462685
-0.039917897,-0.8158484
0.012816241,-0.82117426
-0.12847558,-0.8546831
-0.17255433,0.16045776
-0.039005697,-0.8160075
-0.19055916,0.58288956
-0.048584454,-0.80235213
0.15223585,-0.45339787
-0.03921754,-0.81755954
-0.21771358,-0.8531116
-0.18915424,0.58532935
-0.038875464,-0.8160972
-0.18881406,0.5850305
-0.18880215,0.58353627
-0.20654462,0.6071655
-0.18967791,0.58933103
-0.193523,0.5929968
-0.1889046,0.5854492
-0.21056548,0.6038173
-0.033299945,-0.81518847
-0.18752326,0.58311063
-0.20643485,0.5821
-0.019437743,-0.84130496
-0.03766812,-0.81749743
-0.06605491,-0.8436118
-0.18906242,0.5846814
-0.18827099,0.5832666
-0.024923068,-0.35649115
-0.12009994,-0.79997706
-0.1792278,-0.8799942
-0.18893653,0.5845848
-0.064051576,-0.8365384
-0.18794715,0.58363783
-0.0387011,-0.819291
-0.18912211,0.58518624
-0.1887966,0.5877913
-0.10028139,-0.8551765
-0.038678624,-0.8152701
-0.031117825,-0.80232954
-0.040206578,-0.8152357
0.030806186,-0.77714133
-0.18809515,0.5834741
-0.18418738,0.5865037
-0.18319733,0.57117414
-0.18905075,0.5853964
-0.03881034,-0.81816685
-0.037634984,-0.8245335
-0.038850132,-0.8151949
-0.03735444,-0.83230716
-0.03954958,-0.81806576
-0.18722686,0.6060212
-0.20211382,-0.55903596
-0.049104977,-0.8384801
-0.18988459,0.59188324
-0.038043067,-0.81810206
-0.03928966,-0.81915015
-0.03820656,-0.8183142
-0.18926321,0.5849238
-0.043106366,-0.8224432
-0.038250763,-0.81773
0.029252173,-0.8602404
-0.036810793,-0.8176954
-0.038059615,-0.8165449
-0.014725979,-0.73012954
-0.03930362,-0.81703955
-0.1861932,0.5762349
-0.15670575,0.27812204
-0.037807208,-0.81781465
-0.21034253,0.5711356
-0.20571202,0.58763444
-0.18854888,0.5843519
-0.03795873,-0.81666076
-0.04614258,-0.6016677
0.13474102,-0.7551094
-0.038166303,-0.81827515
-0.18963052,0.5844518
-0.040767424,-0.8149852
-0.18876019,0.606461
-0.03812577,-0.8165368
-0.05236933,-0.624411
-0.045325648,-0.82025635
0.037989,-0.8973618
-0.18821022,0.5849483
-0.18891305,0.5845101
-0.18889065,0.5851992
-0.0392909,-0.81801337
-0.12022275,-0.8480974
-0.2541256,-0.8560528
-0.08876209,-0.7829659
0.05414634,-0.87708485
-0.039472196,-0.81836295
-0.18941939,0.58528376
-0.20818059,0.59104836
-0.17309506,0.577579
-0.19575027,0.5843904
-0.20940837,0.5869164
0.12483164,-0.6523995
-0.21292126,-0.81993747
-0.19058916,0.5686294
-0.19312745,0.58312404
0.06008456,-0.8465173
-0.03914554,-0.81872034
-0.0393122,-0.81793404
-0.21168053,0.11963177
-0.038532827,-0.81756
-0.17855458,0.5935405
-0.03912198,-0.81571496
-0.038619716,-0.8183389
-0.18954267,0.57822776
-0.066158354,-0.36390075
-0.03903825,-0.8181908
-0.18745312,0.57728726
-0.03745259,-0.8171392
-0.1888694,0.58524215
-0.03772515,-0.81535816
0.15181416,-0.8045613
-0.1907968,0.58653754
0.024870336,-0.815011
-0.038202498,-0.81799376
-0.18900464,0.5851272
-0.1957518,0.5837248
-0.03825,-0.8175731
-0.04558995,-0.8340304
-0.026093403,-0.082132585
-0.038938403,-0.817178
-0.020883624,-0.8144143
-0.19447389,0.584184
-0.18873717,0.5851056
-0.18588416,0.59665716
-0.06870148,-0.76613724
-0.038177688,-0.81644356
0.064584345,-0.6498615
-0.19652247,0.5772815
-0.041482244,-0.82184637
-0.038639624,-0.81801426
-0.044411782,-0.8042572
-0.071405075,-0.8716776
-0.039378773,-0.81819177
-0.03873434,-0.81477755
-0.1890545,0.58429766
-0.02793583,-0.17007941
-0.18877518,0.5853455
-0.03932494,-0.816031
-0.03760205,-0.81808823
-0.06078144,0.39623672
-0.18898335,0.5845594
-0.0010295563,-0.8147479
-0.040821604,-0.8154453
-0.038371973,-0.8154953
-0.18414517,0.5812246
-0.045530725,-0.86162865
-0.18911253,0.585344
-0.03829993,-0.81866145
-0.04225328,-0.82807654
0.07096776,-0.8412202
-0.18840852,0.58411384
-0.18835786,0.5820752
-0.21095875,0.6272359
-0.28591967,-0.789971
-0.03787635,-0.8142589
-0.074496694,-0.90588355
-0.19402751,0.59484017
-0.038430605,-0.8155327
-0.18518217,0.57841796
-0.17354238,0.5586982
-0.03342531,-0.8336191
-0.18245946,0.5784147
-0.20813197,0.5911146
-0.1832703,0.57414746
-0.06159895,-0.7938955
-0.1924269,0.5979635
-0.03886039,-0.8155021
-0.057699513,-0.8298483
-0.0367257,-0.8172913
-0.17576666,0.5931236
-0.18794031,0.583213
-0.07237019,-0.8993953
-0.09676121,-0.8872927
-0.05350555,-0.84927577
-0.18851528,0.5836778
-0.038803145,-0.8150918
-0.18471953,0.5763586
-0.038617995,-0.8183628
-0.19080774,0.5813677
-0.038914133,-0.81816125
-0.20912175,0.40210146
-0.038537808,-0.8180977
-0.15090233,-0.63986725
-0.18824686,0.58581805
-0.14961693,-0.8191613
-0.18486466,0.57429385
-0.18848987,0.5831804
-0.19024105,0.5856567
-0.03932134,-0.81720084
-0.20134673,0.5778035
-0.053478036,-0.8933212
-0.03828023,-0.7953005
-0.1451709,0.541055
-0.03834107,-0.8171307
-0.038516585,-0.8157038
-0.18882333,0.5843254
-0.061851952,-0.81271553
-0.03900411,-0.81774336
-0.20256722,-0.6350703
-0.11169336,-0.8913306
-0.041201822,-0.81443197
-0.1899788,0.58109874
-0.03973164,-0.8179043
-0.30897054,-0.5525193
-0.036185548,-0.8145567
-0.04234255,-0.815614
-0.18128113,0.5900875
-0.16993581,0.56819767
-0.038734622,-0.81750566
-0.18832159,0.5786722
-0.037352953,-0.8153977
-0.1872134,0.5838949
-0.19045135,0.5807718
0.08745229,-0.87950355
-0.039226037,-0.81795794
-0.035660446,-0.8166521
-0.03734432,-0.82510346
-0.03868549,-0.8150187
-0.18793054,0.5820919
-0.20869422,0.583062
-0.045148965,-0.82506317
-0.03467892,0.2735694
-0.1880103,0.5873681
-0.038372338,-0.8162131
0.04166681,-0.8634079
-0.06507255,-0.11881406
-0.07819681,-0.048084065
0.027681042,-0.74124324
-0.03880095,-0.8166604
-0.03986556,-0.8175676
-0.18904452,0.583775
-0.18918318,0.58433163
-0.039529745,-0.8322608
0.112781376,-0.6871993
0.0054902844,-0.9068274
-0.19194557,0.58668095
-0.18695031,0.5776946
-0.05981556,-0.78557754
-0.038039975,-0.8161151
-0.025602523,-0.819725
-0.18880752,0.5798613
-0.1884205,0.5809303
-0.038879074,-0.81497836
-0.14076744,-0.35299355
-0.038280185,-0.81754434
-0.038720787,-0.8447132
0.009212629,-0.84455687
-0.18421358,0.579635
-0.1884085,0.5827345
-0.18970242,0.58575064
-0.18930346,0.58542335
-0.19251825,0.5937212
0.06879425,-0.8698916
-0.045317393,-0.8291494
-0.19019887,0.587898
-0.03872993,-0.81804067
-0.037097435,-0.81661826
-0.03629595,-0.9352884
-0.037988815,-0.8174711
-0.18884885,0.58488613
-0.18981089,0.586694
-0.03901218,-0.81777126
-0.002322825,-0.42862582
-0.06474722,-0.07961857
-0.014318566,-0.8003292
-0.1885688,0.5847616
-0.043398343,-0.8209594
-0.038108196,-0.81605905
-0.18859646,0.5842002
-0.038165387,-0.81625444
-0.19362164,0.59043324
-0.18692595,0.5879101
-0.18936604,0.5850871
-0.061442383,-0.8302325
-0.07079988,-0.16864589
-0.18778986,0.59507275
0.036590677,-0.8283452
0.092593364,-0.88900167
-0.10056539,0.28512698
-0.143783,0.3141738
-0.0630826,-0.8615702
-0.116376646,0.11993811
0.062384233,-0.3139282
-0.18904752,0.5849133
-0.08449836,-0.75968945
-0.18880786,0.5837155
-0.18806499,0.5830423
-0.18888675,0.5844323
-0.04286101,-0.833407
-0.039042436,-0.81728154
-0.18917894,0.58407825
-0.10221177,0.4920002
-0.03880836,-0.8166521
-0.06837236,-0.883498
-0.1655375,0.5957898
-0.18834348,0.58362347
-0.19426201,0.5896498
-0.03866914,-0.8157593
-0.18815011,0.5840869
-0.0234119,-0.8679235
-0.021460397,-0.8337404
-0.2477234,-0.7617404
0.031264663,-0.8466192
-0.03898468,-0.81683505
-0.041084804,-0.8195938
0.12822251,-0.83126175
-0.11318763,0.45780733
-0.03902629,-0.81665796
-0.03862944,-0.81643003
-0.1895661,0.58505076
-0.03828426,-0.8153175
-0.04122469,-0.89155054
-0.18828547,0.58460754
-0.1559459,0.58067036
0.025275685,-0.85946465
-0.03813485,-0.8150256
-0.040225517,-0.8167194
-0.18888485,0.5844981
-0.19471882,0.5374506
-0.1608236,0.4649233
-0.18875003,0.5850717
-0.053161982,-0.79128045
0.0066250055,-0.3694478
-0.040757183,-0.8185899
-0.040194646,-0.8135862
-0.038120706,-0.81817305
-0.038959112,-0.81729496
-0.19238588,0.58756363
0.093648456,-0.76413757
-0.19385855,0.5896081
-0.03991987,-0.8184445
-0.21730101,0.48321444
0.02146609,-0.8827129
-0.19112137,0.5937827
-0.18927372,0.58561385
-0.1920438,0.5897771
-0.025779556,-0.9010072
-0.03603191,-0.8117964
-0.19163713,0.5884359
-0.039114032,-0.8193975
-0.06933541,-0.84470695
-0.1925875,0.5891899
-0.038547546,-0.8162761
-0.038290996,-0.8153325
-0.039689794,-0.8185378
-0.035606317,-0.6655606
-0.010409762,-0.83735186
-0.039312616,-0.8150997
-0.1881635,0.5848647
0.019438487,-0.8251877
-0.18919834,0.5843651
-0.17961587,0.6140331
-0.360653,-0.75054324
-0.03169253,-0.82511836
-0.0017361009,-0.8346102
-0.18874146,0.58353263
-0.03723352,-0.81734854
-0.18916912,0.584216
-0.18782677,0.5762959
-0.04093389,-0.8095297
-0.18939671,0.58747387
-0.03949944,-0.8163006
-0.1024608,-0.25434905
0.03974121,-0.57022357
-0.030321091,-0.8418764
-0.03830722,-0.8172532
-0.18887198,0.5853568
-0.18650648,0.57911575
-0.038963724,-0.81917226
-0.038837045,-0.81570214
-0.17355205,-0.86962706
0.04212223,-0.783563
-0.18887487,0.57103425
-0.16954687,0.5914696
-0.18842155,0.58892393
-0.1894495,0.5857349
-0.02074694,-0.7066106
-0.10734068,-0.8508886
-0.16684018,0.54334784
-0.28777003,-0.5192043
-0.03777889,-0.8154786
-0.18880472,0.5849875
-0.03963119,-0.8188497
-0.18935488,0.58970743
-0.18884778,0.5849859
-0.1791787,-0.8794623
-0.14529884,0.38263053
-0.039309654,-0.81772745
-0.039349917,-0.81671715
-0.19044854,0.58783877
-0.03907228,-0.82280046
-0.15184721,0.56608975
-0.18885437,0.584646
-0.037858848,-0.81624013
-0.039317336,-0.81517816
0.044340502,-0.87313837
-0.18893752,0.5851184
-0.07457637,-0.86502916
-0.18940471,0.58584666
-0.03861336,-0.81848097
0.0055761756,-0.38686183
-0.19927543,0.58425766
0.012643293,-0.84887743
-0.0037647749,-0.8563399
-0.18933089,0.58533126
-0.039203692,-0.6314538
-0.19644284,0.584134
-0.18876743,0.58518535
-0.27363512,-0.7425787
-0.05233823,-0.81079715
-0.18713853,0.58026326
-0.037365355,-0.81680524
-0.04569561,-0.628316
-0.01176789,-0.8643659
-0.18868196,0.58233374
-0.18873756,0.58529896
-0.18988234,0.58480275
-0.20244388,0.3425533
-0.19085535,0.577204
-0.037810482,-0.81407934
-0.19567014,0.58481014
-0.18902045,0.585324
-0.18836679,0.58347094
-0.13273163,0.2054051
-0.10975416,-0.70195043
-0.19155632,0.5916938
-0.03978165,-0.8161134
-0.18881086,0.58527285
-0.040111728,-0.8175897
-0.11549148,-0.8055014
-0.18981335,0.5850054
-0.18763132,0.59238046
0.040219765,-0.8622126
-0.1861121,0.55844134
-0.03840772,-0.8163709
-0.039336998,-0.8154625
-0.1284812,-0.56497234
-0.073063925,-0.821757
-0.03878846,-0.81793755
-0.039530978,-0.8188848
-0.039223712,-0.8177508
-0.19046512,0.5869254
-0.037625626,-0.81560785
0.11750349,-0.8254067
-0.038530953,-0.81811094
-0.03879288,-0.8217037
-0.040118285,-0.81726086
-0.12123704,0.5462422
-0.03927821,-0.817296
-0.03901314,-0.8152649
-0.18909203,0.5849962
-0.034725916,-0.8604416
-0.02354728,-0.8249254
-0.0437148,-0.87230176
-0.03902604,-0.8183288
-0.18407165,0.580165
0.028850347,-0.8502152
-0.18839233,0.585265
-0.18993156,0.5860409
-0.040495902,-0.8171756
-0.18837866,0.58524823
-0.18873458,0.58414614
-0.18737553,0.5839603
-0.19215925,0.5832338
-0.188887,0.58457464
-0.038611688,-0.8178853
0.04919922,-0.904999
-0.037116934,-0.81631565
-0.038117625,-0.8154013
-0.1888506,0.5834203
-0.16372013,0.60003704
-0.11426806,-0.21407989
0.14594088,-0.86884654
-0.19224793,0.58329195
-0.18915075,0.5842598
-0.18898404,0.5845293
-0.054437533,-0.82125556
-0.042544287,-0.819386
-0.19409513,0.5787
-0.11388425,-0.683875
-0.18935186,0.5851348
-0.18927102,0.5847714
-0.19403085,0.6001845
-0.19169596,0.5985332
-0.03880097,-0.8152576
0.11367224,-0.73413706
-0.18822338,0.5839792
-0.20491886,0.6021242
0.07813642,-0.7868298
-0.16464898,0.5653377
-0.18902874,0.5829161
-0.18909773,0.58560765
-0.18837406,0.58431304
0.040634666,-0.8466407
-0.19534974,0.58765763
-0.12058104,-0.8526149
-0.18619628,-0.879716
-0.038678907,-0.81830007
-0.1902514,0.5891983
-0.18864492,0.58499414
-0.18966359,0.58965373
-0.18707792,0.58411884
-0.17166793,0.58951324
-0.038445488,-0.8185889
-0.039575838,-0.8186622
-0.0392296,-0.81523496
0.034891393,-0.87467825
-0.038849626,-0.8178019
-0.03843986,-0.81792086
-0.18873438,0.58454585
-0.1925578,0.5875704
-0.19148824,0.5473882
-0.17073044,0.5853995
-0.50284547,-0.5906735
-0.038095,-0.8157109
-0.18885535,0.58487
-0.039007086,-0.81776565
-0.1854763,0.5857874
-0.038890436,-0.81674343
-0.19415179,0.5885331
-0.18831512,0.58443284
-0.18106863,0.5868195
-0.18826143,0.5854905
-0.039474662,-0.81428915
-0.18862034,0.583957
-0.06625014,-0.90704554
-0.1894793,0.5852638
0.023287166,-0.8667595
-0.037154578,-0.8172821
-0.03867651,-0.8165351
-0.080827504,-0.8188776
-0.03677877,-0.8200144
-0.18667492,0.5799173
-0.042315923,-0.89388
-0.18701157,0.5915874
-0.18870214,0.5856037
-0.18463425,0.58498675
-0.115807,-0.6851776
-0.18904941,0.5850674
-0.03884666,-0.81661636
-0.19069423,0.58294404
-0.2181161,-0.8818514
-0.037037637,-0.8165959
-0.18850693,0.58469903
-0.041021883,-0.8177909
-0.2030388,0.58276385
-0.038482822,-0.81643075
-0.037827194,-0.8162986
-0.038116373,-0.81825507
-0.036936916,-0.8169887
-0.2105451,0.5874465
-0.038383223,-0.8178099
-0.10623975,-0.45063916
-0.18860634,0.5844158
-0.03818932,-0.8186311
-0.16510963,-0.24776785
0.08209495,-0.86850506
-0.13137753,-0.59493434
-0.03866108,-0.8152822
-0.03826249,-0.81573796
-0.04013003,-0.8185065
-0.03767006,-0.8162216
-0.16870798,0.48971835
-0.18830726,0.5925641
-0.18893756,0.58529556
-0.03918255,-0.8179082
-0.18877637,0.5858296
-0.18838452,0.58475935
-0.039119568,-0.81845057
-0.17769393,-0.8794367
-0.014775181,-0.8407739
-0.18866345,0.5835676
-0.18870679,0.58564156
0.038623035,-0.50073314
-0.14466716,-0.7642948
-0.22907121,0.5462405
-0.19441196,0.5896584
-0.039192624,-0.81511897
0.15965259,-0.68041724
-0.03976584,-0.8156717
-0.17248328,0.5477292
-0.1891425,0.5841728
-0.02840386,-0.8897966
0.022133717,-0.8733477
-0.18976553,0.5863793
-0.038742293,-0.8182755
-0.0680933,-0.8679435
-0.183738,0.5935458
0.0058513926,-0.1467961
-0.12611787,0.5176507
-0.02757167,-0.83448815
-0.0385676,-0.81909907
-0.1858155,0.57889307
-0.18871483,0.58537614
-0.18896224,0.5840009
-0.18873936,0.58514774
-0.039759263,-0.8151897
-0.19057964,0.5848559
-0.06430494,-0.72714853
0.073311485,-0.8787828
-0.2235075,0.5758494
-0.04044253,-0.8199979
-0.18893674,0.5828697
-0.026422074,-0.88665
-0.17283654,0.5690766
-0.18816328,0.585064
0.100809276,-0.8421754
-0.19549544,0.60023415
-0.1884515,0.581784
-0.038080476,-0.81888336
-0.057084765,-0.8203897
-0.037576515,-0.81670123
-0.019600473,-0.85445833
-0.18866415,0.59089667
-0.1843152,0.5769325
-0.038454942,-0.81417316
-0.039588682,-0.81592876
-0.039651874,-0.81813484
-0.18855065,0.5842352
-0.16855046,0.59320855
-0.18949091,0.5841995
-0.07152088,-0.82271975
-0.034401387,-0.81449926
-0.1888974,0.5842196
-0.18983202,0.58558095
-0.03785972,-0.8157666
-0.04516306,-0.80909616
-0.03953473,-0.8171484
-0.03494581,-0.8473962
-0.03930503,-0.8183824
0.014778342,-0.7939911
-0.048265208,-0.8188709
-0.013494557,-0.79372996
-0.20400248,0.5554096
-0.036606576,-0.81515
-0.18715075,0.58540833
-0.036490485,-0.81168556
-0.04039995,-0.8196249
-0.03751911,-0.816003
-0.1853465,0.5847471
-0.015092532,-0.7777863
-0.03271309,-0.81390065
-0.18201348,0.5892353
-0.048680987,-0.7143311
-0.19299744,0.5911122
-0.059203755,-0.838674
-0.039208405,-0.8172483
-0.039282877,-0.81578416
-0.038635034,-0.81556714
-0.08617659,-0.84643203
-0.042442854,-0.8145679
-0.0492236,-0.9030223
0.07760086,-0.7912048
-0.038909703,-0.8161623
-0.03816621,-0.8175106
-0.0394819,-0.8170536
-0.1764493,0.2672473
-0.041216414,-0.81825376
0.054846812,-0.9007888
-0.18214473,0.6058439
-0.03848274,-0.817019
-0.082164474,-0.8163322
-0.20783769,0.5987427
-0.16901009,0.48228988
-0.039043672,-0.8149084
-0.18866713,0.58479387
-0.18531618,0.5850012
-0.18328938,0.5611157
-0.18912962,0.585033
-0.18909937,0.5859921
-0.03889017,-0.81754005
-0.18798035,0.5898506
-0.040882222,-0.8171176
-0.03849874,-0.8175102
-0.18794207,0.5839836
-0.1822004,0.57623947
-0.055008553,-0.88314337
-0.07950077,0.18746202
-0.054271724,-0.8246735
-0.20692067,0.571051
-0.03911786,-0.8179259
-0.20654,0.58866155
0.023791771,-0.8664475
-0.18858759,0.585358
-0.03740291,-0.8186555
-0.18827964,0.58200383
-0.024739074,-0.84759426
-0.18826053,0.58412653
-0.1881089,0.58627546
-0.19253622,0.599281
-0.18855879,0.58427083
-0.03919257,-0.8166896
-0.18912187,0.5854779
-0.18850449,0.58491486
-0.17079554,0.59765786
-0.18878363,0.5845773
-0.037540145,-0.8181437
-0.18935929,0.58401936
-0.18859269,0.5837778
-0.010027359,-0.6466308
-0.18811774,0.5871078
0.07860482,-0.69661117
-0.20289102,0.58951455
0.10351499,-0.7656146
0.085503265,-0.80339783
-0.20136277,0.5896695
0.022935081,-0.8839184
-0.049840063,-0.8559589
-0.039088044,-0.8185043
-0.037841823,-0.81897676
-0.10996021,-0.81104547
-0.037879895,-0.81518203
-0.1883988,0.5840584
-0.18941471,0.5842079
-0.06456006,-0.6904061
-0.13429862,-0.25681603
-0.039179448,-0.8181956
-0.18886319,0.5846933
-0.025732327,-0.19273368
-0.1890109,0.58504766
-0.19021611,0.58529884
-0.18992497,0.5895759
-0.18936528,0.582639
-0.34281895,-0.712587
-0.15511213,-0.8536524
-0.18832392,0.5840491
-0.3131304,0.43283895
-0.038623095,-0.8189089
-0.1869565,0.57869977
-0.04016686,-0.8204691
-0.22728641,-0.70464385
-0.18887012,0.5895967
-0.19041385,0.5868978
0.0005363028,-0.8200589
-0.13740325,0.55919874
-0.0379907,-0.8166183
-0.038824737,-0.817845
-0.19961654,0.60246897
-0.024426008,-0.8075351
-0.04211393,-0.8181773
-0.18854658,0.5854158
-0.03812239,-0.81773067
-0.039631,-0.81741846
-0.19194214,-0.83681357
-0.18838355,0.58357745
-0.03254212,-0.83763796
-0.0025979122,-0.8255513
-0.18862891,0.5844319
-0.18847714,0.5842521
-0.12575865,-0.913549
-0.03846837,-0.8162222
-0.19157207,0.580503
-0.039374404,-0.81624115
-0.03793284,-0.8157336
-0.020685956,-0.832166
-0.039163064,-0.81688124
-0.040658757,-0.8148765
-0.038583383,-0.8180355
-0.038532663,-0.8177766
-0.03903186,-0.81503993
-0.056551747,-0.81767964
-0.18875778,0.5825052
-0.039445955,-0.8161174
-0.033738222,-0.8068501
-0.18489824,0.57869947
-0.037049428,-0.81776613
-0.18397656,0.5892967
-0.06029719,-0.89997643
-0.03821386,-0.81510013
-0.05035961,-0.8209603
-0.040816482,-0.8218398
-0.19259734,0.58926654
0.08016146,-0.62084955
-0.18870507,0.5846263
-0.009012948,-0.8575902
-0.18918729,0.5849255
-0.03811744,-0.81656194
-0.14113548,0.5420518
-0.19014247,0.5842234
-0.039479002,-0.8175483
-0.039108027,-0.81799555
-0.18429933,0.6016425
-0.19945984,0.5758112
-0.039644685,-0.8153471
-0.05548658,-0.8428031
-0.03916233,-0.8233119
-0.1881984,0.58386445
-0.18907289,0.58473307
-0.14984007,0.54164207
-0.3112239,-0.52009237
-0.12279696,-0.84258777
-0.18782052,0.58475983
-0.18733373,0.58173716
-0.039947636,-0.81651366
-0.032029025,-0.87339526
-0.26460302,-0.79414624
-0.12103798,-0.43271878
-0.0701202,-0.8430309
-0.18839148,0.5843296
-0.06210555,-0.73516726
-0.18888989,0.58428735
0.0037761193,-0.82114005
-0.1560701,0.48510408
-0.18865468,0.5841718
-0.19420831,0.59597135
-0.17196295,-0.82849
-0.19289227,0.5880862
-0.17797194,-0.87796515
-0.18859574,0.5843365
-0.03950509,-0.81682724
-0.03795542,-0.81574214
-0.19069022,0.5906325
-0.18873619,0.584592
-0.038876608,-0.81707937
-0.039416604,-0.81741095
-0.040111553,-0.8372038
-0.106127486,-0.87280464
-0.04009726,-0.8178924
-0.18999219,0.5854739
-0.1885564,0.58510625
-0.18833226,0.5787884
-0.19355685,0.5872305
-0.18896483,0.5851379
-0.035095174,-0.83632034
-0.18979502,0.58618456
-0.038109254,-0.81538177
-0.18803397,0.58817863
-0.022547053,-0.8338392
-0.18666263,0.5882496
-0.23889156,0.4869485
-0.18772028,0.5829126
-0.037734114,-0.80593973
-0.17755151,0.5861981
-0.1790116,0.59213746
0.008216486,-0.8657456
0.06614902,-0.8482652
-0.03957456,-0.816341
-0.038382735,-0.81910926
-0.19130443,0.5941196
-0.18919365,0.5854556
-0.090258375,-0.4677449
-0.038655773,-0.81578153
-0.038961135,-0.81473756
-0.04215747,-0.8127937
-0.19915073,0.57533026
-0.19376227,0.60828084
-0.039751783,-0.8172975
0.03558189,-0.89532673
-0.18852791,0.5833154
-0.18927881,0.5844766
-0.072861135,-0.8123653
-0.035405967,-0.8197016
0.08636076,-0.7582664
-0.18928325,0.5850838
-0.18896239,0.5861479
-0.18502828,0.5924656
-0.12541066,-0.4363717
-0.14151032,0.40193945
-0.028401675,0.33535033
-0.09169292,-0.86858094
-0.015059989,-0.87786895
-0.03632604,-0.81283724
-0.1888271,0.583696
-0.18840857,0.58498555
-0.19008932,0.5821612
-0.18704891,0.57267207
-0.038227048,-0.81799096
-0.18889995,0.58385545
-0.21067998,-0.16595244
-0.1867198,0.59103
-0.019532792,-0.8969227
-0.18902668,0.5855453
-0.07467372,-0.83353305
-0.03865458,-0.81453854
0.037877202,-0.87593424
-0.03935916,-0.8192754
-0.14536095,0.5896933
-0.038458213,-0.8175637
-0.082300134,-0.8193242
-0.18855634,0.58472043
-0.21592954,0.5779584
-0.22380471,0.23316857
-0.029920775,-0.8223611
-0.18863294,0.583976
-0.039148185,-0.81694824
-0.03663872,-0.817576
-0.045775052,-0.8300975
-0.038197868,-0.81605124
-0.18871385,0.58422375
-0.15032575,-0.8433225
-0.18857677,0.5843977
-0.037824858,-0.8150408
-0.15745814,-0.06829362
-0.043990355,-0.7941246
-0.037683886,-0.81901497
-0.08774863,-0.88788456
-0.12610453,-0.8212693
-0.040454417,-0.81658006
-0.038919847,-0.8173289
-0.18961188,0.58621186
-0.03962371,-0.8152513
-0.19832966,0.5869617
-0.028607883,-0.8311858
-0.18774894,0.5931871
-0.16511373,-0.78907025
-0.18050502,0.58949554
-0.05134442,-0.8463514
-0.039485138,-0.81559
-0.037706286,-0.81887335
-0.19687982,0.5868238
-0.037565287,-0.8159627
-0.22240627,-0.8187303
-0.2187237,0.53123844
-0.1948811,0.57824874
-0.040090878,-0.8349656
-0.047077842,-0.81520164
-0.10682489,-0.8557747
-0.04761693,-0.8291113
-0.034747563,-0.82239157
0.106603526,-0.87053907
-0.18908095,0.5841621
-0.056996632,-0.8141791
-0.038578156,-0.8152397
-0.03856967,-0.81789744
-0.038560227,-0.81788355
-0.03799112,-0.81679004
-0.17738268,0.6000514
-0.18788324,0.5811293
-0.10692381,-0.8917267
-0.039405577,-0.8178284
-0.083564855,-0.046447836
-0.039411128,-0.8181409
-0.035262063,-0.81260943
-0.18426582,0.5809298
-0.09817364,0.18779607
-0.19974168,0.5907569
0.0025515426,-0.82159925
-0.10166653,-0.6493254
-0.039636686,-0.81522334
-0.039487913,-0.8176417
-0.1650168,0.5329165
-0.039031953,-0.8137052
0.01940518,-0.9024164
-0.03588605,-0.81876045
-0.098536335,-0.82407194
-0.13383329,-0.8625213
-0.03774043,-0.8190137
-0.17721167,0.60420716
-0.037558217,-0.81662303
-0.049245577,-0.7547711
-0.039208483,-0.81769735
-0.18876037,0.58477217
-0.039201807,-0.8166123
-0.100165606,-0.89306885
-0.007389117,-0.7984316
-0.039311815,-0.8157832
-0.106988445,-0.66406864
0.033580583,-0.1153132
-0.18905295,0.58495545
-0.050450757,-0.81089383
-0.18878491,0.5849676
-0.10635522,-0.80541503
-0.005762243,-0.8986011
-0.18601388,0.60549206
-0.18854222,0.5847241
-0.18703888,0.5796878
-0.20856471,0.60030514
0.059700564,-0.6362235
-0.19178516,0.58917016
-0.046902914,-0.8235228
-0.18872403,0.5845354
0.03245242,-0.80326724
-0.03879867,-0.8181108
-0.03739599,-0.81558293
-0.039577525,-0.8169459
-0.19072512,0.59328306
-0.18442677,0.57552207
-0.03860501,-0.81814104
0.09845443,-0.6831379
-0.039675757,-0.8152254
-0.17266813,0.5829206
-0.24547483,0.5331079
-0.19080795,0.58239394
-0.1887234,0.5845335
-0.18962078,0.58509547
-0.03219961,-0.7964823
-0.15542945,-0.56667215
-0.18436012,0.59492826
-0.026993746,-0.82354623
-0.03895605,-0.81504667
-0.21329834,0.49703044
0.065639704,-0.44619945
-0.12001177,0.3838245
-0.21168035,0.35699147
-0.07192448,-0.88808084
-0.18915127,0.58458513
-0.039211348,-0.81850815
-0.037964523,-0.81569034
-0.037756238,-0.8181848
-0.18924756,0.5859482
-0.18886834,0.58254445
-0.23081166,-0.69612896
-0.03822105,-0.8176879
-0.18962112,0.58370864
-0.040981647,-0.8573362
-0.1890857,0.58196056
-0.041364264,-0.8139788
-0.052713018,-0.8125087
-0.19036166,0.5774844
-0.038507655,-0.81546414
-0.20602584,0.59139425
-0.074501164,-0.8640862
-0.043981936,-0.8097333
-0.1889085,0.5844649
-0.038895503,-0.817937
-0.040943164,-0.8175699
-0.03865794,-0.81717634
-0.034158718,-0.8157321
-0.03775094,-0.8154413
-0.18882649,0.58423007
-0.039612856,-0.8188915
-0.14036223,-0.7407226
-0.04042877,-0.8178336
-0.1874386,0.58183956
-0.043334316,0.37669918
-0.04014048,-0.81963795
-0.18625996,0.57799035
-0.18956466,0.5854017
-0.18491063,0.5723358
-0.1880119,0.5964252
-0.038263198,-0.81793755
-0.18863279,0.5849635
-0.13113299,-0.42614847
-0.054958433,-0.9081617
0.010134692,-0.85367584
-0.048884142,-0.81376696
0.074324615,-0.8179182
-0.0384411,-0.81686544
-0.040178638,-0.81821847
-0.0009262329,-0.86457914
-0.03933609,-0.8183144
-0.03790582,-0.81441253
-0.20270142,0.5956445
-0.0383163,-0.816098
-0.18623835,0.58561444
-0.048285868,-0.82769376
-0.18284808,-0.8893167
-0.04986775,-0.8045011
-0.17124079,-0.8903743
-0.040169276,-0.8273082
-0.04476091,-0.8623209
-0.19218929,0.59022325
-0.19142455,0.58812916
-0.038260326,-0.8155632
-0.17933036,0.5934198
-0.1949942,0.59095585
-0.03790873,-0.81870735
-0.18924029,0.5783856
-0.18885913,0.58474505
-0.018621242,-0.75063103
0.036277834,-0.8699602
-0.18888703,0.58493006
0.059866343,-0.8474111
0.022915293,-0.8865944
-0.18758944,0.51938003
-0.040153045,-0.81774443
-0.18886447,0.58458453
-0.18884307,0.583737
-0.093952246,-0.8263699
-0.06472232,-0.821276
0.043328892,-0.6477189
-0.0390817,-0.8183781
-0.03846448,-0.81555647
-0.21289729,0.44070274
-0.03891132,-0.8175937
-0.040485818,-0.8172293
0.08538692,-0.043346465
-0.19271377,0.58343923
-0.039680257,-0.81848794
-0.18392783,0.5892036
0.018389417,-0.8713868
-0.19624698,0.5889527
0.09407916,-0.83732826
-0.04688637,-0.61365694
-0.03925747,-0.8145152
-0.18736288,0.58558816
0.023910504,-0.8550204
-0.1814187,0.5689616
-0.067699894,-0.8761734
-0.035343293,-0.80755055
-0.011463766,-0.7026272
-0.18924677,0.58488244
-0.11327429,-0.8491285
-0.0378381,-0.8155706
-0.038635418,-0.8154538
-0.18861134,0.5830636
-0.22445293,0.5540087
-0.04023878,-0.81755185
-0.18887222,0.58450145
-0.03880479,-0.814319
-0.10291899,0.43295035
-0.18857254,0.58433235
-0.043148324,-0.8518161
-0.017504336,-0.8385603
-0.17508249,-0.89271826
-0.03948684,-0.81812626
-0.15104778,-0.7863341
-0.21994554,0.5902324
-0.039407946,-0.81823033
-0.03886943,-0.81763536
-0.18920052,-0.5870301
-0.012439779,-0.90183127
-0.037921544,-0.81535786
-0.03379907,-0.8376405
-0.039817225,-0.8154635
-0.27205443,-0.80780745
0.034515787,-0.50559455
-0.18899755,0.58336085
-0.034257624,-0.823049
-0.01725262,0.15153675
-0.03881656,-0.81435657
-0.038780347,-0.81544733
-0.19016276,0.5854714
-0.022988586,-0.89292467
-0.19196118,0.5771596
-0.03918301,-0.81804395
-0.12478951,-0.53078985
-0.18869089,0.58287
-0.03736658,-0.81620127
-0.0076150624,-0.8516658
-0.0385084,-0.8149367
-0.03890783,-0.81542695
0.08625918,0.045350775
-0.03903268,-0.8175147
-0.34120035,-0.7450529
-0.03921995,-0.8148407
-0.04379081,0.34666502
-0.19020185,0.58499825
-0.03493934,-0.817055
-0.19595337,0.58944607
-0.06016765,-0.8203897
-0.12006035,-0.21460852
-0.015118821,-0.8007724
0.03876886,-0.8595675
0.06199447,-0.78514355
-0.034855507,-0.81798524
-0.03945981,-0.8173716
-0.2073205,0.5860054
-0.11911179,-0.5770759
-0.054149628,-0.8496347
-0.1618997,-0.68489707
-0.019716341,-0.46754724
-0.039136026,-0.817429
-0.17038709,0.58668566
-0.20116639,0.5874041
0.10574945,-0.6412724
-0.18593904,0.58094364
-0.03911371,-0.8186748
-0.038734343,-0.8193172
-0.008139475,-0.8350395
-0.18901603,0.585288
-0.03683833,-0.82125396
-0.19043559,0.59245044
-0.18489042,0.5849591
-0.19576004,0.5855838
-0.088271,-0.8461378
-0.17790964,-0.14440462
-0.20593363,0.5891022
-0.037870485,-0.81397194
-0.19220792,0.58803165
-0.038482543,-0.8172555
0.1410511,-0.6995761
-0.03848123,-0.81763244
-0.2835889,-0.768298
-0.17125976,-0.8706943
0.027015654,-0.6890663
-0.077092014,-0.88839984
-0.000358477,-0.8489482
-0.038260046,-0.8191155
-0.0393416,-0.8146596
-0.18886745,0.5843325
-0.13089676,-0.732242
-0.038761385,-0.81429183
-0.03886214,-0.8176543
-0.028535338,-0.8267904
-0.09485776,0.17058264
-0.03968393,-0.81646615
-0.034823403,-0.7771312
-0.03711761,-0.8164771
-0.037724473,-0.8143187
-0.18834892,0.58469963
0.04955715,-0.584288
-0.039438196,-0.8179794
-0.03840762,-0.81808454
-0.19049805,0.58854336
-0.18900502,0.58696496
-0.039421245,-0.8182036
-0.062407058,-0.8299003
-0.03971363,-0.816881
-0.038764123,-0.81677836
-0.18670557,0.6007132
-0.045727354,-0.7789277
-0.038727563,-0.81642187
-0.017752985,-0.81046796
-0.047351796,-0.87514615
-0.10947508,-0.85322195
-0.106010765,-0.80948734
-0.18290485,0.5750123
-0.18973814,0.5865009
0.017476315,-0.34622067
-0.039735973,-0.8184118
-0.07262693,0.32441577
-0.07829737,-0.54875237
0.049278185,-0.85809433
-0.09899226,-0.071035884
-0.04918125,-0.8453302
-0.19122124,0.579765
-0.1964415,0.58391786
0.07330402,-0.8666699
-0.017109957,0.027037712
-0.34115598,-0.71086526
-0.06748068,-0.75461483
-0.18850113,0.58469975
-0.04139229,-0.81879485
-0.038078148,-0.8149183
-0.05401445,-0.8319503
-0.009890688,-0.8686486
-0.12367268,-0.80768555
-0.05894922,-0.8448517
-0.046760913,-0.79013264
-0.038685035,-0.8160172
-0.041037098,-0.81047255
-0.037808996,-0.8162872
-0.037716378,-0.8155929
-0.036609907,-0.8118556
-0.18681338,0.5744389
-0.039647322,-0.819161
0.043305952,-0.85056126
0.03785485,-0.3055123
-0.03904926,-0.8158709
-0.18716824,0.5781115
-0.18208429,0.59922516
-0.04732987,-0.7344289
0.087907635,-0.7268885
-0.18837129,0.5842279
0.007310016,-0.7494088
-0.0392702,-0.8179667
-0.005801197,-0.456235
-0.19016802,0.58249956
0.0073055173,-0.86896497
-0.1792984,0.5849694
-0.18746331,0.5933913
-0.18815824,0.5831029
-0.038580835,-0.81994444
-0.038409583,-0.8146568
-0.03739032,-0.8193724
-0.188704,0.58482856
-0.18350852,0.58280516
-0.16860268,0.37446648
-0.039815143,-0.81769794
-0.18186359,0.5800008
-0.1421381,-0.5099127
-0.18140635,-0.8295605
0.035618443,-0.27855316
-0.0074836113,-0.790818
-0.20060116,0.5917954
-0.18822312,0.58307594
0.0027738488,-0.344658
0.0627003,-0.83653945
0.002716473,-0.9029824
-0.03962624,-0.8150953
-0.03923213,-0.8179711
0.01537797,-0.8230667
-0.050417162,-0.8048828
-0.039556567,-0.81527406
-0.19638851,0.5771253
-0.037678786,-0.81809586
-0.06797258,-0.86085117
-0.12042675,-0.6445495
-0.18938847,0.58470505
-0.17008857,0.5879844
-0.049116183,-0.8808134
-0.049332123,-0.8317779
-0.06413483,-0.83121437
-0.23505068,0.48962823
-0.096471906,-0.7860282
-0.020726327,-0.89847624
-0.04126098,-0.81928045
-0.045691933,-0.8257861
-0.18912031,0.5788368
-0.25452498,-0.17997412
-0.03929238,-0.81661737
-0.037801255,-0.815722
-0.040733345,-0.8159938
-0.007862749,-0.8347858
-0.03912878,-0.81788325
-0.18346003,0.5519166
-0.039625734,-0.8185833
-0.21909784,-0.68812567
-0.17396693,0.5818553
0.0055020605,0.17852381
-0.03886796,-0.38571247
-0.03923886,-0.8189579
-0.10980007,-0.78856975
-0.14304826,0.55307907
-0.024631537,-0.816837
-0.03842578,-0.81527203
-0.1953072,-0.5717165
-0.18922251,0.584822
-0.12794451,-0.76908123
-0.15527448,0.18567869
-0.037917215,-0.8168634
-0.026956877,-0.79844403
-0.18570474,0.5776988
-0.028800374,-0.80800563
-0.071097106,-0.737432
0.0137564065,-0.8657624
-0.1979482,0.5861901
-0.18198368,-0.8862385
-0.03873338,-0.8154108
-0.038661417,-0.8144727
-0.18823302,0.5842712
0.028913008,-0.87450284
-0.19457237,0.5452841
-0.18793283,0.58540446
-0.038598724,-0.8188175
-0.0385082,-0.81479543
-0.03840241,-0.8138426
-0.21032654,0.47653675
-0.30770192,-0.7957657
-0.093567386,-0.81976634
-0.03822755,-0.8156715
-0.03908554,-0.81830615
-0.2242664,0.53031677
-0.025647763,-0.74472666
-0.18860295,0.5839815
0.082504325,-0.8899482
-0.1768123,0.55831105
-0.324284,-0.7756523
-0.038571313,-0.8162056
-0.039274734,-0.81846374
-0.037836775,-0.8182337
-0.18864891,0.5844472
-0.20612104,0.6059217
-0.037539475,-0.8160984
-0.11191456,-0.9090907
0.08870042,-0.87516046
0.06155583,-0.76478195
-0.039413698,-0.8647063
-0.038720638,-0.8182738
-0.20624046,0.6066643
-0.06772638,-0.31451255
-0.03831718,-0.8154403
-0.040482834,-0.820718
-0.03816018,-0.81574744
0.05158249,-0.7498449
-0.067193374,-0.8805238
0.10093523,-0.7199131
-0.03851555,-0.81498855
-0.110672496,-0.70571077
0.00012776299,-0.8942724
-0.18802965,0.5822481
-0.14353757,-0.8492117
-0.18750396,0.5883722
-0.039621767,-0.8170419
-0.037690077,-0.8152755
-0.038973335,-0.8168099
-0.18847404,0.58412915
-0.10229335,-0.76218575
-0.039272655,-0.8179049
-0.11988781,-0.23532777
-0.040494025,-0.8146273
0.09655227,0.02806727
-0.09779032,-0.83088124
-0.18933192,0.5851703
0.00242843,-0.76985085
-0.04655414,-0.824585
-0.03889635,-0.81453377
-0.048406016,-0.84380686
-0.039120182,-0.81540763
-0.04059359,-0.8175041
-0.17841327,0.50963783
-0.17761594,0.5930302
-0.0040325024,-0.859786
-0.039350122,-0.8148917
0.046208844,-0.80045503
-0.18187252,-0.88419145
-0.037697874,-0.81809926
-0.082485564,-0.8149711
-0.18085471,0.56694406
-0.03748886,-0.8158509
-0.038975805,-0.8183895
-0.060176972,-0.9047674
-0.03774116,-0.816416
-0.07471309,-0.8566951
-0.038919616,-0.81735706
-0.054830592,-0.82831013
-0.038581427,-0.81497544
-0.10176702,-0.81158566
-0.03966827,-0.8141794
-0.039177876,-0.81501144
-0.14640474,0.50116366
-0.18545122,0.5992264
-0.03965596,-0.8179502
-0.23747694,0.29728818
0.13639252,-0.5724138
-0.35033855,-0.7501104
-0.35885152,0.1923808
-0.039652508,-0.81910783
-0.18963131,0.5854696
-0.18013637,-0.8740289
-0.040254578,-0.3278574
-0.029381528,-0.8144955
-0.18889132,0.58407784
-0.039019167,-0.8173499
-0.03918539,-0.81852776
0.04190832,-0.8769824
-0.030442674,-0.8412874
-0.20741592,-0.4434268
-0.0075660967,-0.8220238
-0.13766234,-0.87113404
-0.028235799,-0.8203559
-0.03880044,-0.8141975
-0.18878333,0.584288
-0.038785648,-0.8187474
-0.16071096,-0.8449982
-0.038189393,-0.8159065
-0.1887704,0.5850713
