0.28217706,0.52713114
0.10946188,0.2581762
0.061369315,0.9692802
0.106936164,0.2614483
0.061280962,0.9694642
0.11908239,0.20166393
0.06260373,0.96761394
0.065538734,0.92677987
0.0631263,0.9600227
0.06114313,0.9694263
0.058652725,0.970948
0.26040486,-0.02301347
0.108344115,0.25616544
0.28051588,0.14890338
0.06109753,0.96975434
-0.017311217,0.6793985
0.060772203,0.9694843
0.06103807,0.9690676
0.061629888,0.9685216
0.112498716,0.48469186
0.06435503,0.9684071
0.19896953,0.19295754
0.103773884,0.6309087
0.022436563,0.3374635
0.11654057,0.20893776
0.11053159,0.26300588
0.06111265,0.96908605
-0.08301692,0.25165644
-0.39639574,0.13179985
0.061070357,0.96917796
0.061201002,0.9694971
0.061109073,0.9690949
0.058451653,0.97058946
0.06346485,0.97093683
0.09400869,0.2265812
0.058955003,0.971248
0.06058678,0.96954614
0.060633823,0.97132117
0.10947472,0.26268196
0.06110125,0.96915716
0.061069913,0.9691504
0.12267356,0.27620178
-0.15672593,0.7709219
0.3794389,0.12643018
0.061205775,0.9689286
0.11155208,0.23277332
0.061066877,0.96899766
0.060931016,0.96871394
-0.37708348,0.47259426
0.058793183,0.9672734
-0.09134515,0.36278877
0.10693376,0.26255867
0.058311127,0.96859515
0.3211784,0.6671771
0.062766254,0.97056067
0.061047543,0.9691014
0.061080646,0.9690192
0.10929082,0.25679654
0.061075777,0.9697133
0.10927849,0.2571139
0.06213298,0.96925443
0.10731839,0.25443554
0.1369592,0.2965467
0.10770138,0.25615948
0.4252544,0.42804128
0.05952349,0.9732223
0.20200627,0.54763544
0.107965045,0.11853596
0.24881591,0.23389992
0.054077607,0.9084109
0.06102559,0.9689704
0.061898958,0.9678383
0.10964759,0.26168308
0.05930299,0.9688176
0.106793776,0.26270714
0.10734768,0.26373726
0.060320754,0.97016984
0.060956534,0.9688638
0.061116464,0.96875226
0.10954594,0.32696176
0.16996074,0.16698265
-0.002307695,0.1151034
0.11016549,0.26109216
0.061079804,0.9691532
0.2491592,0.64253485
-0.0068475846,0.77157
0.061063576,0.9691029
0.065413825,0.9655989
0.06105011,0.9690271
0.04704871,0.79697675
0.2376649,0.34809285
0.06004189,0.96955913
0.36191717,0.56482893
0.06435931,0.95859545
0.11091329,0.7690884
0.108991146,0.26032576
0.11093148,0.2584909
-0.16547431,0.09593441
0.060901027,0.969722
0.061026357,0.96924114
0.10890925,0.20890449
0.060952604,0.97091484
0.10423952,0.25825986
0.10709341,0.25791425
0.06116519,0.9690478
0.06298296,0.9653602
0.060261972,0.96921575
0.061046608,0.968955
0.061013307,0.9691842
0.10889637,0.2548193
0.17988032,0.18448071
0.06109998,0.96922445
-0.16399808,0.23711008
0.061065875,0.96912426
0.3251128,0.40272728
0.097580954,0.6882992
0.06079856,0.9685969
0.10963428,0.2633911
-0.43321648,0.2066611
0.32311916,0.13516678
0.059293933,0.9674034
0.059732277,0.9666985
0.06107566,0.9692237
0.06108195,0.96904004
0.06325786,0.9703136
0.06111129,0.9690456
0.06101717,0.9690446
0.1106211,0.25703633
0.06002903,0.96959233
0.10756002,0.2563029
0.063161545,0.97046334
0.060981743,0.96908456
0.11124591,0.29428157
0.059884336,0.9704864
-0.037635993,0.3663416
0.11102236,0.26277602
0.06074167,0.9702399
0.061413165,0.9688221
0.06105247,0.9691131
0.108867146,0.25900203
0.062022295,0.96921635
0.10748334,0.2645285
0.1718505,0.23888819
0.074994825,0.14703539
0.10748116,0.2552037
0.06107401,0.9692583
0.10700407,0.25890177
-0.00464273,0.76835537
0.04409376,0.16190293
0.11005167,0.25944456
0.061046228,0.9687368
0.23288067,0.13723636
0.109541,0.26434582
0.08905651,0.23707317
0.109288335,0.26431063
0.21595593,-0.009638013
-0.11172602,0.35315165
0.060330443,0.96467954
0.10948093,0.2611893
0.061096672,0.96909
0.12109514,0.2452806
0.1108871,0.277889
0.2228645,0.26036307
0.10939039,0.2635755
0.25315595,0.5224552
0.12618934,0.5245667
0.11063069,0.25722396
0.25256518,0.45752308
0.06322835,0.9703568
0.109281026,0.25399143
0.11489185,0.25323668
0.06166139,0.9689619
0.060948346,0.9672749
0.10653306,0.26250294
0.10811938,0.26313585
-0.11838923,-0.10030064
0.032892894,0.8656712
0.061156336,0.96909076
0.1094299,0.25824237
0.06078387,0.9695028
0.061070517,0.9690002
0.110113464,0.2602333
0.061175566,0.96958745
0.11051575,0.23401177
0.10701541,0.26218295
0.09261303,0.2410617
0.061560184,0.9700584
0.11065709,0.2606139
-0.03450083,0.84229815
0.1069794,0.25902668
0.06098444,0.96967274
0.05962011,0.9268798
0.10494408,0.26351762
0.111851,0.26708215
0.109917305,0.25552717
0.06084394,0.9683303
0.0605659,0.96929646
0.21356636,0.2560468
0.17480598,0.4377239
0.07776124,0.58648694
0.32046187,0.596672
0.06108447,0.9690793
0.060249913,0.9688703
0.061453614,0.9690516
0.060650196,0.9695825
0.12978101,0.2575468
0.056591585,0.94257414
0.06106424,0.96914065
0.061085623,0.9690239
0.030626148,0.8519384
0.0609876,0.96910197
0.061047703,0.9691385
0.11354709,0.25500256
0.060735498,0.97116864
0.10596696,0.26220873
0.10555713,0.25655514
0.05596557,0.9068864
0.06950035,0.21408258
0.061068594,0.96872205
0.06083734,0.96938723
0.021093307,0.33455947
0.119116895,0.2598678
0.061519716,0.9696441
0.11169626,0.25828454
0.11220261,0.24328412
0.062353276,0.9671589
0.10995139,0.2616219
0.10904823,0.26163232
0.10671985,0.2554928
-0.3396651,0.06707981
0.061081056,0.9691823
0.061091557,0.96910155
0.11013948,0.25667635
0.061040167,0.9691218
0.060606748,0.94158006
0.11089737,0.26241907
0.16220424,0.26164937
0.06178635,0.9693111
0.4080067,0.17491539
0.11043718,0.26005164
0.061065894,0.9691029
0.06107963,0.96912634
0.06225434,0.9478127
0.10728114,0.25652122
0.061122295,0.96943015
0.11085225,0.26449254
0.16935965,0.29372516
0.10896539,0.26133838
0.025444223,0.83649606
0.10685189,0.25674263
0.123028226,0.208076
0.10841359,0.253085
0.061786614,0.970344
0.060204204,0.96935546
0.06110245,0.969156
0.11298593,0.2607688
0.062096633,0.9706331
0.11307957,0.25639683
0.06093001,0.9693274
0.06144884,0.9687214
0.0573073,0.2659033
0.41754362,0.39487797
0.062616415,0.96950257
-0.05867743,-0.03198086
0.060730383,0.96901006
0.1069429,0.25406113
0.061436582,0.96952575
0.24939236,-0.028800372
0.10961768,0.2640494
0.061219882,0.9695264
0.22859256,0.30331406
0.06388306,0.9687352
0.0610778,0.9689087
0.061394867,0.9698081
0.2400758,0.12988931
0.10977014,0.25381836
0.05917115,0.9681923
0.10934121,0.25714263
0.10737543,0.26330045
-0.1466491,0.29093158
0.10935202,0.25782442
0.14876424,0.17593472
0.061355982,0.9691856
0.10697926,0.24837628
0.09728042,0.22552423
0.25796697,0.2751387
0.06044491,0.9696702
-0.1363913,0.123518415
0.0657967,0.19788317
0.06116369,0.96906686
0.10183479,0.23576337
-0.3838877,0.21551013
0.061016023,0.96916616
0.06260128,0.9707523
0.061104596,0.96916586
0.059865683,0.96927315
0.0602689,0.97046804
0.05927966,0.9709744
0.061025754,0.96920985
0.10803428,0.262446
0.1098639,0.25728983
0.061580323,0.96943414
0.060967688,0.96902686
0.111738324,0.23077281
0.06122929,0.96862763
0.062925525,0.9704319
0.06105414,0.9690669
0.060131267,0.9721197
0.32809106,0.54367816
0.060384955,0.9672919
0.10994888,0.26137623
0.24516432,0.30177426
0.06073245,0.96859765
0.10962468,0.25244355
0.028888896,0.55579066
-0.10659349,0.4846712
0.06091756,0.9692502
0.06099704,0.9689955
0.061562683,0.96956843
0.3190859,0.4346212
0.06050139,0.96889734
0.51381767,0.31193772
0.061054677,0.9691135
0.061037887,0.96910393
0.11240112,0.26158902
-0.03286667,0.09362474
0.06086368,0.9694792
0.07092615,0.9508937
0.05272893,0.09514428
0.060758263,0.9711406
0.061953757,0.968521
-0.1367132,0.2602363
-0.110353224,0.5162572
0.4718242,0.32427114
0.11154707,0.25496298
0.059554122,0.96869236
0.060949255,0.96871305
0.061538983,0.96966517
0.11582899,0.22266
0.19369626,0.23138948
0.10606051,0.25823438
0.06160898,0.969506
0.1378112,0.1394957
0.108717844,0.26209417
0.06106306,0.96886003
0.10990363,0.25414723
0.106936604,0.2641974
0.10624642,0.26068863
0.10848272,0.26388735
0.10732147,0.24933243
0.047795385,0.7078832
-0.17760706,0.34194162
0.107035935,0.24831754
0.061699837,0.96893966
0.07153869,0.9445915
0.06104066,0.9692093
0.3409094,0.14557901
0.10934479,0.25448373
0.061662298,0.9695257
0.062019248,0.96834934
0.10772645,0.2509152
0.11223993,0.25486714
0.026314192,0.16255392
0.061067507,0.96912444
0.26475555,0.28211084
0.11196712,0.259089
-0.03223952,-0.0011163583
0.0816471,0.42422244
0.04185576,0.10918919
0.06111138,0.9691292
0.06108341,0.96918887
0.10712727,0.2591963
0.3800629,0.32477722
-0.021161087,0.31838363
0.110074684,0.26020637
-0.08999507,0.5744031
0.090588935,0.8984492
0.083476275,0.89868826
0.061844368,0.96940285
0.10866518,0.2580305
0.07846991,0.24042514
0.38503134,0.24446277
0.069833875,0.85862327
0.061071064,0.9691552
-0.24629237,0.6391241
0.10692591,0.25588602
0.06253577,0.9693285
0.22270122,0.22164978
0.11071526,0.2528709
-0.15678433,0.23167878
0.1959406,0.061009843
0.061036576,0.96904236
0.1084002,0.2559582
0.061140336,0.9692168
0.12057739,0.2205283
0.06100739,0.9691582
-0.016520508,0.5582461
0.053270873,0.9177772
0.13887535,0.18046135
0.060939737,0.9681106
0.11238221,0.25760493
-0.40560064,0.19207074
0.110006236,0.26548678
-0.11766914,0.507395
-0.22265022,0.32960388
0.34452984,0.29888317
0.061124284,0.96907794
0.110099405,0.2613212
0.106069155,0.25655735
0.18891819,0.31819764
0.12007314,0.21175072
0.061101593,0.96909255
0.107924305,0.25570345
0.06138639,0.9697266
0.108219564,0.2553958
0.30020633,0.29421076
0.23304218,0.29923812
-0.43503836,0.33569825
0.11806319,0.26366714
0.10933308,0.254674
0.06042566,0.9702436
0.06105099,0.96900177
0.11048582,0.2590145
0.054197807,0.64924824
0.060752593,0.9696999
0.06087862,0.96904874
0.09133223,0.30969754
0.2270407,0.22154061
0.11212978,0.2567858
0.098077945,0.6238239
0.011158152,0.36534217
0.061126087,0.96897674
0.10843827,0.26092184
0.060803577,0.9700608
-0.011652027,0.25980568
0.10792678,0.2568799
0.04517956,0.22424348
0.07313102,0.82284236
-0.29669148,0.07195632
0.19144891,0.24307935
0.06107972,0.9690491
0.061311208,0.9685154
0.039772343,0.82785904
0.061070014,0.969076
0.100876614,0.2631234
0.0601608,0.96898115
0.11208807,0.25697738
0.10331412,0.25811562
0.05751493,0.55847836
0.060447667,0.9686038
0.31476107,0.55165225
0.0627005,0.2227785
-0.17835107,0.71577996
0.1113384,0.256825
0.057697993,0.26217952
0.061043855,0.9691905
0.061021954,0.9690719
0.10712583,0.26583898
0.13502079,0.31046477
0.11016349,0.2551406
0.061049957,0.96921873
0.055143453,0.26699728
-0.22270864,0.4209142
0.10620935,0.26590726
0.107106015,0.25706244
0.107154444,0.26755977
0.03610071,0.91510576
0.062068217,0.96958494
0.10929609,0.26139137
0.18687761,0.4028739
0.10020537,0.21919863
0.10749764,0.26259232
0.11616058,0.243164
0.079684116,0.4211788
-0.07081605,0.6792259
0.04565722,0.0032883654
0.10720637,0.26195395
0.06108993,0.9694073
0.044504806,0.30814222
-0.06591826,0.59402525
0.110273935,0.2622496
0.1890023,0.1961067
0.1019312,0.2685823
0.10722835,0.26201385
0.059149545,0.97002804
0.11126349,0.263583
0.06203893,0.9677203
0.109107494,0.2652325
0.10220001,0.28546813
0.10758279,0.26414064
0.06106642,0.9691284
0.06089854,0.9696904
0.06106859,0.9691508
0.31455174,0.3671386
0.10907109,0.2558907
0.061769973,0.9686114
0.060994104,0.9574513
0.0,0.0
0.11078775,0.2559932
-0.105870366,0.46491286
0.11443319,0.23111163
-0.29513332,0.17819269
0.108316414,0.26438835
0.06106096,0.96925664
0.061076716,0.9689909
0.3753493,0.39608392
0.067280814,0.76950574
0.06106745,0.96915823
0.06253689,0.96904355
0.11174782,0.25357446
0.08915534,0.19520381
0.12940378,0.22831236
-0.008969857,0.68339694
0.051952414,0.50741243
0.11032788,0.25202608
0.007989917,0.7291488
0.061091803,0.9690137
0.1089289,0.26363358
0.107350215,0.25742844
0.10810754,0.2552437
0.06125092,0.96929216
0.10787888,0.2618645
0.06120982,0.96885407
0.5469828,0.2912686
-0.022146989,0.04057887
-0.39335638,0.5257165
0.19857894,0.19244501
0.060984123,0.969336
0.10869592,0.2597276
0.43003005,0.31336325
0.117874,0.40394667
0.10639417,0.2616014
0.459752,0.0007206277
-0.1060937,0.6525884
0.105906166,0.26200658
0.10787875,0.25440088
0.061044052,0.9691257
0.10601186,0.23904008
0.061431292,0.9691617
0.12228521,0.7014878
0.2520163,0.66767997
-0.3612484,0.6506038
0.059810966,0.9725078
0.17392725,0.12250439
0.28111938,0.06888887
0.061046775,0.9690524
0.060517903,0.96979815
0.06066143,0.97002435
0.10681272,0.2631606
0.1083653,0.25537238
0.10902637,0.2658437
0.15055433,0.6404972
0.1012095,0.17672674
0.06265846,0.9639734
0.107728615,0.2558054
0.1129861,0.2597154
-0.2085416,0.7908521
0.107225254,0.23864302
0.34008238,0.27077943
0.10629581,0.2644051
0.098773584,0.31941253
0.43653774,0.1238693
0.17357963,0.29116404
0.062288497,0.970037
0.061051734,0.96912694
0.061053578,0.9686675
-0.052687965,0.6087247
0.10918897,0.25913626
0.07392868,0.24445432
0.03336872,0.85931915
0.3674505,0.1478127
0.013064272,0.34144968
0.06477024,0.1676654
0.10935498,0.25324777
0.06107213,0.96911645
0.10750229,0.25758404
0.1077371,0.25906876
0.004300209,0.47784024
0.3187877,0.09004115
0.110696375,0.25466147
0.11421535,0.09967536
0.061151464,0.9698699
0.058714196,0.966319
0.12091738,0.2626702
0.4297813,0.33830452
0.110582106,0.26231825
0.110970914,0.26557243
0.29258674,0.0839586
0.061679386,0.9715162
0.10799963,0.25642785
0.0031296678,0.13991793
0.059404045,0.035265785
0.15373234,0.2658873
0.11034236,0.26405957
0.25305766,0.37656894
0.108930826,0.2535246
0.11070698,0.26167879
0.08029932,0.871537
0.068458684,0.95846885
0.15095025,0.18810388
0.17293577,0.306051
-0.36483812,0.6846023
0.1464084,0.31137943
0.0611477,0.96905166
0.11243277,0.2230495
0.0013352786,0.30751625
0.10769152,0.24938023
-0.25400242,0.6695402
0.10584903,0.25908345
0.06106447,0.9691485
-0.15740713,0.15920375
-0.06574431,0.28468585
-0.2770542,0.33169898
0.061087325,0.9696727
-0.2609472,0.7853584
0.061149787,0.969318
0.018192848,0.67328364
0.06467473,0.90335935
0.061105642,0.96909875
0.06065516,0.97032994
0.0065007284,0.18220265
0.05787119,0.9687916
0.10797661,0.26504478
0.060910013,0.96941483
0.20932421,0.16191083
0.0587218,0.9653883
0.21849872,0.16968627
0.21123649,0.4578676
0.22616196,0.3090124
0.18814377,0.35530093
0.24774589,-0.023411822
0.0711183,0.8202556
-0.033715624,0.6197328
0.062289983,0.96684194
0.1086204,0.27913907
-0.047760002,0.1789709
-0.15875863,0.6999556
0.036644466,0.23829447
0.12075142,0.22348195
0.061046977,0.9691207
0.19247705,0.27237365
-0.16350254,0.33205545
0.06010331,0.9705847
0.24993266,0.18745056
0.11096617,0.26208058
0.23301117,0.22991541
-0.40479055,0.20888571
0.4978723,0.16947073
0.13151975,0.25643748
0.10825798,0.24720226
0.061155234,0.9704367
-0.3781989,0.23213638
0.1547674,0.11117915
0.14901105,0.13449545
0.06107581,0.9690922
0.06091738,0.9698956
0.10823369,0.26505572
0.024846936,0.3062764
0.46846315,0.13634966
0.108582094,0.2646837
0.08755483,0.17915888
0.08582081,0.18073769
0.11055408,0.2631617
0.06084577,0.9690959
0.11207153,0.25204745
0.090273425,-0.094958745
-0.28797454,0.28518298
0.061055485,0.9691844
0.06108941,0.9692415
0.06150314,0.9691315
0.059685174,0.9670551
0.10994015,0.2552759
0.111316614,0.26635057
0.06104777,0.96902347
0.061104845,0.9690852
0.10856586,0.26261088
0.061950203,0.9419729
0.10348817,0.26062882
0.091687836,0.23365918
0.06110434,0.9690368
0.061066452,0.9690597
0.061060086,0.96904284
0.06107129,0.96893334
0.06137947,0.96842813
0.23631759,0.1843062
0.061601415,0.96989757
0.0018404888,0.28877744
0.10752595,0.25674626
0.06090617,0.969131
0.39052075,0.24445751
0.11322856,0.2597812
0.091571815,0.21971561
0.08808876,0.2474489
0.106118,0.25692704
-0.024816291,0.1870697
0.09955612,0.24709018
0.13275477,0.2557416
0.032475032,0.31714293
0.108428,0.2567154
-0.033122424,0.6146871
0.09690728,0.26513985
-0.23796614,0.6081363
0.10786818,0.25634226
0.06008402,0.97041464
0.05943673,0.9692604
0.090725,0.24631448
0.10993042,0.2537058
0.10016365,0.25579888
0.06092406,0.9688572
0.11026359,0.25954223
0.061058898,0.9691219
0.10067432,0.22206374
0.060856566,0.9691133
0.058796983,0.9568536
0.06105534,0.9691181
-0.249555,0.7738609
0.11057362,0.26211149
0.2970564,0.432627
-0.28984907,0.5474618
0.060761448,0.9698809
0.21822378,0.7234077
0.10658036,0.25400957
0.10841793,0.25475928
0.2469183,0.5002897
0.061095987,0.96901566
0.10764341,0.26360273
0.06177717,0.9684812
0.0610475,0.96903163
0.23376998,0.31280357
0.06107321,0.9690452
0.060754325,0.9698587
0.061070632,0.9690746
0.109630965,0.25727522
0.061034836,0.9691737
0.061072957,0.9691451
0.06712821,0.23855722
0.10998724,0.26224038
0.036975157,0.11359779
0.10900384,0.26322898
0.1063291,0.26259756
0.17459677,0.24236417
0.061021917,0.9691643
0.10761635,0.2565868
0.037769213,0.64939994
0.1244851,0.12669477
0.073560916,0.20802195
0.1086694,0.26466203
0.060956128,0.96865034
0.107353464,0.256995
0.11057623,0.26313075
0.060729124,0.9702427
0.060772195,0.96863234
0.10950175,0.25003585
0.10604877,0.23717362
0.10454489,0.25587395
0.06263859,0.968468
0.110394284,0.25779167
0.44295403,0.10375445
0.107254334,0.26393923
0.059603766,0.96036875
0.10890944,0.26182848
0.1090958,0.26234448
0.07977053,0.065778635
0.07121165,0.84723264
0.035658587,0.15717368
0.108977236,0.2689503
0.11020304,0.2650534
0.117466606,0.26818144
0.11129416,0.25586873
0.060346343,0.96916986
0.06199393,0.96184903
-0.13501367,0.52278584
0.1080564,0.25642282
0.10673298,0.25558636
0.105297215,0.26187694
0.061168578,0.9692328
0.060807236,0.9701466
0.061092958,0.96912354
0.061936542,0.96960425
0.060971495,0.9683486
0.06124881,0.97050446
0.107881114,0.24776718
0.10940314,0.2572056
0.12056391,0.28002542
0.1080721,0.2634674
0.060957126,0.96999645
0.06106688,0.96902734
0.109167136,0.2594134
0.10979102,0.25816435
0.1080908,0.26260674
0.12768376,0.19180183
0.10620457,0.2648662
0.0609856,0.97046536
0.057024825,0.7708449
0.1060058,0.26429456
0.10862036,0.24177429
0.2596231,0.16984677
0.30244136,0.11301032
0.061059907,0.9690521
0.10938463,0.2614904
-0.122685626,0.3902522
-0.34593785,0.41997665
0.060191497,0.9687943
0.11352647,0.24896403
0.13160877,0.18928173
-0.1623033,0.5759355
0.11340728,0.26086107
0.061132777,0.9685016
0.15608539,0.26011923
0.061065763,0.96911114
0.23871437,0.12899092
0.08836224,0.1549335
0.1230653,0.27888337
0.06105451,0.96913004
0.060503304,0.97041416
0.107325815,0.26345393
0.062169813,0.96700674
0.06106815,0.96902525
0.06100797,0.96921116
0.057873994,0.96813816
0.080605015,0.022445872
0.12647715,0.2545877
0.10761082,0.2507921
-0.21639791,0.39144433
0.108407274,0.2625878
0.10978269,0.25341216
0.014771316,0.31934953
0.061988086,0.9685375
0.11032007,0.25757238
0.17736112,0.5952748
0.061223622,0.9696958
0.13639274,0.27053925
0.10872215,0.26304412
0.061090868,0.96917284
0.11112101,0.2580343
0.111578256,0.26422408
0.061002366,0.9689171
0.060858928,0.96962285
0.06104667,0.96906346
0.060669173,0.969149
0.30109364,0.36144188
0.06122384,0.96947026
0.061003264,0.9692106
0.08105425,0.2911944
0.15877828,0.014549384
0.0611024,0.96753055
0.10712486,0.2590369
-0.23406033,0.56573737
0.061076976,0.9689936
0.061033335,0.96909773
0.08604335,0.24485593
0.49787706,0.24377912
0.12721188,0.7092379
0.06019797,0.9693959
0.061204184,0.96878636
0.14314471,0.02894175
0.061119244,0.97064084
0.08344916,0.3370106
0.062327787,0.97120994
0.06117746,0.9694738
0.107676715,0.26255932
0.10704246,0.26111135
0.10957264,0.25789344
0.10606115,0.25602326
0.107052565,0.25656396
0.104918465,0.2551834
0.061155453,0.96887994
0.08333307,0.52889454
0.060970496,0.9670823
0.06099267,0.9691146
-0.11047648,0.063037135
0.060852636,0.97143483
0.10899022,0.25866687
0.06104824,0.96917915
0.12693028,0.28480214
0.108478606,0.26195708
0.0591963,0.9680731
0.109487444,0.25817353
0.057389513,0.9118353
0.17281824,0.0011469079
0.05988103,0.968437
0.061168637,0.96891105
0.060276397,0.9705115
0.060962293,0.9691022
0.1076456,0.25417304
-0.032314003,0.23038864
0.16730943,0.55739444
0.105798796,0.23848772
0.109135814,0.262517
0.10683761,0.2546722
0.42559156,0.6472139
0.13633619,0.24176511
0.40445003,0.40164015
0.05899433,0.9695797
0.11293215,0.26537856
0.04510006,0.1906962
0.10761794,0.26440245
0.059194934,0.9685254
0.06141802,0.9693063
0.11259499,0.26155454
0.062841244,0.96748996
0.061296467,0.96897095
0.06080522,0.9684189
0.10975103,0.26334822
0.23811966,0.15172794
0.4185052,0.48948932
0.40807873,0.1703807
-0.2803836,0.48846808
0.10451556,0.24579526
0.038080424,0.8942737
0.04932133,0.24769971
0.30300817,0.33237436
0.105431266,0.25274724
0.06105346,0.96917224
0.11508193,0.2627107
0.11420852,0.25926045
0.10948813,0.256087
0.061263427,0.969494
0.10665084,0.25831547
-0.019504432,0.25732395
0.06108932,0.96972746
0.46500155,0.30792135
0.022102041,0.64105135
0.110280655,0.83464193
0.060977932,0.96958995
0.10926761,0.25970402
0.06110384,0.9691832
0.061043255,0.96904796
0.10902163,0.24981745
0.05661255,0.94861025
0.11035201,0.25869596
0.2253776,0.23079155
0.17603509,0.21822509
0.06111417,0.9691275
0.061065655,0.96911794
0.06107556,0.9691645
0.108416505,0.25525996
0.107281625,0.2624024
0.19266227,0.31576267
0.060968608,0.9691319
-0.37506467,0.055076104
0.06101242,0.969265
0.09609346,0.21928523
0.059074033,0.9703002
0.06097007,0.9693302
0.112323076,0.26193815
0.10860526,0.26264453
0.064004764,0.96660405
0.06139473,0.9703069
0.031924076,0.21423131
0.11049405,0.2601058
0.06106784,0.96915925
-0.07873004,-0.024958946
0.061434872,0.9674061
0.10670955,0.25310874
0.061090093,0.9691503
0.06365176,0.96718097
0.06099924,0.969092
0.06146603,0.9703551
0.11730885,0.658767
0.10730095,0.26333547
-0.30654606,0.6124653
-0.11768029,0.02047545
0.061064824,0.9692227
0.061080053,0.9690615
-0.10261874,0.51750594
0.06109411,0.9676445
-0.39640173,0.20154455
0.061167102,0.9699274
0.11039067,0.25771105
0.060307764,0.9692109
0.0610883,0.9701481
-0.0064700544,0.7293526
0.061652925,0.96957344
0.041766033,0.80985665
0.0626811,0.9698513
0.06107992,0.96913177
0.062259912,0.9674857
0.10862064,0.25831926
0.06101937,0.96943927
0.11266695,0.26375178
0.14201729,0.24171351
0.06107797,0.96906084
0.10426983,0.27407146
0.061181717,0.97149044
0.061144203,0.96926945
0.11875459,0.2743575
0.107769154,0.25626072
0.11067149,0.25474086
0.06107215,0.9686598
0.105994165,0.26178345
0.060127124,0.27316856
0.06388999,0.24987964
-0.0021705236,0.55631024
0.051613625,0.89274186
0.13784875,-0.10476861
0.11034621,0.25480643
0.07742946,0.088276185
0.060327217,0.96893156
0.09938897,0.53324515
0.061767094,0.970025
0.109272644,0.2566909
0.07155301,0.18954535
0.06104416,0.96914077
0.061110016,0.9690998
0.060994513,0.9692872
0.121346846,0.2632802
0.061003022,0.9691435
0.045630407,0.91066974
0.06171537,0.96928614
0.10928978,0.2606046
0.080892146,0.23892403
0.05978797,0.96629703
0.49911594,0.13278988
0.1092347,0.26339826
0.11041354,0.25663018
0.110587776,0.26146373
0.1133088,0.25428987
0.06112594,0.96917903
0.12592956,0.22800657
0.10428228,0.2573756
0.27387625,0.11783491
-0.05089878,0.2867594
0.113481246,0.68101764
0.061050143,0.96938133
0.061078057,0.9690809
0.061099984,0.9691427
0.11049247,0.26480487
0.059039585,0.9642983
0.060667623,0.96939385
0.06106295,0.9690684
0.06117976,0.9692905
0.072965905,0.27534977
0.108685724,0.25594324
0.47531244,0.44260645
0.06099758,0.96908337
0.04192276,0.80173093
0.39884207,0.08254651
0.10707094,0.2656717
0.06106245,0.9691474
0.10802931,0.25394034
0.06104117,0.96909064
0.05939655,0.9710703
0.11103316,0.26153213
0.061698563,0.9496219
0.10914397,0.25650004
0.25781298,0.2588534
0.061121754,0.9701216
0.044313446,0.15372293
0.060790394,0.969742
0.11323917,0.25620693
0.061592523,0.96979773
0.10604215,0.26088962
0.06109787,0.969007
0.061096292,0.9689422
-0.11045114,0.60885644
0.055550482,0.965015
0.1202176,0.24679735
0.060766935,0.96995
0.060960576,0.9690513
0.5289015,0.40791193
0.06282075,0.96757495
0.1099783,0.25338358
0.061130997,0.9691043
0.061786912,0.96750623
0.08372273,0.9128615
0.060769398,0.96580815
0.060267024,0.96795607
0.06115809,0.9690783
0.061033826,0.96918887
0.10811444,0.2628672
0.02666272,0.78040016
0.061020687,0.96928746
0.102538,0.2617712
0.3994348,0.23026504
0.2784831,0.21062762
0.06092021,0.9690759
0.06101715,0.969174
0.10851003,0.25651914
0.21284164,0.14437799
0.26694196,0.2000446
0.110279344,0.26232132
0.0905328,0.25555527
0.060735397,0.96998256
0.10923105,0.2452304
0.061063267,0.9691045
0.06102871,0.96925133
0.1041804,0.25462252
0.10921392,0.25465846
0.048975814,0.68736213
0.108657956,0.26484054
0.2888243,0.47422627
0.061138444,0.9694633
0.06098678,0.9693093
0.060609505,0.96929485
0.03198109,0.6616155
0.1081029,0.26167086
0.10724245,0.2535449
0.061142456,0.9689745
0.13774686,0.22302727
0.061051566,0.9692283
0.10995982,0.08161879
0.10766942,0.25305435
0.11278008,0.25646383
0.10567851,0.25995335
0.061042525,0.96870786
0.061515823,0.97033584
0.11370039,0.22156225
0.030584782,0.90837204
0.33620352,0.39429086
0.2869357,0.35258383
0.11173866,0.2120555
0.06076399,0.9696508
0.06332359,0.9705924
0.10657849,0.25694266
0.06943717,0.95643216
0.061068226,0.9691726
0.069189735,0.5847789
0.039901156,0.69711804
0.10894117,0.26374435
0.061103188,0.9689608
0.10836037,0.25724682
0.06103368,0.9690281
0.10754816,0.2588425
-0.032295767,0.6464374
0.30782273,0.09134917
-0.38975132,0.60077775
0.11356674,0.25885797
0.45233983,0.38406155
0.11026405,0.24276493
0.16381262,0.3749302
0.11296472,0.23706551
0.06105825,0.9691505
0.10622964,0.25905687
0.061029892,0.9692602
0.058353793,0.96780777
-0.25298056,0.17040424
0.107689686,0.26473624
0.061083775,0.96915954
-0.41101784,0.20201354
0.06105419,0.9691688
0.061937924,0.97031146
0.06112536,0.96962494
0.056156334,0.96227866
0.11219076,0.26100698
0.41676185,0.020787828
0.10979106,0.25565094
0.061073866,0.96917737
0.12101643,0.18908688
-0.0049815276,0.61888826
0.07481616,0.36356232
0.109778844,0.2598434
0.10799136,0.25497663
0.060645126,0.9685447
0.3109489,0.04992657
0.0835124,0.16028237
0.06104323,0.9691505
0.06110174,0.9691913
0.060605668,0.9695314
0.14119723,0.29588148
0.060481817,0.9685499
0.061057843,0.9691453
0.10886322,0.21200037
0.102957875,0.23393026
0.061118644,0.9691068
0.22467169,0.5532646
0.10775056,0.25639242
0.06347588,0.9711735
0.060874056,0.96797514
0.11247053,0.2584976
0.06107081,0.9701375
0.06107295,0.9691225
-0.11938934,0.46648568
0.110109575,0.25155023
0.109344296,0.25411865
0.06102171,0.96914613
0.06103772,0.9689628
0.35745165,0.21639913
0.062819235,0.9684787
0.10945287,0.26172096
0.061057102,0.9691326
0.12652205,0.23701927
0.061135754,0.9686759
0.27995682,0.2886577
0.06485943,0.9647231
0.06104952,0.96917194
0.14856791,0.35617822
0.06115051,0.9620097
0.10863211,0.2620951
0.106998645,0.262031
0.28215042,0.15025766
0.061037842,0.96901417
0.11018851,0.26241058
0.06106786,0.96981883
0.06112953,0.9692143
0.061177228,0.9689741
0.061050136,0.9691096
0.059825193,0.969016
0.10521599,0.25495842
0.061372668,0.96884924
0.061104044,0.9679327
0.061093185,0.9688591
0.1079403,0.26289317
0.13791318,0.17780794
0.106090225,0.2587498
0.05957857,0.968926
0.062359262,0.9693477
0.06173556,0.96992844
0.10683059,0.2637987
0.5230871,0.35928106
0.061573107,0.96931076
-0.29650456,0.43189687
0.06107887,0.96898663
0.061012823,0.96915984
0.13175127,0.28138173
0.10862642,0.25842565
0.11143178,0.2567928
0.06110433,0.96921575
0.10618144,0.262675
0.061111905,0.9688829
0.2527858,0.2901934
0.06101679,0.9692295
-0.4177672,0.46396026
0.06385634,0.9668919
0.110214196,0.25770095
0.055049125,0.94988054
-0.071323715,-0.10019391
0.06187646,0.96788085
-0.051365945,0.5949021
0.19000508,0.17137434
0.06203598,0.96922064
0.11039644,0.25544542
0.062243618,0.96980226
0.12405748,0.29416826
0.14463195,0.249097
0.15626086,0.27217892
0.06104917,0.9691481
0.106357075,0.26400515
0.079846464,0.51171345
0.06104677,0.96921515
0.113306575,0.25688517
0.060862966,0.9693209
0.107315265,0.25804657
0.107160084,0.25359416
0.0042439504,0.4954972
0.10996551,0.26309952
0.106046826,0.2629842
0.4711873,0.26331863
0.060673065,0.97041667
0.061560456,0.9668539
0.28710014,0.07305851
0.10995913,0.26185796
0.06110066,0.96912986
0.10387138,0.2633249
0.05713829,0.9649156
0.10842048,0.2540442
0.109792516,0.2533307
0.061056167,0.9690226
0.41149932,0.21979414
0.024229134,0.884845
0.061099645,0.9688868
0.061056316,0.969046
0.063045226,0.9704587
0.10709736,0.25833717
0.06835828,0.9369373
-0.23914975,0.06231089
0.109035246,0.25668928
0.062334064,0.9703653
0.061043028,0.96910703
0.1094269,0.26073962
0.109128505,0.2555936
0.045815304,0.9389514
0.061054237,0.969179
0.11147278,0.25536045
0.091944195,0.1934843
0.061041974,0.9690174
0.06131942,0.9705947
0.48974276,0.36856622
0.10840297,0.26364234
0.061002336,0.9692776
0.118354104,0.7629924
0.06106091,0.9694302
0.10118903,0.23816621
0.10387325,0.24719347
0.06890452,0.9551718
0.061136235,0.967273
0.061099738,0.96908146
0.10813896,0.2505661
0.06303218,0.86472976
0.056344572,0.9597746
0.061102014,0.9691517
-0.04259239,0.7257791
0.10745903,0.2637495
0.06111477,0.9691519
0.109593526,0.26016912
0.060881983,0.9690469
0.061034434,0.969127
0.10514649,0.2611658
0.24311543,0.29746592
-0.19002023,0.16887712
0.04843355,0.9189058
0.10770757,0.26122367
0.0608644,0.96901
0.07668035,0.29304776
0.16505225,0.75271606
0.107979596,0.2568766
-0.413458,0.3705993
0.061050244,0.9691894
0.10810973,0.2610506
0.06107264,0.9691543
0.0610359,0.9690225
0.060106162,0.97152966
0.061105296,0.969554
0.060862213,0.9699717
0.061075255,0.9691936
0.05967429,0.9713504
0.122553006,0.26677608
0.061138045,0.9689526
0.059446633,0.96935874
0.18406157,0.2052802
0.11218056,0.2579192
0.035362855,0.16691133
0.06104193,0.96913004
0.06107595,0.9689852
0.06884129,0.7745406
-0.10552548,0.3170844
-0.4078181,0.2040867
0.061050583,0.9691184
0.040896226,0.1907792
0.061113913,0.9690098
0.11037268,0.25239885
0.06104945,0.96917593
0.06114382,0.96939677
-0.090331785,0.13528712
0.1081911,0.2633965
0.12038662,0.3009279
0.104042865,0.26267645
0.22784555,0.4048282
0.061096724,0.968999
0.061517082,0.9691686
0.061222367,0.967781
0.06106105,0.9691927
0.109434605,0.25543684
0.116507575,0.23832586
0.10768751,0.26350525
0.12247155,0.21583433
0.10734648,0.2553036
0.061732054,0.9709426
-0.06739443,0.6837893
0.08982398,0.189595
0.061151467,0.96978253
0.11150319,0.2560487
0.10866486,0.25245616
0.11117631,0.25537387
0.061030373,0.96915644
0.09971963,0.2411522
0.11072186,0.25694984
0.34746647,0.23357753
0.11463384,0.25788027
0.1105725,0.2602872
0.1187044,0.452905
0.10745902,0.2582511
0.06108233,0.968309
0.055434775,0.9351209
0.111983486,0.25697154
0.058799643,0.9684993
0.059659384,0.96982336
0.06107887,0.96908796
0.11091185,0.26003098
0.057554144,0.61086947
0.33148316,0.5504717
0.11126444,0.2555048
0.060986053,0.9691241
0.10239589,0.26306558
0.06161093,0.9710179
0.11038829,0.260273
0.05145403,0.5874536
0.0923515,0.24627219
0.46394408,0.16601956
0.061123762,0.96913195
0.061050758,0.969111
0.061070148,0.96917117
0.10802875,0.25559047
-0.15343156,0.17994788
-0.46663254,0.46370748
-0.021494746,0.34064686
0.44151998,0.25572732
0.10772305,0.25452802
0.06102574,0.96919215
0.059536584,0.97018677
0.062284246,0.9681066
0.060445856,0.9692759
0.05931771,0.9698608
0.23319109,0.6242679
-0.3293328,0.41249186
0.060494065,0.967742
0.060643926,0.9690965
0.382177,0.32568637
0.10882227,0.25372374
0.107926466,0.25579572
0.04006267,0.9145116
0.109854184,0.2572559
0.062183205,0.96964943
0.10723379,0.26195303
0.11005539,0.2550717
0.060835227,0.9685716
0.049785417,0.7718738
0.10882162,0.25524324
0.06099688,0.9684345
0.1125611,0.25901908
0.061073117,0.9691745
0.11081005,0.2636849
0.4104229,0.53575027
0.060936414,0.9693374
0.26097262,0.3268387
0.111004196,0.2562554
0.061058294,0.9691677
0.06042842,0.9692174
0.11063491,0.2573795
0.09852506,0.20545526
0.06945666,0.8662611
0.108532675,0.25807467
0.15433224,0.27776846
0.060552754,0.9692247
0.061081313,0.96915907
0.06161894,0.97009933
0.025513014,0.3745888
0.11019507,0.26049674
0.18013136,0.5913801
0.06019171,0.9686689
0.1040157,0.24370532
0.10981738,0.25595108
0.08800353,0.28966194
0.018715871,0.05944012
0.1078857,0.25505158
0.107773855,0.26469266
0.061032925,0.969096
0.06819837,0.8426048
0.061084025,0.9691812
0.10685395,0.26098603
0.11270309,0.25634322
0.07010751,0.947425
0.061045803,0.96911716
0.20338747,0.295796
0.10248328,0.26179147
0.10914219,0.26295543
0.061389674,0.968701
0.117158405,0.11188452
0.061054282,0.9691896
0.11111877,0.25436625
0.105252035,0.22528894
0.3895088,0.3561741
0.061085217,0.96906334
0.06103813,0.968882
0.060257744,0.97333544
-0.3500094,0.5819312
0.10979331,0.26655254
0.008040067,-0.10878412
0.06086525,0.97014517
0.109004326,0.26282266
0.061227363,0.9684778
0.061785903,0.96641105
0.13516127,0.21482587
0.061469432,0.9684094
0.059542585,0.9701913
0.06129056,0.96804905
0.042343635,0.31158173
0.061083235,0.9703756
0.10782636,0.26267147
0.059450265,0.21334688
0.11462652,0.25903034
0.062417623,0.96954644
0.061103795,0.9689721
0.018522527,-0.072616324
-0.101468526,-0.0025552176
0.08049993,0.15131767
0.06106479,0.96902776
0.107758515,0.26380867
0.06121676,0.9682829
0.11007363,0.25500673
0.060803544,0.9688819
0.1091463,0.2553932
0.053556524,0.9518483
0.110143825,0.25578016
-0.058709446,0.5919707
0.061142463,0.96920955
-0.19938491,0.3023484
0.061151773,0.9681022
0.06105445,0.96898305
0.06096289,0.96924573
0.107498705,0.25780076
0.05977871,0.96884316
0.11138565,-0.029984156
0.099480025,0.31436637
0.064006686,0.96411186
0.1101364,0.2585365
0.10886613,0.26231295
0.061054002,0.9690926
0.043843348,0.26246226
0.1086662,0.2564908
-0.10640281,0.6240535
-0.17787734,-0.0042685657
0.10094309,0.26434398
0.060869962,0.968837
0.106757574,0.2556486
-0.12617382,0.74146074
0.114481494,0.26671207
0.09842864,0.26057494
0.061860695,0.9694125
0.0623441,0.9671875
0.1092717,0.25729218
0.06095495,0.96857977
0.111834444,0.2637891
0.061185148,0.9690139
0.060819805,0.96882015
0.5006807,0.3393558
0.108176254,0.255778
0.11713085,0.2613969
0.11769742,0.23688336
0.108035944,0.2640697
0.061076324,0.9688727
0.059274826,0.96950454
0.095162325,0.23256962
0.07178325,0.93167984
0.061202258,0.9693399
0.109538294,0.261014
0.38260645,0.25349134
0.05881871,0.8576185
0.057744227,0.8754611
0.19171366,0.4596284
0.10862157,0.25955987
0.106207214,0.25649947
0.06102055,0.9690496
0.061022446,0.9691023
0.11592159,0.21450204
0.24793905,0.587712
0.3967725,0.0366265
0.06083915,0.9693792
0.061051924,0.968458
0.045800567,0.33171114
0.11038426,0.26146382
0.14628206,0.26014367
0.06094211,0.96869755
0.061003562,0.96878254
0.10749248,0.26407397
0.017140264,0.783226
0.11053616,0.25744104
0.12739235,0.17616455
0.2682878,0.23559467
0.061343923,0.9685616
0.06105035,0.9689417
0.061012655,0.9692403
0.06103948,0.96920127
0.06096814,0.9700094
0.4493443,0.30565906
0.09674201,0.22043069
0.061023418,0.9694416
0.10958448,0.25582743
0.113224134,0.26063886
0.28557152,-0.23189361
0.11129032,0.25780624
0.061065927,0.96914274
0.061027013,0.9693261
0.10865959,0.25640953
0.08209754,0.7393058
0.060001843,0.8675797
0.15901084,0.31712365
0.061087452,0.9691245
0.09813622,0.24521366
0.11016809,0.26157808
0.061070837,0.96907574
0.11012246,0.26101673
0.060788203,0.9697506
0.061311103,0.9693603
0.061025467,0.9691736
0.047989365,0.21126024
0.055647343,0.8439444
0.061413888,0.97000855
0.30463976,0.31703922
0.5323202,0.3420001
0.06308562,0.93440574
0.05827513,0.9393491
0.05027217,0.102218285
0.055915818,0.9100073
0.10346345,0.7966877
0.06104911,0.96915007
-0.0063149626,0.3899553
0.06103993,0.96903837
0.061088465,0.9689601
0.061051115,0.96910346
0.10654734,0.20893928
0.10830558,0.25773332
0.061016377,0.9690797
0.067210406,0.95845217
0.10859688,0.25957906
0.03441662,0.007591337
0.06337676,0.969544
0.06107857,0.9690185
0.060712174,0.96969867
0.10848396,0.26207894
0.061107337,0.96905446
0.2050968,0.1138376
0.1701771,0.22513345
-0.27345625,0.5447014
0.325117,0.26903862
0.10821723,0.25898474
0.103922315,0.25024298
0.43709698,0.47695994
0.06541503,0.9551351
0.10800673,0.2594441
0.108960815,0.260282
0.061006926,0.9691753
0.10928077,0.26348376
0.16709313,-0.0070525887
0.061108544,0.9691039
0.06389009,0.9679892
0.3362143,0.22719096
0.109522246,0.26435238
0.104768455,0.25863022
0.061052945,0.9691094
0.05927996,0.9650068
0.06062332,0.9569975
0.06107933,0.9691565
0.062456243,0.31922963
0.083632015,0.7694376
0.104297936,0.2532057
0.10322715,0.2671262
0.11133093,0.25581104
0.108540736,0.25774243
0.060823057,0.969468
0.3020522,0.49339816
0.060746375,0.9696846
0.10653339,0.25405756
0.055491395,0.96051013
0.37947968,0.15765072
0.061091367,0.96997935
0.061046913,0.96921736
0.06090943,0.969653
0.2540799,-0.022750327
0.11330983,0.2741069
0.060910936,0.96952516
0.109290265,0.25187016
0.024217632,0.16278146
0.0608469,0.96961546
0.10909799,0.26074466
0.10927086,0.2634395
0.10721932,0.25392705
0.07328257,0.540513
0.20532377,0.2272083
0.10638823,0.26351342
0.061125778,0.9691235
0.26348415,0.29752553
0.061021946,0.9691056
0.06257641,0.9714481
-0.3211417,0.7084653
0.13372071,0.24072577
0.22526003,0.24559271
0.06104115,0.9690204
0.11327875,0.25857592
0.06102074,0.96909165
0.060938418,0.9683559
0.09927818,0.27751312
0.061083116,0.9693841
0.10652479,0.26015952
0.04132267,0.8180689
0.12926422,0.65165603
0.15164068,0.19237696
0.11029771,0.25822142
0.061075784,0.96918464
0.061127305,0.96857315
0.10957888,0.2525786
0.10799829,0.26214164
-0.36261716,0.21658054
0.25376704,0.40621263
0.06071,0.9679131
0.06292561,0.96925557
0.061205197,0.96948683
0.06103451,0.96923256
0.10147713,0.4873412
-0.11219341,0.15666409
0.062028576,0.9648299
-0.09905018,0.7460429
0.11073284,0.26332986
0.061072383,0.9691503
0.10755304,0.25309736
0.06114308,0.969579
0.061068542,0.9691514
-0.40607557,0.20540093
0.06008074,0.9476324
0.10781958,0.256365
0.10715711,0.25910607
0.061,0.96944267
0.11137233,0.2423692
0.06393944,0.96658033
0.06105937,0.9691216
0.11094506,0.26122874
0.10641731,0.2632997
0.41141212,0.23885715
0.061063994,0.96916527
0.0053145224,0.086778976
0.061041277,0.96924126
0.11015336,0.2546841
0.083980456,0.7611537
0.0601327,0.9693565
0.28433183,0.23012014
0.25126496,0.18192862
0.06103473,0.969194
0.06599349,0.5802664
0.060378294,0.9692714
0.06108066,0.969167
-0.26959217,0.59729475
0.0694245,0.26976037
0.06110022,0.96869093
0.112605564,0.25997755
0.05874447,0.583366
0.2393343,0.14390267
0.061016038,0.9689132
0.06108616,0.9691762
0.06097278,0.9691615
0.05209565,0.9448477
0.060692396,0.9685142
0.10987062,0.26706865
0.060463805,0.9693107
0.061061885,0.9691855
0.06107266,0.9690055
0.056279466,0.92413336
-0.03274549,0.49761435
0.06100068,0.96980834
0.105657145,0.26051757
0.06107905,0.9691758
0.10554331,0.256307
-0.098393455,0.29965663
0.060984,0.96917754
0.061360784,0.96976966
0.3767892,0.25284004
0.060633607,0.96670526
0.1095301,0.26056555
0.10651609,0.26252052
-0.012930089,0.6543371
0.012181635,0.23609725
0.10936593,0.2560782
0.107849546,0.25305533
0.108068176,0.25634792
0.060975395,0.969363
0.1112187,0.2630683
0.4171176,0.46297356
0.11017017,0.2557472
0.111514166,0.24562417
0.10534943,0.25720632
0.06636954,0.96410716
0.1076687,0.25756472
0.10728536,0.26322845
0.061047293,0.96915853
0.15542147,0.12631787
0.15613873,0.24780516
0.1337078,0.07231203
0.108932346,0.25486928
0.06136976,0.9686052
0.32642072,0.25631228
0.061115704,0.96916443
0.060999867,0.9692717
0.104269125,0.25723848
0.061116494,0.9691626
0.061057296,0.96907455
0.061172485,0.9690238
0.06073209,0.9690813
0.061054688,0.9691161
0.10982133,0.25632128
0.51377,0.18474703
0.112996295,0.26144645
0.10977639,0.2633507
0.061028685,0.9690135
0.06363111,0.9698752
0.04008397,0.8322816
0.5230665,0.48726684
0.060725767,0.96908873
0.06102347,0.9690951
0.061044987,0.96911454
0.06667738,0.23991911
0.09974276,0.25006506
0.06044384,0.96873087
-0.032218754,0.52456987
0.061027918,0.96917725
0.061025836,0.96914315
0.06100047,0.9706083
0.0611609,0.97040665
0.107854195,0.26336205
0.290029,0.5461629
0.061098147,0.96904665
0.06011292,0.9710557
0.3114554,0.44618094
0.062756,0.9668029
0.061000172,0.9689734
0.061062254,0.96921253
0.061093293,0.9690801
0.3453421,0.28681546
0.060565684,0.9695522
-0.16022448,0.16509569
-0.42541987,0.22619484
0.10987076,0.25514448
0.061051693,0.9695569
0.06108663,0.969147
0.06111469,0.969582
0.061202727,0.96903026
0.06269318,0.9691325
0.1106767,0.25448316
0.10760246,0.25364524
0.10668467,0.26319298
0.3938486,0.2119977
0.10912234,0.25641584
0.11031233,0.25632042
0.061067417,0.9691097
0.060808152,0.96947306
0.059849817,0.965837
0.06267983,0.9687468
-0.19778462,0.850085
0.11000957,0.26252723
0.061064947,0.9691413
0.108670436,0.2564274
0.06138571,0.9691373
0.10842369,0.25928557
0.06069314,0.9695981
0.061101522,0.96908927
0.06179972,0.9691196
0.061132923,0.969181
0.105522975,0.26561102
0.061062574,0.9690549
0.055291023,-0.11226438
0.061019957,0.96919173
0.34666497,0.20462315
0.113454826,0.2588033
0.10889094,0.2599696
-0.010192398,0.24554029
0.11611413,0.25153375
0.061132587,0.9686485
0.16531295,-0.01934862
0.061395247,0.96968484
0.061096977,0.96920204
0.061440066,0.96904594
-0.035280146,0.5234913
0.061052844,0.96916354
0.1084729,0.25965488
0.060853884,0.96901834
-0.49893537,0.32497266
0.11337311,0.2607339
0.061091334,0.96911746
0.103145994,0.25527334
0.059762605,0.96932536
0.109359354,0.260362
0.11106381,0.26108718
0.11138994,0.255588
0.113875106,0.2597275
0.059233185,0.969938
0.11040464,0.2566556
0.022270266,0.729827
0.061075408,0.969095
0.11140565,0.2545133
0.0205813,0.8259168
0.4658964,0.34031054
-0.023391824,0.6290533
0.10824503,0.26337296
0.10957194,0.26236075
0.105987,0.25377205
0.11144585,0.26138413
0.060484122,0.9597136
0.061306313,0.9698026
0.06106847,0.969181
0.10826817,0.25593868
0.06109614,0.9692238
0.06110364,0.9691196
0.10874304,0.25448185
-0.40188748,0.20101225
0.19708773,0.21223813
0.061048925,0.96902156
0.06109751,0.9692055
0.11402476,0.7008977
-0.12749258,0.41423148
0.0563882,0.96682096
0.060699284,0.9697031
0.10672241,0.26352596
0.2781043,0.62951946
0.10546572,0.2617256
0.061612092,0.9653761
0.061022,0.9690873
0.22073816,0.021041213
0.35849354,0.1847676
0.06102303,0.96929723
0.10968271,0.25517574
0.03194132,0.075511105
0.061729826,0.9697754
0.077838376,0.8493157
0.06533402,0.96146345
0.1531955,0.21717732
0.110631734,0.25300685
0.06118303,0.96853584
0.061090108,0.9691824
0.061033536,0.96906745
0.061082184,0.9691629
0.10522924,0.26303375
0.06091273,0.9691839
0.034871284,0.44836992
0.4791798,0.30315512
0.05777326,0.969291
0.10593115,0.2494634
0.061007112,0.96896696
0.22343881,0.03761675
0.06210306,0.9673365
0.06113082,0.969141
0.43130496,0.41428956
0.06087523,0.97064954
0.061022464,0.9688587
0.11185081,0.25388145
0.058788385,0.24169141
0.11197266,0.26013696
0.19947779,0.16454583
0.06123341,0.9696656
0.0612672,0.9683238
0.108197205,0.26646587
0.10608306,0.26112133
0.10710285,0.25505772
0.061075754,0.9690777
0.06305334,0.96938574
0.060991954,0.96909827
0.016719315,0.23318529
0.11919873,0.26792568
0.061044786,0.96908504
0.06099696,0.9692287
0.110676244,0.26250786
0.087972224,0.2768022
0.10688655,0.25782844
0.1419468,0.17059019
0.108194225,0.2545681
0.21559909,0.35739565
0.08345771,0.24890928
0.15585372,0.33267298
0.058928028,0.9669123
0.11369812,0.26488093
0.0612287,0.96914583
0.112043634,0.27414212
0.105846226,0.2505251
0.11173,0.26206163
0.061371233,0.9690423
0.14166409,0.36562696
0.1232946,0.2705542
0.061775565,0.96935546
0.06008611,0.47013772
0.060860056,0.969794
0.05718018,0.18493144
0.107833445,0.257733
0.10683516,0.26167858
0.10847091,0.2626173
-0.034742594,0.1590548
0.0976518,0.26336962
0.14383408,-0.07380714
0.31665528,0.4396227
0.10805244,0.26085442
0.11082839,0.25759768
0.10697951,0.25811633
0.05242168,0.9344105
0.10285064,0.2538926
0.5113955,0.21164547
0.062165577,0.9708046
0.10968755,0.25876194
-0.013487858,0.25315693
0.059772648,0.97084254
0.060255565,0.9589798
0.107011385,0.26417378
0.06107961,0.96912986
0.061380256,0.969064
0.06095892,0.9668756
0.06104491,0.9691626
0.06107182,0.9692462
0.10886526,0.25711071
0.061267104,0.96955705
0.10317923,0.25719568
0.109919444,0.2574103
0.061123088,0.9690402
0.061438397,0.96820915
0.095394686,0.016279805
0.06382657,0.91990274
0.068228975,0.2299784
0.059101034,0.9683967
0.10845552,0.25592566
0.059614856,0.9699351
0.34727794,0.20652658
0.061100863,0.9691776
0.11358096,0.25490388
0.061043236,0.9688739
0.17488964,0.18017581
0.061098594,0.9690608
0.061166123,0.96924627
0.061106935,0.97049254
0.061075944,0.969081
0.10757101,0.25926748
0.06105685,0.9692017
0.06109699,0.9691364
0.062958814,0.96982735
0.061063867,0.9691138
0.11290485,0.25622746
0.060998987,0.96907914
0.06106048,0.9690385
0.10061494,0.56739163
0.06118626,0.96931976
0.22252737,0.5532454
0.059955485,0.9699119
0.31462944,0.5035436
0.3446907,0.43495798
0.060092773,0.969885
0.38664484,0.15809776
0.09725814,0.12962028
0.10885982,0.25435156
0.11256234,0.25376347
-0.08806226,0.2810679
0.11029505,0.26407266
0.061084684,0.9690583
0.060998883,0.96909714
0.03549159,0.5058055
0.030058505,0.8197146
0.10843606,0.25515124
0.061059795,0.96912616
0.068699196,0.83576787
0.06105573,0.9691609
0.06095599,0.96921366
0.06108983,0.9695817
0.06096342,0.96895754
-0.27064258,0.6981752
-0.27249965,0.21911673
0.06109105,0.96905553
0.044073977,0.9593756
0.11036993,0.25349975
0.061076835,0.96854764
0.10696033,0.24829897
-0.18428886,0.5775368
0.06118276,0.9695569
0.0609792,0.96935934
0.21304694,0.28490674
0.06511888,0.9656391
0.11080099,0.26012713
0.10921466,0.2563116
0.06057732,0.9709476
0.14021716,0.29236904
0.100327894,0.25364408
0.06110594,0.9691818
0.11107344,0.2570221
0.10676962,0.257036
-0.3272121,0.33847284
0.061073866,0.9690155
0.14107579,0.20344403
0.21177231,0.26775265
0.06107382,0.9690969
0.06108266,0.96907735
-0.29524145,-0.0891443
0.109282956,0.26093507
0.060713768,0.968825
0.10683283,0.26038846
0.1104602,0.2625569
0.1708093,0.23036946
0.10775616,0.25876042
0.1026346,0.26341495
0.109983645,0.2559254
0.109976605,0.2566623
0.10711376,0.26382568
0.059638795,0.24957854
0.061013687,0.9689303
0.10657179,0.26068643
0.11643167,0.28816274
0.061259665,0.96849567
0.11402487,0.2575461
0.061604593,0.9694089
0.08282824,-0.069607
0.1093507,0.26410785
0.07831943,0.24215482
0.105893776,0.24408914
0.06084799,0.96962243
0.180043,0.62468207
0.061072025,0.96911603
0.23732409,0.1698084
0.061037116,0.9691547
0.11042504,0.2602088
0.06440859,0.9641177
0.06093514,0.969117
0.10725695,0.25676328
0.108521216,0.2557412
0.061878234,0.9704935
0.059892412,0.9686164
0.10562214,0.26266932
0.070886,0.17254114
0.11141961,0.24086636
0.06109746,0.96903604
0.061042316,0.9691348
0.06358037,0.9642712
-0.110057294,0.75702804
-0.15517533,0.20099609
0.06115336,0.9691056
0.06112015,0.96882635
0.105417885,0.25933963
0.18084149,0.08160892
-0.34133017,0.54157364
0.016205542,0.7418255
0.021419419,0.16848846
0.06109218,0.9690821
0.03866037,0.4343885
0.06104717,0.96909094
0.22207098,0.28615305
0.061627768,0.9589256
0.061064977,0.9690747
0.060878325,0.970248
-0.26755652,0.31643414
0.060792014,0.96952677
-0.39828253,0.20592563
0.061074343,0.9690878
0.106793515,0.2587217
0.11040407,0.26252058
0.061049517,0.9696935
0.061068423,0.9691139
0.10864685,0.25837672
0.10735278,0.25717413
0.117456645,0.1990076
-0.12926936,0.07140772
0.10574566,0.2554827
0.06098015,0.9692234
0.061097246,0.9691546
0.060956955,0.9685904
0.06071182,0.96946865
0.061062083,0.96916777
0.13224012,0.20539428
0.061015505,0.9692808
0.109788194,0.263407
0.061220508,0.96941155
0.16716519,0.22377773
0.061342716,0.96938354
0.053517327,0.9616041
0.061115645,0.96894
0.105794534,0.28834352
0.06209508,0.9689795
0.06210949,0.9695376
0.30339444,0.17589186
0.39603713,0.3351596
0.10634208,0.26000977
0.111147955,0.25308433
0.061083917,0.9700134
0.06104996,0.9692015
0.030025221,0.7178414
0.1085323,0.26202646
0.10714201,0.26467797
0.097578086,0.26828668
0.059906982,0.9685655
0.061226852,0.9712978
0.10637319,0.25730258
0.4518478,0.16366963
0.06105451,0.9689961
0.06101768,0.9691175
0.013291717,0.26300466
0.11970387,0.25324664
0.28691822,0.49182516
0.061032664,0.969171
0.061087813,0.9692565
0.061590474,0.9697125
0.013296296,0.7404342
0.061031904,0.9497223
0.07325824,0.93970674
-0.0657443,0.07717509
0.25135058,0.09183344
0.11312298,0.2711999
0.061037734,0.9690371
0.061107237,0.9691403
0.0608873,0.9689337
0.060915384,0.96801287
0.11093536,0.25624993
0.061035343,0.969053
0.01645986,0.8553377
0.061406933,0.96962893
0.2723251,0.0086274175
0.061066933,0.96920526
0.006488479,0.19996646
0.10785917,0.26537803
0.4039754,0.21648085
0.108542584,0.2520702
0.065027855,0.9685687
0.11006031,0.25728774
-0.014570583,0.24456477
0.06108751,0.96912056
0.05849859,0.9692584
0.04454312,0.9319634
0.13660575,0.24969815
0.061061937,0.9690568
0.10783348,0.2585853
0.1150317,0.2583074
0.09586135,0.21734838
0.10992095,0.26154912
0.06106108,0.9690808
-0.23928922,0.2397912
0.06107756,0.96909267
0.11036449,0.26448384
0.038430963,0.8747416
0.085305594,0.31495246
0.11301973,0.25374997
-0.058339898,-0.011481009
-0.14082548,0.26763636
0.1040698,0.2588911
0.10866688,0.25767115
0.0610323,0.96927863
0.10562818,0.2629395
0.060286637,0.9695687
0.14730118,0.22588481
0.061370593,0.9698431
-0.19287793,0.38885632
0.06191451,0.9693415
0.086469464,0.16246596
0.10618313,0.26209593
0.112875074,0.2541267
0.06041002,0.9695189
0.11158221,0.2621447
-0.34106928,0.4335194
0.056873303,0.96512973
0.060362462,0.9687113
0.11600692,0.205925
0.08528191,0.25959674
-0.114876784,0.13864528
0.0898317,0.21939927
0.12326327,0.24622558
0.4993645,0.39704007
0.06102715,0.9690846
0.05755918,0.25929177
0.10844561,0.2635323
0.10994338,0.25631058
0.109961465,0.25635418
0.11089702,0.2596605
0.06244033,0.97018987
0.061056156,0.9687863
-0.15541983,-0.0129461065
0.10761186,0.2560356
0.056566175,0.8760136
0.107768655,0.25517285
0.11579908,0.27241108
0.06137163,0.968678
0.060956184,0.92041796
0.060262606,0.9699372
0.21969922,0.28358284
-0.0069207028,0.5646233
0.105578296,0.2630078
0.10728351,0.25650197
0.061944544,0.96380615
0.106402345,0.26741025
0.4290915,0.09451008
0.11780164,0.2555294
-0.064230025,0.2370253
-0.2210311,0.15050511
0.11286329,0.2537206
0.06255302,0.9705465
0.11197758,0.26036036
0.064201124,0.3989209
0.10808045,0.25650293
0.06107085,0.96913046
0.107503764,0.25947157
-0.123638414,-0.027605359
0.1731562,0.3270722
0.10675625,0.26166546
-0.017109314,0.54811823
0.08476774,0.8582313
0.061049707,0.96915394
0.07454082,0.27008337
0.061073624,0.9691482
-0.074802846,0.29349768
0.33160868,0.035104703
0.061823606,0.9708676
0.061088856,0.9691206
0.061094508,0.96863735
0.059751827,0.9709962
0.16906665,0.60188323
0.060916644,0.9695934
0.08933943,0.23620835
0.061068065,0.9691086
0.26048964,0.35987484
0.10943522,0.2555962
0.1118236,0.26326564
0.10665987,0.25835827
0.06111332,0.9699258
0.061221812,0.96820086
0.10998395,0.25562286
0.23219156,0.5807151
0.10547379,0.26298097
0.062449444,0.9685724
0.054476872,0.9661564
0.060829777,0.9689727
0.061068065,0.9691084
0.06100324,0.96918064
0.11456513,0.31445712
-0.035288267,0.6605865
0.061709333,0.9699114
0.14555497,0.24870276
0.1073218,0.2638483
0.05632446,0.9617264
0.12071972,0.7371954
0.0630271,0.9471197
0.05157888,0.9468907
0.018602794,-0.0149455285
0.061031666,0.96912384
0.10852221,0.25427353
0.11035054,0.26265517
0.1123369,0.2559883
0.061057683,0.9692462
0.06100491,0.96893656
-0.1794889,0.58922553
0.11077919,0.25708213
0.06096801,0.9690583
0.13013561,0.13133904
0.060970884,0.9688905
0.100280635,0.2654852
0.06891074,0.265006
0.06074345,0.9685264
0.10875862,0.26296544
0.05973291,0.970159
0.005631943,0.09056397
0.09135237,0.27560958
0.061050013,0.969107
0.10907202,0.2560201
0.10324738,0.25592214
0.10929756,0.25823405
0.12060306,0.26478896
0.11078722,0.26344687
0.061051305,0.9690842
0.10762693,0.2529911
-0.10123412,0.45241818
0.10480195,0.25546676
0.06111346,0.96883804
0.07188867,0.94491154
0.106575236,0.25063077
0.061120782,0.9684669
0.06101594,0.9692061
0.06109815,0.9679283
0.061428115,0.9701317
0.11080587,0.2563754
0.061086923,0.9691439
0.01169603,0.7468004
0.1195675,-0.108512394
0.28609696,0.21310157
0.079781264,0.26283336
0.35240325,0.39731902
0.109715104,0.25920266
0.105697185,0.2545405
0.2739944,0.16194418
0.10807105,0.2547367
0.10979904,0.26612452
0.060133796,0.9704392
0.10962628,0.26135632
0.061314248,0.9691411
0.08717131,0.22332984
-0.44757262,0.18997861
0.074058376,0.28713152
-0.41681445,0.14846897
0.110911824,0.22876522
0.12059603,0.10993382
0.060908057,0.96969587
0.060921762,0.969493
0.10948101,0.2628336
0.062112372,0.96965754
0.060681738,0.96983147
0.112221494,0.2544652
0.060866095,0.96857774
0.06106146,0.9691306
0.120608054,0.41612026
0.38571143,0.22640367
0.061063673,0.9691473
0.38361397,0.3236823
0.3936374,0.15064575
0.059450813,0.9631106
0.105512686,0.25585985
0.061056927,0.9691164
0.061037358,0.969041
-0.05168379,0.22774702
0.03672537,0.23774374
0.15826304,0.5835794
0.108806804,0.2547025
0.108925916,0.26274028
0.05451163,0.9560795
0.1088372,0.25695226
0.104325026,0.2570978
0.09502472,0.87700653
0.0606885,0.96911377
0.10721823,0.25406983
0.06160658,0.96939963
0.34391427,0.18151942
0.060520656,0.9696887
0.41388088,0.40677017
0.057063468,0.5988237
0.106226094,0.26511872
0.061214514,0.96916693
0.32396588,0.23535705
0.061326597,0.9675375
0.035477374,0.040766675
0.11273645,0.28548706
0.11373623,0.4959636
0.06103078,0.96915233
-0.13109298,0.16861962
0.11062465,0.2630495
0.108407974,0.2629236
0.06104077,0.96897584
0.05704208,0.96738017
0.10517412,0.2563435
0.061054148,0.96910936
0.10733778,0.26588637
0.06601386,0.9522647
0.061076283,0.9690869
0.118043035,0.14894295
0.18663804,0.21547462
-0.43650436,0.15390494
0.10755224,0.25517204
-0.16163819,0.3775999
0.058495324,0.9704407
0.10782674,0.2549292
0.10897515,0.2568611
-0.06997507,0.65736306
0.31348076,0.0051126466
0.110280834,0.2635761
0.1372438,0.20239688
0.10521645,0.2622636
-0.3726256,0.54424834
0.11217304,0.6970647
0.0610142,0.96901184
0.12507074,0.24471624
0.073204115,0.91321063
0.10732635,0.26577893
0.10801291,0.26286206
0.06096507,0.9692274
0.24941987,0.018097807
0.060593054,0.96853894
0.1083421,0.2555659
-0.0024509474,0.6801841
0.06102883,0.9689607
0.11225542,0.2616125
0.23258802,0.18986559
0.108468205,0.2643871
0.10765741,0.26284721
0.092441835,0.8952087
0.10846114,0.25710094
-0.3089684,0.6850314
0.106500186,0.2642625
0.071468785,0.94128525
0.060949605,0.96918684
0.11932427,0.26074916
0.060559087,0.96972436
0.049868546,0.24101125
0.03820889,0.83251977
0.15750705,0.31547686
0.36781532,0.25543836
0.28669715,0.42761818
0.12012983,0.25828278
0.107213065,0.257258
0.05947507,0.9697247
-0.007838893,0.64186025
0.07842359,0.14975445
-0.094816074,0.5467011
0.073822655,0.7159552
0.10813091,0.25727797
0.06274031,0.9688527
0.06005011,0.96968204
0.21152681,0.62124634
0.06122366,0.968721
0.10888456,0.25386766
0.11029563,0.2523081
0.20872907,0.23632948
0.061061367,0.9691823
0.11670887,0.24805947
0.061117616,0.9698459
0.061416764,0.9690498
0.060476005,0.96938103
-0.04196777,0.16087243
0.027341858,0.8576337
0.059679486,0.9699571
0.10965113,0.26732367
0.060850605,0.9695043
0.10982055,0.25811592
0.28085425,0.6007062
0.1100361,0.25708735
-0.31340945,0.59267277
-0.35903135,0.20747383
0.1591362,0.53005713
-0.006513799,-0.016825711
0.24941494,0.2086757
0.111490086,0.2531387
0.1060763,0.2646854
0.061050285,0.9690943
-0.079971746,0.46029487
0.10743961,0.26598337
0.10900571,0.25681317
0.14388059,0.23846129
0.061008293,0.9176453
0.1061114,0.25960937
0.099821486,0.35702115
0.113087766,0.26100913
0.11023283,0.26647538
0.06110526,0.96911347
0.14102422,0.64314586
0.107605256,0.2556025
0.11049354,0.25589
0.06101351,0.9695057
0.06110468,0.9693295
0.10777532,0.25499538
0.044938106,0.21210358
0.106253155,0.25846165
0.108787015,0.25925976
0.061647218,0.9704716
0.076626904,0.34949172
0.10868963,0.26025
0.15895118,0.29021263
0.1216372,0.057275355
-0.12198317,0.15042439
-0.076465756,0.2825633
0.06134488,0.9681171
0.061028518,0.9693072
0.08733552,0.7803595
0.10702283,0.2542486
0.0675286,0.9389334
0.03093597,0.6593846
0.3865123,0.28140628
0.05201877,0.87085336
0.093228124,0.16707927
0.060725845,0.96875083
0.06037278,0.96925235
0.44863856,0.32173738
0.07231332,0.8905368
-0.26811695,0.6969602
0.028387532,0.39802405
0.06109186,0.96911734
0.1026459,0.25230265
0.10961552,0.2646726
0.0715023,0.20804107
0.25272432,0.1329797
-0.12103799,0.30099547
0.05992765,0.16436748
0.07741392,0.3235806
0.1085823,0.26137188
0.09945433,0.27498725
0.111106716,0.2611289
0.110965505,0.2630582
0.11182422,0.2736288
0.060981445,0.96816456
0.107680775,0.252227
0.35860556,0.28401494
0.09337445,0.79816216
0.107515246,0.26157042
0.061043125,0.9685007
0.062011898,0.9702302
0.06468735,0.43678287
0.25704265,0.5287109
0.06109139,0.96907246
0.16511914,0.43249756
0.108059764,0.25573
0.08166933,0.72345275
0.060888976,0.9689655
0.30721465,0.16466397
0.061910946,0.96891314
0.061400607,0.9698539
0.061081763,0.96896785
0.11108138,0.25065842
0.108581446,0.26519376
0.11403958,0.2529391
0.061077245,0.96913403
0.061485365,0.9688251
0.0571591,0.9473835
0.10641605,0.25616977
0.061561752,0.96853566
-0.010222692,0.69863015
-0.2903917,0.3319014
0.0910414,0.808153
0.1667314,0.3436113
0.06021499,0.9700503
0.06107535,0.9689671
0.0808888,0.7803911
0.3671657,0.3478015
0.37523943,0.04216043
0.10553899,0.2633593
0.10816675,0.25573897
0.25143492,0.29660806
0.07275138,0.28597724
0.10582182,0.26291335
0.060199447,0.96865135
0.11249749,0.2562758
0.031122351,0.10382563
-0.02724738,0.57528436
0.061013803,0.96914023
0.06279699,0.96896064
0.11943874,0.031629924
0.08587115,0.21050185
0.039779186,0.20772712
0.053980786,0.9617293
-0.040506892,0.33624586
0.27071387,-0.0005986587
0.10326565,0.25102258
0.093933746,0.2301925
0.060888268,0.9686147
0.003199761,0.85730577
0.10725971,0.25940877
0.11080905,0.2626616
0.1030045,0.26034477
0.20916799,0.23735477
0.108401835,0.2560379
0.060706705,0.9660406
0.10742115,0.25383657
-0.16084374,0.586322
0.06230868,0.9685087
0.07699893,0.9174374
0.062252868,0.7607573
0.108697616,0.2530167
-0.07293144,0.33705443
0.06446682,0.9651908
0.14658558,0.2685327
0.10887422,0.26352856
-0.067911536,0.671763
0.061031386,0.9691465
-0.0990412,0.39146185
0.052175075,0.9220217
0.11113959,0.25950247
0.12812904,0.31275788
0.0611628,0.96842694
0.12960756,0.28823662
0.022486493,0.430631
0.31908968,0.187045
0.06029987,0.96949124
-0.4350103,0.19557585
0.10811994,0.26298574
0.10780516,0.265552
0.061104674,0.9690728
0.3787978,0.19784154
0.05950902,0.965727
0.061159693,0.96916515
0.11038507,0.2537653
0.10839183,0.26476726
0.10815921,0.26737937
0.055962764,0.9596255
-0.37173542,0.61623454
-0.047474384,0.24713723
0.10962959,0.26255974
0.10875593,0.2548996
0.056332335,0.9652156
0.105619766,0.42391357
0.061064728,0.96905667
0.5228495,0.31254643
0.061477687,0.9664568
-0.34587875,0.6509667
0.108994514,0.26092336
0.10832287,0.25435993
0.1121444,0.25580868
0.061072458,0.9690989
0.06010967,0.9714123
0.11172918,0.261792
-0.20873469,-0.09568506
0.49106175,0.34797493
0.26234707,0.45622432
0.14274657,0.10593279
0.10974124,0.25519273
0.060118962,0.97147906
0.05117946,0.79342216
0.109259665,0.26313388
0.1062135,0.24742791
0.109853804,0.26239228
0.23352627,0.46705538
0.0389495,0.021564465
0.26416203,0.547712
0.10847721,0.26424327
-0.03547181,0.49235368
0.34207508,0.066293
0.06107152,0.968889
-0.2296378,0.21070786
0.06127189,0.9694153
0.10659088,0.25807166
0.11085814,0.26392743
0.10823436,0.25905836
0.061079837,0.9690664
-0.043225743,0.39058164
0.108018905,0.25589848
0.036732517,0.825786
0.10295256,0.26417243
0.09492287,0.89218557
-0.06583903,0.21591833
0.061030567,0.96917975
0.17060778,0.39304146
0.09084111,0.23328644
0.107207,0.26526162
0.09495995,0.17259766
0.10707294,0.262786
0.10417408,0.25628638
0.060065378,0.9619259
0.062253248,0.96958244
0.25613967,0.17112264
0.10617638,0.26405522
0.28148568,0.3828735
-0.4281109,0.20081386
0.11244715,0.25625652
-0.014085041,0.25709793
0.06132682,0.9673415
0.11172528,0.26248965
0.10910454,0.25473076
0.08741604,-0.09514963
0.11136357,0.26081723
0.005013926,0.11933233
0.10868312,0.25759456
0.06773974,0.21891415
0.10829277,0.26424226
-0.066304564,0.27434132
0.10494534,0.26580474
0.106704734,0.26382366
0.062980905,0.9602909
0.061719548,0.97031206
0.106990665,0.25556394
0.045931056,0.9409009
0.19810903,0.68474966
-0.3181668,0.69533646
0.024128124,0.9354439
0.107636854,0.2523715
0.0610118,0.96921384
-0.39267445,0.2228877
0.062231444,0.78712666
0.132438,0.27118582
0.06104173,0.9690724
0.108406916,0.2575593
0.10860463,0.2542337
0.4157796,0.22432384
0.15072075,0.19409035
-0.0314713,0.7538188
0.195294,0.27102134
-0.25067624,0.1269013
0.13969828,0.2564215
0.10728434,0.2662156
0.061056573,0.96908826
0.10982996,0.2538534
-0.27098522,0.2544344
0.109863274,0.26194552
0.061077524,0.969157
