-0.06534769,0.02087998
-0.62854624,0.66306776
0.25161836,-0.80775476
-0.55543625,0.71755975
0.2555047,-0.79897904
-0.5757316,0.613148
0.13190368,-0.7844922
0.13244088,-0.62345505
0.07490738,-0.38249528
0.26726267,-0.8048363
0.25505447,-0.8055147
-0.34809384,0.38239348
-0.6161249,0.65620077
-0.67085266,0.5845009
0.24221803,-0.8046627
-0.072345935,0.08670421
0.19869806,-0.822819
0.235479,-0.8103743
0.279633,-0.7941778
-0.11659071,0.15630248
0.04832677,-0.74763036
-0.5408367,0.4862588
-0.08270982,-0.0071297996
-0.5237627,0.53361195
-0.61284304,0.6799467
-0.55178297,0.72458404
0.22493273,-0.8082611
-0.37402377,0.38313755
-0.52181894,0.6697146
0.25223878,-0.8058998
0.19993311,-0.8120658
0.16476262,-0.78721386
0.11538369,-0.7919324
0.1799458,-0.7861163
-0.714539,0.5426358
0.30988792,-0.78767705
0.27821577,-0.7945043
0.09929489,-0.6857853
-0.53906524,0.7234548
0.14524494,-0.80312216
0.22518067,-0.80848765
-0.6697928,0.6154122
-0.59108573,0.49867293
-0.18818016,0.31399342
0.2958015,-0.79253536
-0.6952027,0.59319574
0.19760197,-0.7971718
0.20763333,-0.8066032
-0.14824104,0.22292873
0.2581983,-0.797262
-0.6666478,0.46443352
-0.5528654,0.7231308
-0.044083193,-0.6172449
-0.3516478,0.41007346
0.18523829,-0.8162995
0.18731242,-0.81541467
0.21402568,-0.7996695
-0.64077425,0.6530101
0.2683632,-0.8015488
-0.6969139,0.5904238
0.26168132,-0.80062854
-0.68860584,0.5998949
-0.70127386,0.5853628
-0.64959157,0.64042944
0.0037189226,-0.10639085
-0.0012655776,-0.31207496
-0.0021383185,-0.080997005
-0.6743378,0.5089961
-0.41638148,0.4173305
-0.10481865,-0.18881497
0.017466655,-0.6834535
0.046625387,-0.74842054
-0.54151154,0.7210038
0.23111589,-0.7985129
-0.5502957,0.7236767
-0.54124826,0.72572017
0.26844072,-0.7961132
0.17380904,-0.8092398
0.18995713,-0.8097279
-0.6816389,0.6045118
-0.6843069,0.5725205
-0.6905178,0.5176073
-0.5347767,0.7251372
0.18983555,-0.8057952
-0.017532082,0.06657779
-0.04752748,-0.19487949
0.1819224,-0.81647116
0.039707188,-0.7144913
0.2869172,-0.7976931
0.0016875007,-0.030849956
-0.5950949,0.42829823
0.23817371,-0.80552214
-0.08303659,0.15273719
-0.025127022,-0.3335678
0.010815107,-0.26634508
-0.63657624,0.6508387
-0.59363467,0.6931506
-0.70472175,0.53644955
0.17797902,-0.8046154
0.2575271,-0.80213046
-0.6759354,0.62183166
0.3163533,-0.7838766
-0.6462771,0.63952166
-0.63829947,0.65005183
0.21459594,-0.80379874
-0.019082313,-0.6458347
0.2868521,-0.7970501
0.022617407,-0.6707733
0.22923465,-0.80938745
-0.6800153,0.6094649
-0.7001436,0.47726238
0.29510543,-0.7955593
-0.059830043,0.054698396
0.21154138,-0.80349433
-0.27258444,0.25519004
-0.032031536,-0.026081536
0.24074511,-0.8075653
-0.545567,0.7204577
-0.56801915,0.57303476
-0.56402934,0.42863715
0.15407479,-0.72932905
0.028129984,-0.56079596
0.2548119,-0.7968983
0.21651872,-0.80967677
0.22421111,-0.8104761
0.22405754,-0.80656797
0.1590793,-0.788075
-0.6818266,0.60803175
0.16134407,-0.78131694
-0.64973795,0.6454386
0.05006934,-0.72276753
0.26897573,-0.80115503
-0.55682564,0.72226435
0.2757544,-0.79799646
-0.5510236,0.5665237
-0.5619069,0.7174838
0.27831352,-0.79741794
0.27147013,-0.8062256
0.20615746,-0.8113844
-0.65345293,0.63226247
0.13609028,-0.7960323
-0.5452775,0.72385025
-0.68912023,0.5997483
-0.68119353,0.61300015
-0.69069934,0.5969353
0.24445906,-0.7995226
-0.6542584,0.63671005
-0.011124913,-0.10281005
-0.5987641,0.58039033
-0.6884619,0.5617159
0.021648362,-0.6816814
-0.5803175,0.59593886
-0.54876864,0.6703082
-0.6347126,0.64518327
-0.5467228,0.7252342
-0.5088631,0.33001328
-0.076726615,0.14005233
-0.0029972768,-0.7096625
-0.57305783,0.7104784
0.1709678,-0.79111546
-0.5337734,0.7184861
-0.60608834,0.6797055
-0.68725604,0.539282
-0.5425702,0.7206066
-0.042636577,-0.13320835
0.03572554,-0.0098805735
-0.6862358,0.603207
-0.0435132,0.032700013
0.17474303,-0.7948223
-0.6921941,0.5989906
-0.6760399,0.5905401
0.15707964,-0.798183
0.033008877,-0.7152464
-0.5916081,0.68681234
-0.60487723,0.6760246
-0.21429375,0.18551543
-0.041107178,-0.023887718
0.026366077,-0.7604323
-0.648258,0.6399852
0.22264348,-0.8125358
0.011393969,-0.73619825
-0.6046839,0.678877
0.15636362,-0.81202257
-0.6025541,0.69085914
-0.5746733,0.70371234
-0.06524008,0.076207556
0.24465138,-0.7998232
-0.5972078,0.6831948
-0.060288806,0.10888208
-0.63156515,0.623718
0.28249365,-0.7971973
-0.006907848,-0.37130243
-0.5409517,0.7212343
-0.57424647,0.67661226
-0.65549415,0.63968205
0.123716705,-0.78553927
0.24406156,-0.8086127
-0.6967929,0.5662951
-0.028452354,0.12866133
-0.02762976,0.11450103
0.012887221,0.008877554
-0.015697071,-0.6504974
0.24827048,-0.7956533
0.25565967,-0.8078123
0.272724,-0.8034081
-0.6219056,0.6643023
0.10364694,-0.25717244
0.21246122,-0.8051832
0.17980279,-0.79387975
0.033833936,-0.10357074
0.2463047,-0.8013471
0.23876418,-0.80045617
-0.6009137,0.68375295
0.21255563,-0.8013979
-0.60894674,0.6778606
-0.644752,0.63321465
-0.07233154,-0.14029403
-0.5709049,0.7038937
0.19391881,-0.8130953
0.2324626,-0.8080542
-0.48953775,0.54550606
-0.56031704,0.7175889
0.25815228,-0.8045379
-0.59753436,0.68978345
-0.69947416,0.58668023
0.25435618,-0.76963776
-0.54983395,0.7153216
-0.55159605,0.71850175
-0.6785735,0.61359787
-0.5336601,0.36581406
0.20582388,-0.81925917
0.14039147,-0.78905034
-0.66178143,0.6200275
0.23953582,-0.807793
0.041998614,-0.56730866
-0.5412172,0.72578365
-0.6730185,0.610487
0.25414234,-0.8077487
-0.26906216,0.39088333
-0.59429383,0.69142115
0.0904379,-0.7619206
0.23116982,-0.80363345
-0.075817786,-0.34603557
-0.68637455,0.59826183
0.25686496,-0.78936845
-0.5515796,0.7115702
-0.67922145,0.6080543
-0.5920372,0.69529474
-0.06329934,0.03190859
-0.6936067,0.5836867
-0.5519579,0.70343107
-0.66459715,0.6296696
0.2257206,-0.80272985
0.22827747,-0.8086011
0.20720719,-0.8059222
-0.619888,0.67264116
0.2804726,-0.7957325
-0.56032217,0.58632034
0.22598931,-0.79921544
0.17075159,-0.80603623
-0.62218714,0.6162969
-0.061591025,0.07099214
0.19462141,-0.81573266
-0.43720534,0.25514695
0.14603108,-0.7789155
-0.70465016,0.5798226
0.2627509,-0.80114913
-0.5520618,0.3904606
-0.5550411,0.71907157
0.21657643,-0.81101966
-0.4675627,0.2545315
0.120277256,-0.7584679
0.13817878,-0.776599
0.2460873,-0.80003095
-0.7023189,0.49535847
-0.6811455,0.5937361
0.2783382,-0.79418457
-0.6544137,0.627027
-0.54906243,0.7227944
-0.09511799,-0.046417795
-0.6642044,0.6280215
-0.6927318,0.5821501
0.22640453,-0.8125843
-0.68792945,0.6030224
-0.6958364,0.5492446
-0.602793,0.6555745
0.08587743,-0.7610952
-0.34870476,0.30562973
-0.66729796,0.61925393
0.15336023,-0.7863478
-0.6493988,0.64520717
-0.6892917,0.5825214
0.14595796,-0.80109394
0.18977381,-0.79399467
0.10558769,-0.76845866
0.21953075,-0.8092542
0.23100686,-0.80482554
0.13889346,-0.750435
0.29405403,-0.7975838
-0.55192536,0.724456
-0.6341556,0.6577346
0.2585609,-0.80724585
0.14441983,-0.7740498
-0.55919415,0.7103113
0.11562125,-0.7674317
0.15734303,-0.7819796
0.13449381,-0.7766815
0.25157654,-0.8038582
-0.043657847,0.08800207
0.18600492,-0.80453086
-0.63148123,0.6546595
-0.19550282,0.16980185
0.21801123,-0.81213826
-0.6910514,0.5991658
-0.0033621546,0.038410604
-0.040153,0.15509659
0.27790883,-0.8009367
0.21985902,-0.7975885
0.24936682,-0.80292636
0.010071417,0.033537276
0.13320929,-0.8026511
-0.41841385,0.5705665
0.18295516,-0.7963294
0.17867818,-0.7791795
-0.58501613,0.701781
-0.69630814,0.522401
0.2378492,-0.80147636
0.02621903,-0.2507174
-0.70466614,0.56197
0.26536924,-0.7973242
0.115857534,-0.7771118
-0.2680016,0.3708496
-0.11975472,0.07582098
-0.3233074,0.40712368
-0.6737575,0.60848385
0.18999378,-0.82291174
0.09117692,-0.7671058
0.23356156,-0.81102514
-0.6895265,0.6077622
-0.6637151,0.6300701
-0.6158784,0.6794865
0.22610012,-0.81063634
-0.6991145,0.5717423
-0.5501407,0.7184174
0.17382656,-0.7960354
-0.6975184,0.5940325
-0.539424,0.72175115
-0.6083604,0.6731575
-0.53885335,0.7217499
-0.67518514,0.6207741
-0.10220581,0.08197233
-0.63005215,0.45757544
-0.6118441,0.6768461
0.0649084,-0.7550446
0.00093529676,-0.16743092
0.22954997,-0.8126822
-0.50844985,0.6697618
-0.6983502,0.5976838
0.19279398,-0.8199127
0.14079715,-0.8045349
-0.64879066,0.64245254
-0.68043715,0.61430365
-0.6468002,0.44507217
0.19555035,-0.7967663
-0.69041175,0.45747218
-0.6319644,0.6586377
-0.3089832,0.34724462
-0.111650005,0.12781942
-0.5941576,0.34881198
-0.060865253,-0.6447741
0.22233781,-0.81156397
-0.6484459,0.64716995
-0.35216272,0.2917133
-0.5616602,0.7211729
-0.6571687,0.6304903
-0.08862555,-0.030127155
-0.045299023,-0.313369
-0.055780567,-0.04021515
0.04759804,-0.7330289
-0.6095747,0.6792548
-0.6706995,0.6270697
-0.4896239,0.25680375
-0.06642748,-0.032976817
0.2542637,-0.8042853
-0.049435467,0.047360405
-0.69083124,0.5807042
0.27010462,-0.8010469
-0.6694621,0.6171926
-0.704721,0.5858353
-0.29277825,0.28366807
-0.31013283,0.21965231
0.140906,-0.7744884
-0.70065093,0.5525529
0.2524944,-0.81020385
-0.69693166,0.5658758
0.2506785,-0.8059496
-0.019254586,0.004875552
0.008652242,-0.24222493
-0.69988555,0.5778039
0.105594665,-0.7534533
-0.6595527,0.615169
-0.5379569,0.6824841
-0.5419733,0.726376
-0.5226906,0.33915558
0.0201841,0.0100091165
-0.21181804,0.22340535
0.22741343,-0.8090108
-0.6220904,0.5618877
-0.6931604,0.59207594
-0.6721883,0.3390022
-0.6742884,0.6167422
0.18468563,-0.808721
-0.67250854,0.6023425
0.034628794,-0.735155
-0.69257575,0.5980627
-0.39930096,0.47944176
-0.54398376,0.72516245
-0.55782074,0.6811208
-0.39488104,0.30588865
-0.68138444,0.60524565
0.2970975,-0.7897333
0.17125204,-0.8118743
-0.6863753,0.549819
-0.06602233,0.03485317
0.12202722,-0.8114296
-0.04365335,-0.67679405
-0.6908897,0.58686453
-0.61983913,0.66243446
-0.6789785,0.6126016
-0.014805562,0.0118756145
-0.1790876,0.17647946
0.027908225,-0.70899886
-0.6114786,0.63893056
0.20538352,-0.79779255
-0.5732715,0.69745034
-0.68568707,0.59938765
-0.602961,0.685466
-0.021616742,-0.05865451
-0.013712152,0.03268459
-0.5534992,0.70611984
-0.017468415,-0.7112669
-0.032690518,-0.69183606
-0.11580005,-0.36798126
0.12565905,-0.80553365
-0.54493976,0.72226864
0.28067556,-0.8014557
-0.6821177,0.5893435
-0.70510805,0.545228
0.015122395,-0.015203434
0.25682887,-0.80123824
-0.07956711,0.05400897
-0.5396639,0.7242851
-0.6812563,0.4940834
-0.67277205,0.6241612
-0.68792427,0.5950742
0.23994471,-0.8083452
0.18493041,-0.8028116
-0.5528855,0.72207534
-0.5458711,0.7221193
-0.6801303,0.6223896
0.22535533,-0.80489147
-0.54642403,0.7223522
-0.21529976,0.1800724
-0.56142217,0.70221263
-0.6986991,0.5611685
-0.5609752,0.71490616
-0.037546717,-0.20300287
0.13014983,-0.7823179
-0.5916639,0.7022511
0.026062261,-0.017980337
-0.66618514,0.62487805
-0.5461448,0.7242548
-0.6840182,0.5870343
-0.0034942012,-0.039164532
0.05196371,-0.10533561
-0.22533998,0.2773039
-0.5492152,0.72570086
0.25243875,-0.8118143
-0.66810596,0.5517516
-0.15529019,0.13452473
-0.5668608,0.714572
-0.6216407,0.67060286
-0.5541559,0.7222747
-0.5644906,0.72203094
0.0046187886,-0.6667264
-0.5477893,0.72202194
-0.005525687,-0.69420034
-0.61615473,0.6774799
-0.6608481,0.62274855
-0.5431076,0.7311982
0.27681628,-0.7981406
0.25923315,-0.8038859
0.15831491,-0.8167588
-0.69486,0.5634952
-0.7054403,0.5580722
-0.049047273,-0.65945184
0.017470974,-0.7290237
0.0,0.0
-0.617962,0.6711474
0.0015309036,-0.0290003
-0.6267935,0.6640695
-0.70850146,0.5712995
-0.5409686,0.7236374
0.26465574,-0.8009858
0.14983857,-0.8066767
-0.10586302,0.069132045
-0.06136114,0.064718865
0.2757769,-0.7921542
0.093960926,-0.77821493
-0.7002169,0.59519887
-0.67310536,0.60994095
-0.643341,0.53108376
-0.024269039,0.07580678
-0.017315872,-0.05612195
-0.6955435,0.56137264
-0.03201464,0.041314345
0.16535018,-0.80365884
-0.53180045,0.7255679
-0.6608123,0.6401348
-0.6733178,0.61943334
0.23267706,-0.80830574
-0.67765,0.613006
0.07576956,-0.7617825
-0.055722803,-0.0003886532
-0.71557087,0.5268588
-0.5487277,0.35445228
-0.35534418,0.4328434
0.17261356,-0.8170097
-0.60087436,0.6712673
0.029649017,0.14642848
-0.105210334,0.07927959
-0.55373824,0.72046405
-0.31657344,0.38466993
-0.08262549,0.12167743
-0.56856143,0.7084118
-0.6967529,0.5961431
0.20263119,-0.8150224
-0.55676913,0.7235757
0.21591513,-0.8003522
0.01704215,-0.041722063
-0.033871174,-0.14473876
-0.70079803,0.49961925
0.16411246,-0.7801254
-0.68070877,0.60709774
-0.51551443,0.35782376
0.19895151,-0.80773133
0.13720536,-0.7995968
0.28402025,-0.7964117
-0.54291093,0.7185761
-0.6685055,0.62139666
-0.53435576,0.728417
-0.016066346,-0.15412669
-0.6449626,0.6411095
-0.021519085,-0.55261475
-0.693278,0.5905053
-0.6189595,0.65916336
-0.5700072,0.524133
-0.59059906,0.6753977
-0.51998514,0.57269645
-0.5562442,0.7065555
-0.6746193,0.6139361
-0.51027054,0.5020561
-0.6899116,0.59816206
0.23769413,-0.80385965
0.12576054,-0.79852337
0.043293733,-0.737657
-0.07104911,0.12700711
-0.63585174,0.6611277
-0.61334026,0.44764435
-0.006486823,-0.21844488
-0.5124618,0.5607891
-0.0952825,0.109287456
-0.63073426,0.6536742
-0.7128152,0.55455315
0.22117993,-0.81434786
-0.55350655,0.72284484
-0.61394817,0.67655486
-0.2511856,0.26311293
-0.48633215,0.42303237
-0.6644028,0.62338436
-0.6889625,0.6031002
0.19802289,-0.8122534
-0.04996682,-0.5769321
-0.71082944,0.5345784
-0.5322108,0.43250537
-0.5537402,0.715451
-0.544406,0.7261598
-0.5235116,0.317945
0.28247446,-0.7914754
-0.6340345,0.65356046
-0.12493857,0.054636367
-0.6284522,0.42218772
-0.14884812,0.08215416
-0.54248327,0.7237092
-0.46741587,0.2750548
-0.69919246,0.5856462
-0.54472387,0.7229133
-0.06984552,-0.13674746
0.08103322,-0.6585592
-0.45648345,0.45903912
-0.70576984,0.5558974
-0.53022784,0.45257893
-0.5747042,0.6949203
-0.06378759,-0.6517198
-0.70162076,0.57547796
-0.66464365,0.6265996
-0.705094,0.5832087
-0.65887916,0.45818195
-0.5889483,0.6692879
0.2177443,-0.8112237
-0.14793669,0.09713996
-0.29680786,0.44108152
-0.61935145,0.62348443
0.2999451,-0.79499954
-0.6276211,0.4800788
0.23078278,-0.81178236
0.01751351,-0.06884449
-0.008052548,-0.10931524
0.24337319,-0.80925006
0.283917,-0.8043359
-0.7035751,0.5714515
-0.016734751,-0.715363
-0.54397905,0.71976626
0.20947316,-0.81371933
-0.6495372,0.54563046
0.030362455,-0.37911916
-0.67395395,0.58281463
-0.6539917,0.5717759
-0.6130209,0.40104166
-0.56414974,0.5202749
-0.22506346,0.26236337
0.004138038,-0.16107841
0.007537801,-0.045566566
-0.047673166,-0.5860378
-0.6741859,0.6177648
-0.68417823,0.5645126
-0.5705266,0.42843604
-0.6925659,0.59570444
-0.69495565,0.561887
0.20851435,-0.8005679
-0.6692226,0.51426494
-0.03347859,0.041268233
0.10372246,-0.78705025
-0.63319516,0.5035789
-0.54737383,0.7222266
-0.6577433,0.4888394
-0.56861854,0.67251956
-0.5089949,0.5232231
-0.6742799,0.5886787
-0.60757756,0.6857187
0.2069307,-0.8094216
-0.6856251,0.5969281
-0.66761047,0.5683537
-0.6588192,0.6269528
0.2501443,-0.80335784
0.2834266,-0.797214
-0.54461735,0.7242564
-0.6412709,0.65689874
-0.61577564,0.5438124
-0.55262643,0.72196245
-0.7033637,0.5832878
-0.7277435,0.5398128
-0.56204396,0.71796566
0.07022782,-0.7253778
-0.67045116,0.6237362
-0.16849856,0.20497483
-0.14740066,0.15252985
0.23904379,-0.8110278
0.2570553,-0.80478936
0.20368318,-0.81040066
0.13253911,-0.47213137
-0.7120874,0.563462
-0.64345175,0.64652497
0.1840465,-0.806345
0.18091802,-0.81479985
-0.5406393,0.7240917
-0.020003099,-0.2781461
-0.64235514,0.6512283
-0.69339657,0.5961439
0.043795936,-0.71428317
0.040978603,-0.72511804
0.27765515,-0.8005393
0.15909345,-0.8165433
0.24660084,-0.80261964
-0.5156393,0.41527346
0.15026502,-0.8121215
-0.6886186,0.58105725
-0.67355597,0.6232703
0.2132046,-0.809378
-0.011336612,0.033516664
-0.5995892,0.48347244
-0.66165245,0.6340464
-0.65094465,0.6410691
-0.6996431,0.5925148
-0.70015883,0.59744465
-0.68808717,0.6092877
-0.6827772,0.4885297
-0.5491562,0.717994
-0.6911312,0.60109144
-0.03987226,-0.043103714
-0.62651455,0.65284413
-0.046920028,0.042358447
-0.664865,0.62867194
0.27475592,-0.8008583
0.2397615,-0.79043114
-0.7084362,0.5767122
-0.691143,0.6054705
-0.54682887,0.72196054
0.24787639,-0.7899454
-0.5775572,0.67451876
0.21537389,-0.81603795
-0.60007226,0.69268847
0.24552439,-0.8089933
-0.086557336,-0.20934637
0.21893567,-0.80930537
-0.6601486,0.48781744
-0.56535167,0.7056756
-0.12443352,0.14322352
-0.040661912,0.04219922
0.29159987,-0.7966803
-0.032943532,0.06335438
-0.661974,0.6313196
-0.6650652,0.6248165
-0.55793774,0.6610201
0.14635837,-0.7874057
-0.57488304,0.6588441
0.2640363,-0.808585
0.18861881,-0.7932066
-0.5193546,0.39452046
0.17392448,-0.8047498
0.24624594,-0.8117663
0.16160004,-0.80819494
-0.6706195,0.6213326
0.21685421,-0.8034118
0.28901923,-0.80143785
-0.6064393,0.67502874
-0.5586068,0.7190101
-0.040706296,0.147191
-0.54192686,0.7297452
-0.5409656,0.72957546
-0.6936268,0.5592983
0.22390161,-0.8110434
-0.6647044,0.63096774
-0.019003654,0.06417661
-0.6185279,0.65136456
-0.58924526,0.6899823
-0.541156,0.7083539
0.21684459,-0.8097515
-0.66233647,0.62135166
-0.54662204,0.7199932
0.04956315,-0.71214443
0.25775602,-0.8047789
-0.7016994,0.58857054
-0.6692164,0.6174135
-0.64096683,0.6183532
-0.0029688685,-0.6974306
-0.66461796,0.5941352
-0.042008758,0.12164838
-0.54304653,0.7216099
-0.14430064,-0.22909692
-0.54299223,0.73327327
-0.57581025,0.71275914
-0.41914427,0.30094722
-0.06988207,-0.12941195
-0.6845594,0.60806966
-0.6239861,0.6692891
-0.541941,0.7333923
-0.6733238,0.6150528
-0.66382396,0.6209002
0.27077833,-0.7968546
-0.06089979,-0.1313348
0.022508314,0.04068735
-0.7231411,0.5312329
-0.6252328,0.659945
-0.54600835,0.72256935
0.25628984,-0.8076357
0.28215557,-0.79789823
0.17145716,-0.81294674
0.20536217,-0.8123907
0.06920789,-0.75279874
0.2724008,-0.80109656
-0.69817466,0.5828019
-0.6692349,0.6194896
-0.63127685,0.6583754
-0.5428498,0.73038036
0.26602212,-0.80426
0.11194735,-0.7702279
-0.6095564,0.66366255
-0.6471222,0.6452444
-0.5847306,0.69429225
-0.67824316,0.60826844
-0.5425461,0.71245235
0.2889018,-0.79755706
-0.09598303,0.1572409
-0.549458,0.7165753
-0.61120504,0.68255883
-0.43127605,0.38968045
-0.2134766,0.18267283
0.08384389,-0.76008105
-0.59580886,0.69591904
-0.20681731,0.08974703
-0.51621026,0.6313067
0.27007782,-0.7962624
-0.6687871,0.6003711
-0.6178729,0.62472427
-0.052430667,0.06588395
-0.68551946,0.5922625
-0.021421468,-0.6885876
-0.6870688,0.5869437
0.1611202,-0.8031591
-0.6716453,0.5451475
-0.65124744,0.63698006
-0.6934577,0.574176
0.25974157,-0.8055571
0.26644623,-0.7977105
-0.5537971,0.7238052
0.286345,-0.8024315
0.067153856,-0.7562792
0.28166944,-0.80158144
-0.06123699,-0.59401286
-0.7154736,0.4986727
-0.7012105,0.5746784
-0.68899375,0.5926735
-0.07694147,0.12029867
-0.5487026,0.72613764
-0.71264046,0.56491303
-0.07229129,-0.10982991
0.26051235,-0.79884195
-0.68561035,0.60123
-0.08396392,-0.007333825
0.24818793,-0.8108469
-0.6169524,0.65199405
-0.5506698,0.72234595
0.27474695,-0.797163
-0.6186874,0.6229267
-0.5175212,0.67674774
0.021345189,-0.6603037
0.2843237,-0.7974877
0.20354623,-0.81366825
0.28258958,-0.7954446
-0.014084511,0.06284594
0.25825936,-0.80597794
0.21916129,-0.8128833
-0.65415865,0.6408111
-0.3333641,0.43458685
0.0021894474,-0.57591206
-0.66616535,0.61848146
-0.07279796,0.001120376
0.16603467,-0.80117255
0.17788854,-0.8015916
-0.7003448,0.5825037
-0.0704711,0.0908512
-0.059399292,-0.17435686
0.1670872,-0.80414534
0.0044971183,-0.61992025
-0.6949841,0.5292227
0.21360423,-0.80833244
-0.5620377,0.7021499
0.21873426,-0.80652696
0.21869372,-0.81443816
-0.5785984,0.7078202
-0.5896988,0.6979487
-0.63317305,0.6372275
-0.6727587,0.6132304
-0.6071137,0.6835458
-0.6608189,0.6244967
0.060624555,-0.7607198
-0.09613869,-0.13167936
0.14176285,-0.7944804
0.213456,-0.80457443
-0.049447235,0.091893435
0.26600984,-0.80651826
-0.642633,0.6482062
0.23340827,-0.80210245
-0.5250827,0.7193026
-0.6698673,0.6122311
0.15043883,-0.7855404
-0.6046395,0.67700684
-0.03963525,-0.44660768
-0.54730284,0.5158688
0.28648138,-0.7975861
0.095514536,-0.62024724
0.28381315,-0.79399854
0.2544326,-0.7986994
-0.70473075,0.578119
-0.46716142,0.45920914
-0.0885043,0.07161674
-0.6279028,0.6607912
-0.6077612,0.6724912
-0.7023606,0.5873259
-0.65407705,0.52146196
-0.5263245,0.3928073
-0.123789236,0.22149158
0.111658014,-0.72920287
-0.547835,0.7311269
-0.635418,0.6571569
-0.56931853,0.7118268
0.26739824,-0.7910521
0.25862983,-0.8056172
-0.6223567,0.6473267
0.04440639,-0.7235703
0.12921059,-0.79864407
0.24983121,-0.8081078
-0.5529173,0.7271348
-0.14172257,0.19258267
-0.46118504,0.4223231
-0.07552879,0.12531872
-0.02196309,0.12164609
-0.5509447,0.72053415
-0.013240394,-0.082940586
-0.64125365,0.64419484
-0.45742753,0.578792
-0.62744594,0.66480124
0.2572359,-0.8080787
-0.5496805,0.72412336
-0.6951578,0.5634419
-0.6707858,0.62174493
0.29322588,-0.7950556
-0.6154283,0.67566127
-0.5518664,0.7233192
0.27189216,-0.7997688
-0.48718205,0.6615431
-0.05614764,-0.09931666
-0.015041996,-0.16464688
0.16987371,-0.8145465
-0.62318516,0.66654503
0.2345763,-0.8015862
0.21423237,-0.79892397
-0.6835073,0.5981196
-0.12231953,-0.25372556
-0.65728986,0.63856363
-0.46417293,0.42352784
-0.68837667,0.5696086
0.20711517,-0.81150764
0.21229602,-0.81900364
0.23552537,-0.8078674
-0.6901687,0.59946716
-0.5509006,0.72433496
-0.6201863,0.6417578
0.2569275,-0.80528414
-0.58379316,0.606538
0.29209125,-0.7930911
-0.6944193,0.56311446
0.18672475,-0.8108503
0.20218557,-0.8113158
-0.5406115,0.7307251
-0.5380301,0.72286254
-0.0638867,-0.45219192
0.3031139,-0.79289484
-0.67553097,0.6018807
-0.5497631,0.71910024
0.24389055,-0.8087965
-0.05490961,0.012342945
0.15652959,-0.80458486
-0.6899561,0.5988003
0.22492889,-0.802941
0.019307928,-0.5870841
0.17955615,-0.8071584
0.2977785,-0.7856847
0.021962218,-0.031980146
-0.5516918,0.7245359
-0.50673777,0.3187786
-0.57663774,0.3623353
0.26322576,-0.8088475
0.14571856,-0.81524605
-0.023524262,0.093144946
0.1214473,-0.7573534
-0.68865794,0.5813804
0.24885377,-0.80225635
-0.63195837,0.65699273
0.26066893,-0.80593795
0.30354968,-0.79606444
-0.013507865,-0.21147981
0.26579893,-0.80038023
-0.032595307,-0.0063919686
0.045082655,-0.70014817
0.22946204,-0.8091731
0.23840508,-0.8044172
-0.66198677,0.61866283
0.24266784,-0.80855304
-0.5466792,0.7220327
-0.5540262,0.72453445
0.24076495,-0.8093311
-0.63245374,0.65894055
0.2432209,-0.79776496
0.24794357,-0.8038181
-0.5478944,0.72934455
-0.7005797,0.5864302
-0.6936928,0.5900627
0.03630178,-0.6410488
-0.5746199,0.69470996
-0.6411473,0.65422004
-0.5922252,0.69747216
-0.03845773,0.08689691
-0.06916065,-0.108691216
-0.111220226,0.130676
-0.66977537,0.6284255
-0.70458066,0.539742
0.20270965,-0.7992399
-0.16857097,0.09939005
0.1931511,-0.8127118
-0.6865977,0.57880914
-0.6721624,0.6044841
0.23548672,-0.80294096
0.15147395,-0.8089231
0.25320393,-0.7976308
-0.56208426,0.71429884
0.20199059,-0.80877846
-0.014820774,-0.475301
0.21579945,-0.80116016
-0.580271,0.7059864
-0.70694506,0.5716894
0.0007860251,-0.74126095
-0.022941737,0.19218524
-0.54222643,0.7210678
-0.65015113,0.63741934
-0.55928063,0.7160863
-0.7000087,0.5839068
0.22880076,-0.8110179
-0.6810981,0.60238415
-0.6717616,0.6071204
-0.07732803,0.1632545
-0.53012264,0.58225477
-0.045448896,-0.10692946
0.23778608,-0.80891204
0.14852555,-0.7922903
0.18425554,-0.7925131
-0.5715274,0.7134653
0.102044635,-0.79100126
0.2255947,-0.811304
0.16817124,-0.8039733
0.23298062,-0.7992166
-0.68038744,0.6062269
-0.6586366,0.6377514
-0.02070804,0.18741643
0.15427072,-0.7905043
-0.11308003,0.06549945
-0.017056035,-0.11704833
-0.5486575,0.7269314
0.1905209,-0.8109749
-0.7117273,0.5427593
0.20052901,-0.8062727
0.14053231,-0.7691203
-0.5945389,0.70110655
0.08600349,-0.1466935
-0.64301187,0.6467012
0.023712384,0.058260575
0.2352909,-0.7958745
-0.68785506,0.57118636
0.2881833,-0.80279624
-0.6987803,0.58564574
0.18412808,-0.80257034
-0.5573593,0.7242279
0.10651682,-0.7745295
0.17265399,-0.80247647
-0.090106264,0.11711805
-0.013644871,-0.6299564
-0.6347289,0.6458083
0.29031757,-0.7972484
0.1553989,-0.7948841
0.013385642,0.05879807
0.20291488,-0.80803865
-0.69434744,0.5939434
0.17481698,-0.80381733
0.18926221,-0.7746989
-0.019635241,-0.29759642
0.061427597,-0.7182267
0.18240227,-0.792756
0.23754607,-0.8068536
0.24419451,-0.8055859
-0.5441966,0.7243026
-0.053017315,-0.047887597
0.25365707,-0.8027323
-0.54825926,0.7184735
-0.63389313,0.38815537
-0.4268694,0.427699
0.25945973,-0.80851054
0.23471095,-0.80675924
-0.67706144,0.6120111
-0.3950192,0.34257513
-0.12268098,0.08028663
-0.5282297,0.69674766
-0.5544565,0.72408307
0.2700786,-0.79474235
-0.6629246,0.6145701
0.23765439,-0.80512387
0.25093216,-0.81059515
-0.68483424,0.59444904
-0.68139786,0.6073477
-0.17845753,0.1736177
-0.53673714,0.7237939
-0.19957547,0.1733268
0.24921258,-0.80344415
0.24379243,-0.805584
0.2422272,-0.8083661
-0.08320441,0.04887032
-0.5514881,0.72353333
-0.69163686,0.600363
0.18675818,-0.8021003
-0.6739336,0.6087663
0.22428317,-0.8067692
-0.6714188,0.6202882
-0.6848408,0.6073843
-0.68276095,0.61033994
-0.6541264,0.6197426
0.25702178,-0.8074135
0.2546548,-0.80657023
-0.6965605,0.58777666
-0.023639593,-0.19941035
-0.10249418,0.1134272
-0.022092687,0.06721035
-0.6825952,0.57452714
0.19011064,-0.8031101
-0.040190205,-0.685395
-0.6610635,0.6190265
-0.012300429,-0.60330665
0.22605385,-0.8040079
-0.009199712,0.07125118
-0.015955444,0.0077442443
-0.5465186,0.72594875
0.1277586,-0.7722408
-0.6383248,0.6507352
0.13951655,-0.7960045
-0.6076532,0.6623221
-0.042864572,0.05944616
-0.037276596,0.055800032
-0.6543,0.39975417
-0.590258,0.6855034
0.04806662,-0.004653368
-0.7100777,0.5694217
-0.039394,-0.010101838
-0.70095193,0.5943114
0.21140891,-0.8138259
-0.6327101,0.65990037
0.25859767,-0.8040864
0.11524347,-0.792427
-0.62533325,0.63817495
-0.54615295,0.7220791
0.2581022,-0.80280036
-0.6277574,0.61942923
0.2523057,-0.8014155
0.23227265,-0.80772483
0.25173336,-0.8061455
-0.06404995,-0.2734372
-0.5567728,0.7279004
-0.3640765,0.46212783
-0.65355635,0.64066327
0.26829472,-0.79496896
-0.6647363,0.49853343
-0.08513774,0.0062557184
-0.13881971,0.12094202
-0.5894057,0.70124626
-0.6768666,0.610375
0.20825686,-0.77872866
-0.71191585,0.5468118
-0.69230366,0.59488547
0.1831516,-0.81286526
0.2369098,-0.8124783
0.23779923,-0.80259585
-0.66020167,0.63760084
0.11143859,-0.7777136
0.25055796,-0.80102277
-0.6977237,0.55457044
-0.71497405,0.56398624
0.07779947,-0.75079316
-0.2445427,0.27328306
-0.6861028,0.6119823
0.28648308,-0.79640543
0.23814823,-0.8009559
-0.6575961,0.60785097
0.247404,-0.8027435
0.20392983,-0.81586504
-0.12065046,0.17326342
-0.69583136,0.59491765
-0.6827086,0.5979391
0.25183964,-0.80641294
0.065021686,-0.7534522
-0.52424204,0.6733247
0.10851669,-0.80302715
-0.5495628,0.7210503
0.25443548,-0.8069921
-0.66953075,0.4791905
0.12531681,-0.80921644
-0.4004339,0.3499368
-0.09318113,-0.41206214
0.25165012,-0.8066299
-0.03672231,-0.07764071
-0.078249924,-0.25390702
-0.5485126,0.72201025
-0.5555124,0.72563344
-0.5151382,0.7112075
0.11568743,-0.79059654
-0.5465132,0.7246668
0.21630937,-0.81170547
0.25828558,-0.8018473
0.03133609,-0.750693
0.18490118,-0.8175323
0.2189489,-0.8096543
-0.6936412,0.5945969
0.24492131,-0.8067289
0.08028678,-0.770541
0.13344842,-0.78736573
-0.5487216,0.73049176
-0.69051504,0.5176371
-0.65778506,0.63233274
0.28661498,-0.791649
0.24814615,-0.8068633
0.25489247,-0.8075907
-0.5558949,0.7182199
-0.09874157,0.16961186
0.19963567,-0.80933684
-0.052448772,0.096411556
0.0672872,-0.7697519
0.23125093,-0.80337155
-0.71547604,0.5331377
-0.62538064,0.6728958
-0.62746984,0.6688027
0.24245179,-0.8086297
-0.5366205,0.69967955
0.058102995,-0.60683596
-0.23246425,0.12008446
0.2386185,-0.81389797
-0.6256663,0.44457808
-0.022160629,-0.30827
-0.6603317,0.63506764
0.06987601,-0.13694724
-0.52429223,0.4140435
0.04744765,-0.7225828
-0.07746788,-0.04178461
-0.0680339,0.085022464
0.18402779,-0.8129672
-0.6695296,0.62116486
-0.01385234,-0.5800097
-0.5584181,0.7159617
-0.6266633,0.6657218
-0.6836119,0.6117828
0.24552152,-0.80730796
-0.54177433,0.7235516
-0.0368959,-0.1605086
0.26128152,-0.80498576
-0.63500994,0.65357864
0.2704628,-0.8066018
-0.6644537,0.6352951
-0.6790669,0.6138779
-0.027009353,0.07288125
-0.5617996,0.71790695
-0.51949054,0.62451553
-0.14795783,0.15931402
0.30454177,-0.78606546
0.019857777,-0.7121187
-0.692252,0.4865735
-0.5447996,0.72779375
0.2038846,-0.80659616
-0.59726274,0.6778722
-0.034675054,-0.08715654
-0.6701923,0.6218634
-0.69524735,0.60159534
0.062423658,-0.75889724
-0.35882208,0.21578902
0.016740618,-0.044650562
0.16999571,-0.80530596
0.21960405,-0.8073675
0.19971474,-0.8139436
-0.6126189,0.67704546
-0.034167595,-0.09943977
-0.06581393,0.054925792
-0.6671658,0.62784404
0.20299752,-0.81724375
0.25081882,-0.8062366
-0.625517,0.6455123
-0.66611874,0.6212001
-0.030240776,-0.1013499
0.2681327,-0.80136067
-0.6886414,0.6012457
-0.68808347,0.60435724
0.0447199,-0.7016953
0.18164685,-0.80989033
-0.46683425,0.6183862
-0.5675011,0.7142833
0.17727268,-0.7954751
-0.0011075091,-0.014468779
0.24983239,-0.8046642
-0.68136185,0.6091704
-0.6473073,0.64440125
-0.058810048,-0.30968484
0.08586546,-0.7518996
0.17694357,-0.8187497
-0.71832585,0.54894483
-0.031671543,0.008221736
0.02856012,-0.34249356
0.13449056,-0.79750264
-0.2687839,0.2521712
-0.55170363,0.7246657
0.2475696,-0.8017484
-0.592374,0.6878663
0.23733237,-0.80490124
0.19121715,-0.79906976
-0.62966913,0.4498995
-0.53291106,0.7230165
-0.1745238,0.20351264
0.032373317,-0.20887585
-0.5834531,0.69528866
0.1364939,-0.78331363
-0.65012705,0.5937884
-0.03120588,-0.16180782
-0.668091,0.6241987
-0.6047528,0.4317766
0.25177044,-0.8110451
-0.57394904,0.7080423
0.265305,-0.80054784
0.010917281,-0.6965281
0.28292063,-0.801732
0.25753018,-0.7982967
0.26213107,-0.79989874
0.23169495,-0.8044198
0.044293053,-0.6304656
-0.6655374,0.6140657
0.22707874,-0.8088812
0.12820882,-0.79626286
-0.549313,0.7021593
-0.6606879,0.6301437
-0.69914925,0.56633514
0.2088548,-0.8140362
0.14974765,-0.8063165
-0.084261045,-0.022618212
-0.5442692,0.5490468
-0.64688337,0.6255206
0.24820751,-0.80146736
-0.6371392,0.5783084
0.20917334,-0.80351436
-0.71377873,0.555132
0.22377883,-0.805254
0.21026133,-0.79454535
-0.26134562,0.12346627
-0.52921057,0.72561836
-0.54312986,0.7111101
-0.55477744,0.7214435
-0.019013295,0.08468144
0.19652443,-0.8050319
0.23305663,-0.805328
-0.008081549,-0.57707185
0.24128711,-0.81307036
-0.65676713,0.6333001
-0.6446494,0.63420576
-0.5652196,0.7191398
-0.6762232,0.5638727
-0.68835986,0.6067624
0.045746002,-0.6786728
-0.09705748,0.062296912
-0.69644344,0.5889983
0.26868334,-0.79759747
-0.69292957,0.5789905
-0.684292,0.61264044
-0.6379924,0.650337
0.20596002,-0.8108088
-0.55399376,0.7179291
-0.68399346,0.60867816
-0.4257957,0.36096203
-0.7064847,0.5496496
-0.5600936,0.72134715
-0.12429257,0.18155348
-0.70813316,0.58556795
0.077264935,-0.74850184
-0.0072311275,-0.21478182
-0.7056095,0.5832833
0.23850285,-0.80071133
-0.07639976,-0.60649204
0.1775797,-0.81253856
-0.6328894,0.61486036
-0.15261629,0.24531607
-0.008792786,-0.007954418
-0.67821455,0.61064714
0.009597685,-0.5988372
-0.67773795,0.6071089
0.24705479,-0.80184585
-0.54112846,0.7270219
-0.029915009,0.032302737
-0.64875215,0.64685273
0.0037308438,0.09910015
0.23304293,-0.81241226
0.23755948,-0.807274
0.17481795,-0.8061911
-0.65349996,0.635234
-0.037952974,0.10277903
-0.70178765,0.4646518
-0.038604062,-0.022212049
0.015481363,0.07012613
-0.6917725,0.5858895
0.25429955,-0.8059378
0.26417044,-0.79879034
0.2359795,-0.7972571
0.2698589,-0.8052802
0.014021258,-0.4538408
-0.063392244,0.054254103
-0.19399445,0.26891488
0.042098176,-0.72506225
0.27599296,-0.7978445
-0.170981,0.18939877
-0.6969748,0.59519476
-0.66411096,0.6195227
0.00649503,-0.08447716
-0.69806254,0.57318515
0.2718227,-0.7985436
-0.54925895,0.72499967
-0.6778557,0.61437255
0.1634985,-0.7849032
-0.016231371,-0.04965305
-0.70721424,0.58477044
0.1730163,-0.7965035
-0.6766167,0.6107192
0.23807348,-0.80541205
-0.5790021,0.6828764
-0.10531678,0.12724099
0.25814894,-0.8052459
-0.6969842,0.53225726
-0.70631325,0.56965226
0.25593257,-0.80208284
0.2801433,-0.7985985
-0.64575326,0.58708936
-0.70799637,0.574596
-0.028604174,-0.0026552947
-0.59128857,0.69225365
-0.68415093,0.6071899
0.28864872,-0.796211
0.24268559,-0.8018853
0.27286872,-0.79922664
-0.6715013,0.6233225
-0.5471239,0.7253868
-0.06988295,0.09207384
0.28828013,-0.7998813
-0.6557691,0.63623047
-0.6659277,0.62907946
-0.64074427,0.64343834
-0.53299785,0.50778764
-0.66730946,0.6146946
-0.5687932,0.61766905
0.21616954,-0.81279474
-0.041249774,-0.0058058877
0.2820973,-0.8018558
-0.53719115,0.7271819
-0.70114285,0.54872656
0.057291247,-0.29431593
0.26724827,-0.8007231
-0.5821507,0.6905804
-0.60786897,0.67292184
-0.5465028,0.7300291
0.1560548,-0.7917929
-0.49386805,0.5716041
0.23161261,-0.8060431
-0.69760764,0.57098323
-0.7063648,0.5590593
-0.089715526,0.101671256
0.0035540275,-0.7366614
0.1674554,-0.804311
0.27894136,-0.7952378
-0.64689195,0.47462642
-0.59975725,0.6849791
-0.06857685,0.11867092
0.2659571,-0.8084135
-0.5469986,0.72844285
0.13352235,-0.78160894
-0.01104642,-0.5638946
-0.69128406,0.5849256
0.22750843,-0.80766773
0.26638877,-0.8019005
0.23649189,-0.81469834
-0.52729374,0.71848816
0.29847986,-0.7901405
-0.5412655,0.72892374
-0.6917997,0.58844864
-0.5650215,0.7047364
0.20324866,-0.75350094
0.085922055,-0.6496147
-0.19956584,0.29061797
-0.23704453,0.09779267
-0.59787744,0.6534087
0.11399019,-0.7807381
-0.5418976,0.7208307
0.080025606,-0.77370036
-0.7066486,0.5890972
0.26300952,-0.805904
-0.6629743,0.6287996
0.15055804,-0.61430573
-0.65363723,0.63610667
-0.0690607,0.100204185
0.20082377,-0.79484594
-0.6444424,0.52482635
0.113148294,-0.7736635
0.16297399,-0.79958963
0.22946152,-0.8046349
-0.6642327,0.6274199
0.2860343,-0.7954697
-0.70076793,0.55986357
-0.5337064,0.7297823
0.07208274,-0.51785487
-0.6817998,0.58822113
-0.54667443,0.714516
0.1534017,-0.8109172
-0.6888595,0.5906529
-0.6326863,0.65223706
-0.0071377135,0.10431749
-0.68032324,0.55306244
-0.57477057,0.7116972
0.21160884,-0.81739604
-0.67054224,0.60941595
0.034405302,0.035538267
-0.69671386,0.59377927
-0.6764113,0.6081608
0.22105005,-0.8070654
0.03300348,-0.6140876
-0.677253,0.61563426
0.17109415,-0.8115035
-0.53734744,0.71747804
0.046878636,-0.7355155
0.06447118,-0.397371
-0.46527112,0.62151694
-0.685121,0.5999189
-0.6419126,0.6483741
-0.6888621,0.6091957
-0.55156803,0.7296511
0.13993464,-0.7685892
0.26322386,-0.8061967
-0.7054635,0.54800767
0.08951643,-0.5785349
0.20764582,-0.8094352
-0.6438275,0.6537037
-0.046981327,0.07046991
0.04288763,-0.058717363
-0.115647554,-0.26907754
-0.34499842,0.30163693
-0.55609745,0.7227703
-0.6510332,0.6364958
0.22916049,-0.8052026
0.27905148,-0.8046304
-0.6876229,0.5978654
-0.2902171,0.18088478
-0.3919152,0.41885987
0.25045764,-0.80697894
0.02820204,-0.7269799
-0.019045126,0.023718653
-0.5465415,0.7237538
-0.5356699,0.7317453
0.21784124,-0.81441647
0.26420724,-0.8051809
-0.54906803,0.72434765
-0.055715147,0.06651469
-0.64470315,0.6407112
-0.631686,0.6560931
-0.60006756,0.6454656
0.0961458,-0.7781017
0.21078369,-0.8048692
0.24897808,-0.8073029
0.24369484,-0.80808526
0.26699522,-0.7997312
-0.50506383,0.6833739
-0.68328506,0.5970893
0.23729956,-0.80886847
-0.63431025,0.6515926
-0.57009465,0.699244
-0.1911476,0.2842234
-0.669933,0.6245475
0.23385823,-0.8064075
0.28604665,-0.7949151
-0.6651916,0.6318236
-0.068712644,0.007325516
0.04698641,-0.04762387
-0.23945634,0.24892494
0.1866032,-0.8143918
-0.6009074,0.6801285
-0.5534879,0.7220952
0.24121407,-0.80334187
-0.5847373,0.702934
0.27633247,-0.7989556
0.21457209,-0.8096649
0.27897698,-0.7965867
-0.5514568,0.7247692
-0.05924695,-0.053528924
0.23172297,-0.8051706
-0.31097877,0.26196715
-0.006829442,0.08620532
-0.142522,-0.39513153
0.0010241444,0.064488135
-0.6021753,0.50606376
-0.067511804,-0.10387528
0.04878195,-0.071115345
0.22807744,-0.8080358
0.005551001,0.029575171
0.16642068,-0.81327325
0.12135635,-0.7914467
0.20826367,-0.8059318
-0.6911371,0.60719335
-0.55992514,0.70895344
0.089416474,-0.76821643
-0.009341611,-0.33968392
-0.5966341,0.68850356
-0.6699837,0.60280347
0.2583682,-0.78034985
0.107941955,-0.7567421
0.2571836,-0.8060619
-0.558827,0.722787
0.13127719,-0.77434736
-0.65735453,0.5314442
-0.5971415,0.6939841
-0.12487117,0.13673635
-0.15935054,0.1522178
-0.68132365,0.60150445
-0.5812136,0.7029515
-0.1934435,0.29734093
-0.10140612,-0.56042385
-0.55199224,0.7213774
-0.6215255,0.679281
0.3073483,-0.7842815
-0.55157334,0.71720296
-0.55169314,0.7018283
0.1921504,-0.8169671
0.15348068,-0.8045474
-0.08674233,0.108023494
-0.6098086,0.6809724
-0.61946183,0.6786782
0.1367678,-0.7834631
0.20235479,-0.6671212
0.13844173,-0.63154733
0.24829236,-0.80149657
-0.28354132,0.16259551
-0.04639209,-0.07737082
-0.7101762,0.5155543
-0.50856805,0.70653033
-0.6671063,0.62053967
-0.68091136,0.5989074
0.25855815,-0.80909365
-0.040317323,0.014762899
0.27296385,-0.798386
-0.6717939,0.6154288
-0.024691604,-0.6497267
-0.6917249,0.46706682
0.29378265,-0.7937885
0.21672994,-0.81015486
0.2415712,-0.8039153
-0.34790215,0.18017425
-0.6759817,0.61394864
0.2987996,-0.7940648
-0.6658142,0.61143357
-0.6388187,0.63291264
0.28664625,-0.79160255
-0.5760376,0.7028144
-0.5464784,0.72642344
-0.6603665,0.63111025
-0.028489523,0.0943138
-0.59564775,0.695353
-0.53882277,0.7180673
0.22688702,-0.8083129
-0.19076607,0.20367031
0.18221398,-0.8033833
-0.049180314,-0.69293797
-0.51789427,0.33454394
-0.54707587,0.6996371
-0.5828406,0.6539481
0.09564315,-0.75978094
-0.62465364,0.65970623
0.23845269,-0.8020682
-0.047543548,-0.6743669
-0.5498403,0.7256607
0.27688274,-0.7996072
-0.5645288,0.7133784
-0.040084705,-0.11266555
-0.16240379,-0.083935134
-0.701095,0.57838666
-0.6823605,0.6095272
0.26977643,-0.7978133
0.13665429,-0.784582
-0.6809406,0.6098404
-0.5892395,0.6980387
-0.6845748,0.58698744
-0.22709124,0.27601904
0.12708725,-0.7819621
0.09842094,-0.77583545
0.24630913,-0.8047568
0.2634517,-0.8051671
-0.030209672,0.028071415
-0.07442281,0.103009515
-0.03571946,-0.29995552
-0.46817526,0.5633225
-0.54657155,0.7134626
0.24935156,-0.80817014
-0.6822797,0.608422
0.22386324,-0.81825393
0.23631033,-0.81424487
-0.6463763,0.6259285
-0.0908401,-0.57072854
-0.6655135,0.6244046
-0.63090134,0.6588524
0.27671993,-0.8001203
-0.71642923,0.55178523
-0.013565063,-0.28840348
0.21276101,-0.80802655
-0.54614437,0.7247429
-0.55580616,0.717809
-0.026434626,0.0725848
0.22975953,-0.8093277
-0.64770734,0.5534824
0.26180962,-0.8049186
-0.6961511,0.5892653
-0.0405907,0.070345566
0.091576524,-0.76864755
-0.69949806,0.486338
-0.6571977,0.55064094
0.23052438,-0.80654854
-0.020761153,-0.062135357
0.27179143,-0.8030683
0.19083361,-0.80826646
0.011059312,-0.023878558
-0.6904323,0.57672113
0.0014642269,-0.6522831
-0.5915418,0.6962984
-0.054583043,-0.13302872
-0.62180907,0.44809654
0.22733061,-0.79835397
0.2323998,-0.80602336
0.18875042,-0.8069075
-0.07330437,-0.16693209
0.23514616,-0.8129995
-0.5549852,0.72568935
0.21945682,-0.8118949
0.20639718,-0.80400395
-0.041424427,-0.62380695
-0.04218651,-0.3337654
0.008458641,-0.0955973
0.13514206,-0.8006367
-0.552835,0.72826713
0.23733552,-0.8107376
-0.70314825,0.573911
-0.6645579,0.43843955
0.2410688,-0.80583173
0.24938157,-0.80391526
-0.61688024,0.49651062
0.029308777,-0.4458165
-0.65462863,0.59603596
-0.55875367,0.7203968
-0.108856305,0.09881931
-0.7041463,0.5254794
-0.66620517,0.62519175
-0.6761417,0.6225676
-0.6813446,0.59512985
0.24324551,-0.8033237
-0.5540088,0.7244482
-0.08122726,-0.12179412
-0.6350723,0.65579623
-0.7252034,0.5445071
-0.65770775,0.63813674
-0.003648964,-0.3918589
-0.65726423,0.63378185
-0.5465648,0.7273059
0.25288212,-0.8041055
-0.6971345,0.5239037
-0.53105336,0.7267363
-0.6045958,0.626566
-0.69853485,0.5898759
0.11558701,-0.78618014
-0.22613952,0.3017302
0.17052187,-0.79464525
0.27650163,-0.7981049
-0.63614047,0.50475425
0.24332176,-0.80951893
0.22966073,-0.809943
0.13244715,-0.7849139
0.15900066,-0.79314333
0.13524865,-0.77594644
-0.7041673,0.5566363
-0.031663004,0.03337949
-0.65527636,0.6274294
-0.5443229,0.7316801
0.13958164,-0.77137035
0.12097023,-0.7894173
-0.060487933,-0.42943606
-0.02112395,0.08979712
0.265065,-0.79876447
0.17406753,-0.8107543
0.1878239,-0.8152103
-0.6657348,0.626937
-0.7059676,0.58968574
0.22450064,-0.8073009
-0.014577872,0.030437417
0.2728261,-0.7998526
0.14910144,-0.79714245
0.26113313,-0.8037702
0.23753567,-0.81398934
-0.55039626,0.7230839
0.031807754,-0.0039298357
0.065347545,-0.78833246
0.17528671,-0.80786854
-0.07309418,0.10088058
0.09793962,-0.7013088
0.11442686,-0.77677816
0.24485637,-0.8055126
0.1458336,-0.7973395
-0.57097805,0.34360704
0.30418083,-0.7959547
-0.14695582,0.11858986
-0.5898662,0.64426494
-0.59713984,0.68632406
0.26728478,-0.8028975
0.19809881,-0.8108157
0.24048255,-0.808596
0.04542422,-0.6963894
0.14273216,-0.7943825
-0.6584047,0.6367477
-0.65753675,0.63524646
-0.5516562,0.72445023
-0.24829811,0.09861354
-0.6832858,0.60539067
-0.6564158,0.6394372
0.17427447,-0.81731164
0.26807493,-0.8028406
0.0031836764,-0.671436
0.22098877,-0.8151144
-0.65317756,0.461866
-0.5512738,0.7247207
0.2174604,-0.8166409
-0.68850726,0.5584997
0.21289022,-0.8101995
-0.58224887,0.7074549
0.20537068,-0.81855613
0.15596502,-0.81555927
0.23882534,-0.80439955
0.23917192,-0.81008244
-0.5408692,0.72672766
0.18979806,-0.8091465
-0.3375034,0.26400867
0.22967024,-0.8144479
-0.0376812,0.06460829
-0.62215966,0.6648875
-0.571282,0.7140876
-0.69615215,0.5956963
-0.61138016,0.4986307
-0.06474156,-0.6140315
-0.19385014,0.22237767
0.26795495,-0.8042149
0.23708437,-0.8079519
0.1682092,-0.8067842
-0.02424289,-0.14570302
0.17833367,-0.8071493
-0.55823743,0.7141476
0.25787103,-0.7991717
-0.20110895,0.24599342
-0.6126347,0.67549753
0.18319397,-0.819114
-0.6855295,0.60516167
0.28632224,-0.79453856
-0.56056154,0.6922725
-0.5553221,0.71115637
-0.70769924,0.58108824
-0.68030316,0.61334586
0.30201572,-0.7886892
-0.6638481,0.62565804
-0.091680616,-0.009654255
0.23519051,-0.8083849
-0.68065035,0.6090202
-0.03949861,0.018411553
-0.05085537,0.04417849
-0.03774668,-0.04826788
-0.55112666,0.7260038
-0.5406225,0.72639966
-0.7155268,0.54496914
-0.55285335,0.7235098
-0.016771827,-0.13184412
0.25834373,-0.8027602
0.25996575,-0.805647
-0.6847298,0.57862294
0.2704576,-0.8024746
0.21790826,-0.81248385
-0.6896622,0.60361135
-0.66638184,0.60334456
-0.69035345,0.551439
0.12969257,-0.79917115
0.29830083,-0.7898255
-0.011428506,0.008984533
-0.005049307,0.038277086
0.050215706,-0.5338675
0.24432662,-0.8075683
-0.5595595,0.7211568
0.0656298,0.0022145861
-0.60672635,0.66817445
0.10801031,-0.7419353
0.12611122,-0.80220664
-0.70123,0.48144737
-0.04281559,0.035425473
0.24944033,-0.810269
-0.68137115,0.61142397
-0.7077108,0.51330847
0.15700415,-0.8162639
-0.045803536,-0.09808842
0.011725356,-0.7221171
-0.674869,0.6040828
-0.69852465,0.592723
0.22140163,-0.8064594
0.23890617,-0.80601084
0.17666572,-0.8100485
0.25545937,-0.8085307
-0.54903567,0.72242886
0.28369388,-0.80069256
-0.053283203,-0.1371968
-0.45272738,0.44543687
0.053669054,-0.72058463
-0.7035189,0.58039254
0.16044062,-0.7921647
-0.50465035,0.3625132
0.03907402,-0.4838678
0.24279642,-0.80358076
-0.08400885,0.07721425
0.23557484,-0.8081712
0.009141651,-0.72065586
-0.69592696,0.5811877
-0.6662854,0.6180419
-0.57295775,0.70097846
-0.65498054,0.543838
0.18042174,-0.8024135
0.28101647,-0.7979486
-0.56015617,0.7117219
-0.56922394,0.7154682
-0.6876695,0.5891653
0.20581721,-0.81007445
-0.054509092,-0.5443876
0.19648267,-0.81589186
-0.7055834,0.5263716
-0.5693183,0.70572484
0.03478416,-0.71526015
0.17484424,-0.7945186
-0.5748454,0.70323586
-0.6607826,0.6255305
-0.6078215,0.6779048
-0.6489153,0.62589735
-0.6929043,0.6012889
-0.32263088,0.23033284
-0.55221593,0.72031605
-0.6115223,0.56207573
-0.007614187,-0.7572115
-0.56065917,0.7087508
0.16076086,-0.8047216
-0.5414864,0.68751925
-0.6978009,0.5314937
-0.57964253,0.7114402
0.19314773,-0.813831
-0.103734344,0.101047575
-0.69487804,0.59013486
0.24794808,-0.80527514
-0.24354754,0.12742557
0.19480315,-0.7961056
-0.67465526,0.6010954
-0.62157786,0.66321623
-0.5660314,0.7192371
-0.5822007,0.7000809
-0.6622929,0.540568
-0.5318005,0.7267957
-0.33614817,0.41434893
-0.1971803,0.10580938
-0.5660548,0.70362043
-0.64093524,0.64813435
-0.6262428,0.66745543
-0.008779972,-0.15679158
-0.6196764,0.6701224
-0.23039146,0.28113878
0.24581462,-0.8062855
-0.62306464,0.66787595
-0.6787001,0.6023292
0.24140908,-0.7877395
0.0011573235,-0.6014958
-0.5578399,0.7250745
0.22877519,-0.8025144
0.15160742,-0.7821122
0.021519773,-0.7103026
0.21093541,-0.79955196
0.2338114,-0.8141247
-0.6252993,0.6671363
0.23411196,-0.80868083
-0.659387,0.5951785
-0.6533024,0.6398279
0.19500391,-0.7906676
-0.031583782,-0.36986625
-0.6350063,0.4596555
-0.020508314,0.056249887
-0.6883662,0.60203135
0.02170978,-0.67691284
-0.6552852,0.63903755
0.18406694,-0.8104999
-0.55483645,0.41043562
0.21633056,-0.81441224
-0.6808945,0.6039456
0.14993542,-0.80675375
-0.5787776,0.6254536
0.22055955,-0.80857825
0.27532104,-0.80298674
0.24271664,-0.8066717
0.12012686,-0.7888427
-0.6204165,0.6721492
0.26655298,-0.80088043
0.19677703,-0.8021668
0.22393367,-0.79699117
0.23918007,-0.8102955
-0.6010522,0.3891728
0.18239059,-0.8000022
0.16013835,-0.77569103
-0.09439808,-0.05183138
0.2298448,-0.8132603
0.0031712058,0.11166404
0.30972037,-0.78570306
-0.0070100646,0.03906466
-0.54746747,0.29018116
0.22047664,-0.8137282
-0.09794086,0.181647
-0.67928267,0.6053478
-0.6723538,0.6202342
-0.69395953,0.5854611
-0.09173616,0.0059647625
-0.54290694,0.72031647
0.22918013,-0.81432474
0.2582296,-0.79504746
-0.004341546,0.09566971
0.040662803,-0.13188897
-0.65378493,0.63471764
0.2315829,-0.80794996
-0.11564911,-0.12888491
0.26112175,-0.8059492
0.21898508,-0.8131836
0.26250696,-0.80230504
0.15236059,-0.81096244
-0.6096722,0.4934277
0.002225205,0.10274966
0.18113191,-0.8132777
0.014664675,-0.5550072
-0.7017229,0.59174216
0.009167293,-0.6627926
-0.64854527,0.6372363
0.101407416,-0.059512265
0.2304941,-0.81316185
0.2884137,-0.79412353
-0.6844391,0.6048561
-0.02157423,-0.6461394
-0.555015,0.72055155
-0.64537203,0.642089
-0.0032766892,-0.7065668
-0.72545236,0.51567996
-0.5532658,0.7230841
0.24278921,-0.8036356
-0.673016,0.62164545
-0.6577715,0.63548064
-0.5186283,0.49638197
0.1803776,-0.8036039
-0.7192774,0.53456753
-0.575345,0.66802794
0.21238239,-0.80768627
0.24687995,-0.8054456
-0.7148548,0.45233667
-0.5858275,0.68264884
0.25706834,-0.8072495
-0.59108216,0.70398194
-0.567639,0.7189924
-0.69577944,0.57144266
-0.58970547,0.6919487
-0.5524649,0.7207185
-0.6614866,0.62842864
-0.6988403,0.58636594
-0.5526452,0.7209004
-0.6243065,0.6514662
0.20486636,-0.80791056
-0.58853334,0.6848702
-0.070902504,0.03620593
0.2717681,-0.80449677
-0.6890923,0.60866356
0.18998106,-0.81297743
-0.6962257,0.49004596
-0.55816007,0.71659225
-0.5375032,0.73118025
-0.6543147,0.622716
0.29168975,-0.7944098
0.060204823,-0.09173965
0.21632917,-0.8042771
-0.59197116,0.6020876
0.22995114,-0.80715567
-0.59132516,0.6844478
0.12366601,-0.7931613
0.22516565,-0.8061262
-0.68726826,0.573946
-0.67035604,0.61920047
0.19663037,-0.80041564
0.08638782,-0.7649547
-0.5590061,0.7172305
-0.6914149,0.57882434
-0.6692623,0.62434304
0.24662773,-0.8002243
0.18537045,-0.8069757
-0.024445111,-0.09098101
0.0008033831,-0.0458249
-0.6834864,0.55586755
0.1577259,-0.7943266
0.25041443,-0.79764926
-0.5408251,0.7238054
-0.6571861,0.55472356
-0.58860034,0.41194606
-0.06917136,-0.11536501
-0.7027828,0.5791317
0.21722372,-0.8120808
-0.23185545,0.1868987
0.18778999,-0.79783773
-0.5111999,0.6171043
-0.024922458,-0.6004487
0.1650524,-0.78219223
0.2668674,-0.7938846
-0.65272605,0.5403378
0.28128117,-0.79614586
-0.63330156,0.6555252
0.20449392,-0.80874264
-0.6694405,0.6033571
-0.5608334,0.7161563
0.2745371,-0.80151796
0.18998212,-0.8150911
-0.60054404,0.68929785
-0.6238839,0.6696626
-0.6014468,0.40703276
-0.5271198,0.42127246
-0.63405174,0.661743
0.2818524,-0.7986174
0.23673433,-0.8126933
0.15784705,-0.7917794
0.22898397,-0.8165541
0.27225146,-0.8065453
-0.5510203,0.7246712
0.25270784,-0.8053524
-0.5619055,0.7126632
0.27950114,-0.8035585
-0.7113755,0.54397345
0.25993425,-0.7985754
0.1140941,-0.67128783
-0.026881823,-0.6239401
-0.6608082,0.6219118
0.16493662,-0.79953426
0.2865237,-0.7938417
-0.12614544,0.14894153
-0.49378616,0.48498917
-0.6249933,0.66331965
-0.6671253,0.621053
0.27604797,-0.8014574
0.25950322,-0.7886475
-0.04078206,-0.20384143
-0.551195,0.7212373
-0.55213845,0.7191101
-0.67923504,0.57268524
0.16074562,-0.79441786
0.26396644,-0.8012444
-0.6027523,0.6820653
-0.29172534,0.35577554
0.065961055,-0.7830097
0.24068469,-0.81163037
-0.7200735,0.51595324
-0.5857927,0.7005577
-0.15841103,-0.26502326
0.2300452,-0.81209254
0.26645938,-0.8061098
0.20620336,-0.79536456
-0.049450736,-0.186398
0.0427501,-0.43457827
-0.04042953,-0.29734877
-0.5261271,0.26373923
0.0200007,0.11311663
-0.0855795,0.19976594
0.17105272,-0.7975758
0.15996864,-0.79725266
0.048151392,-0.62963134
0.26675892,-0.8090387
-0.67433167,0.6022316
0.22321,-0.80741453
-0.15750304,-0.20201993
0.28189555,-0.7935352
-0.16672234,0.117557034
0.19855197,-0.81605864
-0.6991312,0.5892513
-0.5434132,0.72504145
-0.5215874,0.71540487
-0.70819604,0.5587969
-0.00014017201,-0.57327896
-0.67753166,0.60755736
-0.7160499,0.5245094
0.18710929,-0.8057345
0.23171903,-0.8064531
-0.009362174,-0.10961868
-0.7026517,0.52571267
0.15680856,-0.8159557
-0.658879,0.6347596
-0.67990094,0.48997164
-0.67049265,0.6154225
-0.55325186,0.7227908
0.20811076,-0.81429935
-0.16647673,0.22630501
0.18849213,-0.8057803
-0.54308623,0.7243687
-0.07403859,-0.09570837
-0.5638224,0.71540135
-0.6848496,0.5810773
-0.23728797,0.2845467
0.022317657,0.091524415
-0.6836158,0.54093194
-0.6365106,0.6553587
0.2818273,-0.7975098
-0.548624,0.72813946
0.27945164,-0.8015048
-0.46996397,0.4532203
0.2497299,-0.8089608
-0.12840547,0.11959989
0.21611336,-0.80656797
-0.68384546,0.6016183
-0.5546779,0.72393245
-0.697244,0.5833758
0.28813726,-0.7960138
-0.5727231,0.7157405
-0.06468835,0.060007006
-0.05185321,-0.2784322
0.14549284,-0.7913792
-0.6982211,0.58972716
-0.6992576,0.56512904
-0.5062205,0.4728299
-0.71855974,0.55646646
-0.7035178,0.5842493
-0.32553777,0.28287736
0.13122317,-0.7921983
-0.61549234,0.6580076
-0.54986995,0.70859987
-0.6462574,0.64916116
-0.67144185,0.5271184
-0.6355283,0.6567987
0.1395738,-0.7883016
0.0940521,-0.7184025
-0.08828186,0.12499822
-0.6877201,0.6038577
-0.052576885,-0.19626391
-0.68780464,0.60169363
-0.6809008,0.6186277
0.22426157,-0.80402565
0.02049856,-0.4544619
0.22143511,-0.8105575
-0.64286923,0.6364544
-0.066556,0.11801603
-0.5447673,0.726579
-0.65849614,0.6345687
-0.08145786,-0.43569708
-0.53712136,0.7261969
-0.16163725,0.14571697
-0.48337543,0.42627472
-0.1949868,0.22401343
-0.52488977,0.2832596
-0.69382215,0.55759525
0.26270682,-0.80220765
-0.5429695,0.72313315
-0.17937697,-0.027061524
-0.66096175,0.63408
0.22435173,-0.81310964
-0.64144284,0.6442588
-0.07627265,0.13149887
-0.63689774,0.6208606
-0.5735763,0.6945956
-0.13085105,0.146903
0.05594272,-0.56420374
0.24451965,-0.80317044
-0.5534561,0.72103333
0.23201343,-0.80676806
-0.16862509,0.12737232
-0.42330882,0.35907996
0.28104833,-0.7970732
0.18131633,-0.8145339
0.16116445,-0.8026426
0.19770098,-0.7989409
-0.12197358,0.21494204
0.23947567,-0.8088222
-0.5477266,0.7272929
0.120285265,-0.8005073
-0.34470168,0.25206798
-0.6994498,0.5864239
-0.55353594,0.7212578
-0.63664865,0.65801406
0.21743618,-0.8056685
0.06437011,-0.7470901
-0.6042431,0.6858589
0.028979188,-0.10594478
-0.5471026,0.7253662
0.15157144,-0.8112323
-0.020590877,-0.39506805
-0.10662739,-0.55327195
0.22746345,-0.8093135
0.23524363,-0.8101144
-0.54916704,0.7233553
-0.078517266,-0.06204515
0.25623587,-0.8039196
-0.64223367,0.6531752
-0.5451231,0.7278092
-0.008493966,-0.18704566
-0.056237318,-0.08836637
0.03900236,-0.6692367
-0.108528934,-0.2928891
-0.51722276,0.3131038
0.21587366,-0.80357957
-0.71457213,0.56174064
-0.5604106,0.70909864
-0.6905855,0.607574
0.25226268,-0.8051468
-0.0204787,-0.45648563
-0.071522,0.1459166
-0.6796755,0.6125188
0.21795347,-0.8001422
-0.37088266,0.31914014
0.06942821,-0.592276
-0.5369728,0.71644735
-0.69467753,0.5795931
0.12682545,-0.77182746
-0.5564558,0.7136985
0.2948216,-0.7968751
-0.4380256,0.40264413
-0.5852136,0.7091682
0.20478962,-0.8115348
-0.6737534,0.6226114
-0.6783629,0.6086354
-0.5874056,0.7038331
-0.63949436,0.6551504
-0.3484733,0.17680743
0.21727937,-0.80467516
-0.6871734,0.6031153
-0.05666394,0.052360814
-0.64535344,0.6249805
-0.016686805,-0.6957464
-0.017305298,-0.50259113
-0.6619684,0.62073207
0.16738887,-0.7924799
0.25482246,-0.8037372
0.23035164,-0.8010681
0.20259234,-0.81093603
-0.608914,0.6794443
0.19503863,-0.8047863
-0.0527623,0.06357693
-0.5205219,0.42091504
-0.5632299,0.43163702
-0.6269712,0.66702056
-0.45969808,0.32505682
-0.60832375,0.67618376
-0.7222254,0.53266025
-0.70465714,0.49531984
-0.68166447,0.606762
-0.54103583,0.7238092
0.15881516,-0.7916841
-0.5628857,0.71471703
0.25791517,-0.80672175
-0.70202255,0.58579236
-0.6043093,0.6220255
-0.58709073,0.6905151
-0.6844843,0.5824578
-0.604884,0.6587894
-0.7056011,0.5793913
0.22820964,-0.8086058
0.2592301,-0.80044353
-0.552328,0.7146632
0.23860164,-0.7991224
0.2237586,-0.80961674
-0.6884317,0.592823
0.119395286,-0.79618233
0.12074414,-0.7933479
0.012647404,-0.08580703
-0.06590392,0.08829861
0.22261463,-0.8120538
-0.26366448,0.27960998
-0.11279017,0.09252013
-0.015571909,-0.36498988
-0.64290816,0.6417752
0.14081778,-0.8080465
0.18216787,-0.8143259
-0.5692367,0.7049945
-0.69135684,0.58563
-0.17925964,0.2178348
-0.6787293,0.61476535
-0.5510634,0.728553
0.052170545,-0.6146994
-0.6284304,0.6568767
-0.68092966,0.59737414
0.00915862,0.023539014
0.16839714,-0.804632
-0.70009476,0.57988226
0.21518835,-0.80587476
-0.6671553,0.5137582
0.26853707,-0.8034636
0.026374504,-0.011324932
-0.060243387,0.1276594
-0.54858243,0.7293215
0.2638745,-0.8035272
-0.17391635,0.15615876
0.14275408,-0.4195482
-0.5420118,0.72661126
-0.5510986,0.72388965
-0.440563,0.43326864
0.2576256,-0.79962873
-0.6901323,0.48291647
-0.5679943,0.7167721
-0.5384367,0.72670615
0.21321131,-0.7915121
0.1857214,-0.76059216
-0.6765666,0.62054735
0.18542449,-0.802468
-0.5393375,0.7292227
0.011642799,-0.30273697
0.018106155,-0.70911777
-0.6978794,0.5541522
-0.68235356,0.6084602
-0.6243636,0.6447581
-0.6948399,0.59767246
-0.03582281,-0.012326594
0.20282581,-0.8056135
-0.6479834,0.64167124
-0.6667007,0.630668
-0.045685,0.11340432
0.002679934,0.05852467
-0.54625595,0.72087914
-0.6832645,0.593413
-0.55591166,0.71384823
-0.543561,0.4438649
0.0019743403,-0.11291115
0.119116485,-0.76779056
-0.5416286,0.71897256
-0.06901021,-0.060990293
-0.5492972,0.7214383
-0.5632224,0.72361314
-0.04480767,-0.5760656
-0.2402075,0.16194153
0.2977248,-0.79968286
-0.70117325,0.58753747
-0.18968286,0.2965045
0.19266345,-0.8153442
-0.55846965,0.7085674
-0.42994112,0.284586
-0.5416122,0.7250638
-0.54737425,0.72526664
0.010549139,-0.11978621
-0.715913,0.5633474
-0.60160166,0.45585322
-0.5442512,0.7271579
-0.036113992,-0.2123011
0.29100114,-0.7928142
-0.5516475,0.72112614
0.26115817,-0.8034032
-0.6066026,0.4936364
0.021576481,-0.014711592
-0.6415183,0.65578324
-0.15443975,0.13927837
-0.4769291,0.4762684
-0.70602214,0.51782984
-0.670107,0.6274906
0.25867033,-0.802173
-0.04342207,-0.14506641
-0.69999915,0.51507354
-0.05408722,0.009489782
-0.06900842,-0.104253955
-0.6333401,0.6337545
0.25301874,-0.81577516
0.23849191,-0.80452836
-0.09566756,0.1437495
0.14324936,-0.7587978
-0.7093841,0.5676125
-0.6794019,0.60587233
-0.6464294,0.65715295
0.25432166,-0.80616754
-0.69568485,0.5814432
0.14976119,-0.81290567
0.24884784,-0.8050527
0.2797306,-0.79368997
-0.52912766,0.716529
-0.054917518,0.066278934
0.28749615,-0.7976715
-0.55182385,0.72114617
0.2623094,-0.8063475
-0.649499,0.63275224
-0.052241456,0.14994118
-0.685153,0.48436972
-0.58843654,0.50455076
-0.61839825,0.649165
-0.007132335,0.07031466
-0.3099164,0.35707375
-0.6958366,0.58868885
-0.66274816,0.5700878
-0.5774543,0.6563534
0.24894461,-0.80936164
-0.13625093,-0.018209081
-0.5355961,0.72511816
-0.7080857,0.5573712
-0.59896874,0.6945215
-0.008025187,0.009134227
-0.6026783,0.68141836
-0.6213159,0.6598366
-0.57216865,0.71762395
-0.54006773,0.72630584
0.1740782,-0.80552834
0.00848341,-0.00984471
-0.65994346,0.63161075
-0.6955262,0.58853745
0.20701432,-0.81692356
0.2968589,-0.7927997
-0.66675484,0.61447906
-0.54133654,0.72485805
-0.66303134,0.5364106
-0.55435425,0.7209045
0.12782872,-0.796108
-0.44452208,0.39890745
-0.6162277,0.6696836
-0.694723,0.46013093
-0.7185986,0.52077717
-0.6657546,0.39392534
-0.5026013,0.41998965
-0.0017963646,-0.70257854
0.23228745,-0.80742264
0.017982405,0.04362753
-0.6773467,0.6094338
-0.03209532,-0.17238167
-0.08256873,0.029865984
-0.52791137,0.3616041
0.02549695,-0.02846216
-0.6995373,0.54641765
0.2060348,-0.8192337
0.1999134,-0.8041037
-0.12041799,0.17618687
-0.060961984,-0.28248936
-0.5835812,0.46103826
-0.06991122,0.05872818
0.22159997,-0.81049174
-0.6800193,0.6159437
-0.54279554,0.722351
-0.6787668,0.6164792
-0.7049199,0.49135834
-0.66253334,0.4324471
-0.68317664,0.6045723
-0.07138687,0.0035200487
-0.57669,0.70088965
-0.5947291,0.42694455
-0.585331,0.70235974
-0.5544751,0.71766025
-0.57053673,0.7158969
0.0050949417,-0.7213141
-0.70962465,0.56710726
-0.30435222,0.30160248
-0.016574996,-0.044778764
-0.54881746,0.7233574
-0.03684133,-0.6530663
0.23444271,-0.8046076
-0.010654707,0.08050397
-0.056136962,-0.041104175
0.12750992,-0.7847828
-0.14713137,0.13223591
-0.6914762,0.59841967
-0.019041782,-0.038977467
0.14424811,-0.7909965
0.014552854,0.05740842
0.23799632,-0.8144884
0.25715092,-0.80370224
0.17969531,-0.80178016
-0.59025306,0.7031112
-0.55034614,0.72248864
-0.7011237,0.5719888
0.2763667,-0.8030435
0.22136961,-0.8148883
0.05507343,-0.25190452
-0.6915003,0.59492433
0.1747422,-0.79865843
0.050723303,-0.14982642
-0.17970517,0.15610854
-0.075374834,-0.12910208
-0.54414886,0.72631365
0.19763961,-0.80376494
0.09790087,-0.7959607
-0.1413254,-0.07469369
0.09660669,0.059516
-0.066091396,0.0506115
-0.55865425,0.7187098
-0.7049471,0.55308455
-0.61769766,0.45826927
-0.5402635,0.7226543
-0.55087966,0.72715473
0.2659183,-0.7994781
-0.6603153,0.6273405
-0.6513971,0.6336997
-0.047262356,0.12657985
0.2819635,-0.7960693
0.23917672,-0.80167556
-0.21568319,0.14337443
-0.5471865,0.7188661
-0.7086939,0.572371
0.06654111,-0.6495195
-0.6643203,0.62634605
-0.70164305,0.53988206
-0.6691762,0.6193765
-0.68751246,0.6009295
0.21043797,-0.7961366
-0.0064975256,0.10119871
-0.546702,0.7263682
-0.5914623,0.70036155
-0.62300414,0.66243774
-0.73071015,0.51718163
-0.64425296,0.63563067
0.032450795,-0.4256194
-0.66104704,0.62212855
-0.12505136,0.17774892
0.18376133,-0.80544907
-0.06328233,-0.34416595
-0.07211178,-0.007313179
-0.68952894,0.5172148
-0.6677455,0.54592544
-0.025005838,-0.60019386
-0.5458703,0.7277366
-0.5379359,0.72511655
-0.11270915,0.027566178
0.17945158,-0.8090901
-0.019954592,-0.117285185
-0.06553314,-0.1649228
-0.65261877,0.6395181
-0.68166524,0.55417717
0.054720014,-0.75778747
-0.609745,0.4748334
-0.048245545,0.091418825
-0.66064584,0.50470716
0.19313684,-0.80691797
-0.56926715,0.6334314
-0.54876864,0.7196647
-0.53055024,0.7216026
0.050490316,-0.7373075
-0.5437823,0.468939
0.027785188,-0.64085823
0.22833097,-0.81150514
-0.7322362,0.5452839
-0.5390946,0.72821045
-0.543235,0.7209032
0.024701536,-0.17423068
-0.707902,0.50088793
-0.6661255,0.48661783
-0.54613096,0.7221255
-0.6653916,0.62285715
0.007100442,-0.5489704
-0.0029518218,0.08864552
0.16274557,-0.79272676
-0.07532343,0.0988493
0.020458303,-0.6980244
-0.72999644,0.4777615
-0.6083333,0.69100446
-0.68845195,0.59260803
-0.6791074,0.61550325
0.2542317,-0.8098323
0.2749371,-0.79669386
-0.56462425,0.7164639
-0.07788141,0.05165491
-0.048544995,0.05044639
-0.09087221,0.16025835
-0.6038096,0.60063016
-0.71504444,0.5310324
0.097344115,-0.80335045
-0.057917804,-0.1765531
-0.5436405,0.7308181
-0.68955046,0.6100352
-0.6282423,0.66581655
-0.029604604,0.07715163
-0.7150956,0.5529609
-0.09656693,-0.12065435
-0.5361775,0.71732837
-0.033050943,0.07647848
-0.6740829,0.45926347
0.0141448425,-0.7269256
-0.40936193,0.4962514
0.24443278,-0.80344087
-0.7000484,0.59029186
-0.55311334,0.7219075
-0.6333836,0.6565762
-0.025213832,-0.69438267
-0.11693722,0.044952244
-0.6898728,0.5258734
0.02998568,-0.20581864
-0.6681672,0.61524284
-0.034356087,-0.26754037
-0.47865653,0.57943404
0.24521275,-0.80807245
-0.6763836,0.6169549
-0.6836995,0.6112223
-0.5518186,0.7211648
-0.72269183,0.51372087
-0.5448138,0.729028
-0.6864554,0.59841573
0.008687119,-0.6764553
0.2948191,-0.7941269
-0.4692501,0.45014378
-0.5486606,0.72370696
-0.074614145,0.10702516
-0.6228873,0.63765305
-0.7031613,0.55187976
-0.6403933,0.5403084
0.07848757,-0.76637584
-0.5474695,0.7204698
-0.66331285,0.6317271
-0.32753104,0.28005102
-0.5880222,0.68281615
-0.6863558,0.581548
-0.6593917,0.63419545
-0.58529264,0.69992155
-0.55865866,0.72097766
-0.5654421,0.3478392
-0.5411887,0.72358996
-0.5447735,0.72567904
0.047991093,-0.25768158
0.19792268,-0.8105722
-0.6292862,0.65880996
-0.08810819,-0.15787366
0.057952326,0.0070243864
-0.5985469,0.42654908
0.02902222,-0.028735463
-0.6813311,0.60731596
0.20852439,-0.8009543
-0.6188743,0.6481387
-0.014863118,-0.049903933
-0.49070296,0.56118345
0.123744674,-0.7956178
-0.67587787,0.609372
-0.69526935,0.5955017
-0.06293929,0.06661948
-0.65187764,0.59007764
-0.009063831,0.030130463
-0.5254096,0.35452047
-0.70977324,0.49666464
-0.60746855,0.67523825
-0.5515366,0.7301697
0.21788973,-0.8125203
-0.6877505,0.6002773
-0.044228658,0.08899526
-0.5443431,0.72183484
0.19665256,-0.8115318
